order_id,order_date,store_id,product_id,product_name,category,quantity,unit_price,region
ORD-03419,2026-07-01,ST-003,SKU-BE-004,Hand Cream 100ml,Beauty,3,1.99,East
ORD-02728,2026-06-06,ST-009,SKU-TY-001,Wooden Puzzle Set,Toys,2,7.99,East
ORD-02012,2026-05-10,ST-006,SKU-TY-003,Plush Bear Medium,Toys,5,6.49,North
ORD-01657,2026-04-28,ST-017,SKU-HM-003,Cotton Bedsheet Set,Home,2,14.99,West
ORD-04504,2026-08-07,ST-018,SKU-AP-005,Rain Jacket,Apparel,1,18.99,North
ORD-03759,2026-07-12,ST-014,SKU-GR-004,Whole Wheat Pasta 1kg,Grocery,1,1.99,Central
ORD-01283,2026-04-14,ST-024,SKU-GR-001,Organic Almonds 500g,Grocery,2,6.49,West
ORD-04981,2026-08-24,ST-020,SKU-AP-003,Denim Jacket,Apparel,2,23.99,Central
ORD-03490,2026-07-03,ST-014,SKU-HM-003,Cotton Bedsheet Set,Home,4,14.99,South
ORD-00366,2026-03-13,ST-015,SKU-EL-005,Smartwatch Band,Electronics,2,7.99,West
ORD-00371,2026-03-13,ST-013,SKU-AP-003,Denim Jacket,Apparel,1,23.99,East
ORD-00793,2026-03-28,ST-022,SKU-BE-003,Shampoo 400ml,Beauty,4,3.49,West
ORD-04527,2026-08-08,ST-015,SKU-AP-005,Rain Jacket,Apparel,3,18.99,North
ORD-04552,2026-08-09,ST-016,SKU-BE-002,Sunscreen SPF 50,Beauty,2,5.49,Central
ORD-01807,2026-05-03,ST-020,SKU-GR-002,Green Tea Box 25pk,Grocery,1,2.49,Central
ORD-01383,2026-04-18,ST-020,SKU-GR-004,Whole Wheat Pasta 1kg,Grocery,-3,1.99,East
ORD-04992,2026-08-24,ST-004,SKU-BE-001,Aloe Vera Gel 200ml,Beauty,5,2.49,East
ORD-03172,2026-06-22,ST-018,SKU-HM-002,LED Desk Lamp,Home,1,11.99,North
ORD-02706,2026-06-05,ST-017,SKU-TY-003,Plush Bear Medium,Toys,3,6.49,West
ORD-01834,2026-05-04,ST-020,SKU-AP-005,Rain Jacket,Apparel,1,18.99,West
ORD-03652,2026-07-09,ST-001,SKU-TY-004,Board Game Family Pack,Toys,5,14.99,East
ORD-04683,2026-08-14,ST-002,SKU-BE-001,Aloe Vera Gel 200ml,Beauty,1,2.49,Central
ORD-01214,2026-04-12,ST-016,SKU-GR-005,Dark Chocolate Bar,Grocery,1,1.79,East
ORD-01516,2026-04-23,ST-010,SKU-TY-004,Board Game Family Pack,Toys,,14.99,North
ORD-04639,2026-08-12,ST-021,SKU-TY-002,Building Blocks 100pc,Toys,1,12.99,North
ORD-04073,2026-07-22,ST-024,SKU-TY-005,Remote Control Car,Toys,5,16.99,East
ORD-04636,2026-08-12,ST-008,SKU-AP-003,Denim Jacket,Apparel,2,23.99,West
ORD-02037,2026-05-11,ST-018,SKU-EL-001,Wireless Earbuds,Electronics,1,18.49,West
ORD-02501,2026-05-28,ST-019,SKU-EL-004,Power Bank 10000mAh,Electronics,5,12.99,West
ORD-03390,2026-06-30,ST-004,SKU-HM-005,Storage Basket Set,Home,5,6.99,Central
ORD-01252,2026-04-13,ST-008,SKU-EL-005,Smartwatch Band,Electronics,1,7.99,South
ORD-00982,2026-04-03,ST-003,SKU-HM-005,Storage Basket Set,Home,2,6.99,South
ORD-03682,2026-07-10,ST-013,SKU-BE-005,Lip Balm Pack of 3,Beauty,4,1.49,South
ORD-00442,2026-03-16,ST-009,SKU-EL-004,Power Bank 10000mAh,Electronics,2,12.99,Central
ORD-02890,2026-06-12,ST-002,SKU-AP-002,Running Shoes,Apparel,2,29.99,South
ORD-04317,2026-07-31,ST-015,SKU-AP-002,Running Shoes,Apparel,1,29.99,East
ORD-04725,2026-08-15,ST-011,SKU-BE-001,Aloe Vera Gel 200ml,Beauty,1,2.49,East
ORD-01315,2026-04-15,ST-020,SKU-EL-005,Smartwatch Band,Electronics,1,7.99,North
ORD-01193,2026-04-11,ST-006,SKU-TY-003,Plush Bear Medium,Toys,1,6.49,North
ORD-03864,2026-07-16,ST-016,SKU-AP-001,Cotton T-Shirt,Apparel,1,,South
ORD-01406,2026-04-19,ST-012,SKU-EL-001,Wireless Earbuds,Electronics,3,18.49,West
ORD-04640,2026-08-12,ST-019,SKU-EL-001,Wireless Earbuds,Electronics,1,18.49,Central
ORD-04185,2026-07-26,ST-023,SKU-AP-004,Wool Socks 3-pack,Apparel,1,3.49,East
ORD-04322,2026-08-01,ST-013,SKU-TY-003,Plush Bear Medium,Toys,1,6.49,Central
ORD-03769,2026-07-13,ST-010,SKU-GR-004,Whole Wheat Pasta 1kg,Grocery,4,1.99,East
ORD-00480,2026-03-17,ST-015,SKU-EL-002,USB-C Charger 30W,Electronics,3,8.99,Central
ORD-00149,2026-03-06,ST-023,SKU-TY-003,Plush Bear Medium,Toys,4,6.49,Central
ORD-02557,2026-05-31,ST-012,SKU-HM-003,Cotton Bedsheet Set,Home,2,14.99,East
ORD-04965,2026-08-23,ST-017,SKU-AP-003,Denim Jacket,Apparel,2,23.99,South
ORD-04093,2026-07-23,ST-019,SKU-TY-002,Building Blocks 100pc,Toys,2,12.99,East
ORD-03010,2026-06-16,ST-018,SKU-TY-004,Board Game Family Pack,Toys,5,14.99,South
ORD-00107,2026-03-04,ST-002,SKU-AP-005,Rain Jacket,Apparel,4,18.99,North
ORD-01004,2026-04-04,ST-017,SKU-BE-005,Lip Balm Pack of 3,Beauty,3,1.49,South
ORD-03362,2026-06-29,ST-006,SKU-BE-005,Lip Balm Pack of 3,Beauty,4,1.49,Central
ORD-04746,2026-08-16,ST-013,SKU-TY-005,Remote Control Car,Toys,1,16.99,East
ORD-00320,2026-03-11,ST-002,SKU-TY-005,Remote Control Car,Toys,2,16.99,Central
ORD-01679,2026-04-29,ST-005,SKU-ST-003,Desk Organizer,Stationery,5,5.99,Central
ORD-00848,2026-03-30,ST-021,SKU-GR-005,Dark Chocolate Bar,Grocery,3,1.79,Central
ORD-01556,2026-04-25,ST-002,SKU-AP-004,Wool Socks 3-pack,Apparel,1,3.49,West
ORD-02285,2026-05-21,ST-012,SKU-AP-001,Cotton T-Shirt,Apparel,5,4.99,East
ORD-02259,2026-05-20,ST-011,SKU-AP-003,Denim Jacket,Apparel,1,23.99,South
ORD-01973,2026-05-09,ST-013,SKU-AP-003,Denim Jacket,Apparel,3,23.99,East
ORD-04154,2026-07-25,ST-024,SKU-TY-003,Plush Bear Medium,Toys,2,,North
ORD-03802,2026-07-14,ST-003,SKU-EL-002,USB-C Charger 30W,Electronics,5,8.99,East
ORD-00393,2026-03-14,ST-006,SKU-GR-005,Dark Chocolate Bar,Grocery,1,1.79,Central
ORD-01128,2026-04-08,ST-006,SKU-GR-002,Green Tea Box 25pk,Grocery,1,2.49,West
ORD-02839,2026-06-10,ST-024,SKU-HM-001,Ceramic Mug Set,Home,2,5.99,West
ORD-03179,2026-06-22,ST-002,SKU-TY-003,Plush Bear Medium,Toys,2,6.49,Central
ORD-04002,2026-07-20,ST-013,SKU-GR-005,Dark Chocolate Bar,Grocery,1,1.79,West
ORD-04539,2026-08-09,ST-012,SKU-BE-004,Hand Cream 100ml,Beauty,4,1.99,North
ORD-01161,2026-04-10,ST-005,SKU-ST-004,Sticky Notes Set,Stationery,1,0.99,North
ORD-02641,2026-06-03,ST-018,SKU-HM-003,Cotton Bedsheet Set,Home,3,14.99,West
ORD-03565,2026-07-06,ST-008,SKU-ST-003,Desk Organizer,Stationery,2,5.99,Central
ORD-00623,2026-03-22,ST-015,SKU-AP-005,Rain Jacket,Apparel,4,18.99,West
ORD-02694,2026-06-05,ST-002,SKU-TY-004,Board Game Family Pack,Toys,2,14.99,Central
ORD-05072,2026/08/26,ST-014,SKU-GR-003,Extra Virgin Olive Oil 1L,Grocery,3,8.99,Central
ORD-01311,2026-04-15,ST-019,SKU-BE-002,Sunscreen SPF 50,Beauty,1,5.49,South
ORD-00551,2026-03-20,ST-013,SKU-HM-004,Non-stick Pan 24cm,Home,3,9.99,West
ORD-03532,2026-07-05,ST-005,SKU-ST-001,Notebook A5 Ruled,Stationery,4,1.29,South
ORD-03917,2026-07-17,ST-009,SKU-HM-003,Cotton Bedsheet Set,Home,5,14.99,Central
ORD-04203,2026-07-27,ST-018,SKU-TY-003,Plush Bear Medium,Toys,2,6.49,Central
ORD-04698,2026-08-14,ST-005,SKU-ST-004,Sticky Notes Set,Stationery,1,0.99,West
ORD-01091,2026-04-07,ST-004,SKU-EL-004,Power Bank 10000mAh,Electronics,3,12.99,West
ORD-04820,2026-08-18,ST-020,SKU-AP-001,Cotton T-Shirt,Apparel,1,4.99,South
ORD-03314,2026-06-27,ST-021,SKU-BE-005,Lip Balm Pack of 3,Beauty,4,1.49,North
ORD-02940,2026-06-13,ST-003,SKU-HM-003,Cotton Bedsheet Set,Home,1,14.99,Central
ORD-02451,2026-05-26,ST-014,SKU-GR-002,Green Tea Box 25pk,Grocery,2,2.49,South
ORD-04726,2026-08-15,ST-002,SKU-HM-004,Non-stick Pan 24cm,Home,2,9.99,East
ORD-01403,2026-04-19,ST-002,SKU-EL-001,Wireless Earbuds,Electronics,1,18.49,West
ORD-01313,2026-04-15,ST-004,SKU-ST-001,Notebook A5 Ruled,Stationery,2,1.29,North
ORD-01880,2026-05-06,ST-009,SKU-GR-003,Extra Virgin Olive Oil 1L,Grocery,1,8.99,West
ORD-02879,2026-06-12,ST-016,SKU-ST-004,Sticky Notes Set,Stationery,1,0.99,West
ORD-02667,2026-06-04,ST-001,SKU-ST-002,Gel Pen Pack of 10,Stationery,3,1.49,South
ORD-02720,2026-06-06,ST-003,SKU-EL-002,USB-C Charger 30W,Electronics,2,8.99,East
ORD-03386,2026-06-29,ST-009,SKU-ST-003,Desk Organizer,Stationery,1,5.99,North
ORD-01785,2026-05-02,ST-008,SKU-GR-002,Green Tea Box 25pk,Grocery,2,2.49,West
ORD-04818,2026-08-18,ST-004,SKU-ST-002,Gel Pen Pack of 10,Stationery,4,1.49,South
ORD-03284,2026-06-26,ST-003,SKU-TY-004,Board Game Family Pack,Toys,1,14.99,South
ORD-01174,2026-04-10,ST-017,SKU-HM-001,Ceramic Mug Set,Home,1,5.99,East
ORD-03626,2026-07-08,ST-009,SKU-HM-001,Ceramic Mug Set,Home,2,5.99,West
ORD-00930,2026-04-01,ST-003,SKU-HM-005,Storage Basket Set,Home,,6.99,East
ORD-04300,2026-07-31,ST-009,SKU-BE-003,Shampoo 400ml,Beauty,3,3.49,West
ORD-02583,2026-06-01,ST-017,SKU-HM-001,Ceramic Mug Set,Home,4,5.99,Central
ORD-02934,2026-06-13,ST-002,SKU-TY-001,Wooden Puzzle Set,Toys,1,7.99,West
ORD-04348,2026-08-02,ST-006,SKU-EL-002,USB-C Charger 30W,Electronics,3,8.99,Central
ORD-04524,2026-08-08,ST-022,SKU-GR-005,Dark Chocolate Bar,Grocery,1,1.79,Central
ORD-04211,2026-07-27,ST-021,SKU-TY-005,Remote Control Car,Toys,1,16.99,Central
ORD-01249,2026-04-13,ST-021,SKU-EL-004,Power Bank 10000mAh,Electronics,4,12.99,North
ORD-01890,2026-05-06,ST-002,SKU-AP-003,Denim Jacket,Apparel,2,23.99,South
ORD-01435,2026-04-20,ST-008,SKU-TY-001,Wooden Puzzle Set,Toys,1,7.99,South
ORD-02379,2026-05-24,ST-013,SKU-BE-003,Shampoo 400ml,Beauty,1,3.49,North
ORD-00903,2026-03-31,ST-017,SKU-BE-003,Shampoo 400ml,Beauty,3,3.49,North
ORD-01377,2026-04-18,ST-022,SKU-EL-001,Wireless Earbuds,Electronics,2,18.49,North
ORD-01763,2026-05-02,ST-001,SKU-BE-005,Lip Balm Pack of 3,Beauty,3,1.49,West
ORD-00384,2026-03-14,ST-018,SKU-HM-004,Non-stick Pan 24cm,Home,1,9.99,Central
ORD-02782,2026-06-08,ST-007,SKU-BE-003,Shampoo 400ml,Beauty,1,3.49,North
ORD-04984,2026-08-24,ST-002,SKU-TY-003,Plush Bear Medium,Toys,4,6.49,North
ORD-02738,2026-06-06,ST-018,SKU-TY-001,Wooden Puzzle Set,Toys,2,7.99,North
ORD-00067,2026-03-02,ST-006,SKU-ST-002,Gel Pen Pack of 10,Stationery,1,1.49,North
ORD-01817,2026-05-04,ST-020,SKU-ST-001,Notebook A5 Ruled,Stationery,4,1.29,East
ORD-04338,2026-08-01,ST-008,SKU-BE-003,Shampoo 400ml,Beauty,2,3.49,East
ORD-04409,2026-08-04,ST-001,SKU-TY-004,Board Game Family Pack,Toys,1,14.99,East
ORD-00036,2026-03-02,ST-022,SKU-HM-004,Non-stick Pan 24cm,Home,1,9.99,North
ORD-01508,2026-04-23,ST-023,SKU-AP-004,Wool Socks 3-pack,Apparel,1,3.49,East
ORD-02401,2026-05-25,ST-009,SKU-AP-002,Running Shoes,Apparel,3,29.99,West
ORD-01969,2026-05-09,ST-022,SKU-ST-003,Desk Organizer,Stationery,1,5.99,West
ORD-00708,2026-03-25,ST-023,SKU-AP-004,Wool Socks 3-pack,Apparel,5,3.49,Central
ORD-00027,2026-03-01,ST-021,SKU-EL-001,Wireless Earbuds,Electronics,4,18.49,North
ORD-01878,2026-05-06,ST-010,SKU-TY-002,Building Blocks 100pc,Toys,1,12.99,Central
ORD-04897,2026-08-21,ST-018,SKU-BE-004,Hand Cream 100ml,Beauty,2,1.99,Central
ORD-00427,2026-03-15,ST-018,SKU-TY-002,Building Blocks 100pc,Toys,1,12.99,East
ORD-00779,2026-03-28,ST-020,SKU-HM-004,Non-stick Pan 24cm,Home,2,9.99,North
ORD-03694,2026-07-11,ST-009,SKU-GR-001,Organic Almonds 500g,Grocery,1,6.49,East
ORD-02212,2026-05-18,ST-005,SKU-TY-001,Wooden Puzzle Set,Toys,3,7.99,South
ORD-04446,2026-08-05,ST-002,SKU-GR-001,Organic Almonds 500g,Grocery,1,6.49,East
ORD-00575,2026-03-20,ST-022,SKU-HM-005,Storage Basket Set,Home,1,6.99,West
ORD-01641,2026-04-27,ST-012,SKU-BE-002,Sunscreen SPF 50,Beauty,4,5.49,North
ORD-01077,2026-04-06,ST-008,SKU-ST-002,Gel Pen Pack of 10,Stationery,1,1.49,Central
ORD-01481,2026-04-22,ST-002,SKU-AP-003,Denim Jacket,Apparel,2,23.99,East
ORD-00054,2026-03-02,ST-008,SKU-HM-004,Non-stick Pan 24cm,Home,1,9.99,South
ORD-02028,2026-05-11,ST-006,SKU-GR-005,,Grocery,3,1.79,North
ORD-03323,2026-06-27,ST-019,SKU-BE-004,Hand Cream 100ml,Beauty,5,1.99,West
ORD-02136,2026-05-15,ST-021,SKU-GR-003,Extra Virgin Olive Oil 1L,Grocery,5,8.99,North
ORD-04767,2026-08-16,ST-022,SKU-EL-004,Power Bank 10000mAh,Electronics,1,12.99,West
ORD-02298,2026-05-21,ST-005,SKU-HM-003,Cotton Bedsheet Set,Home,3,14.99,Central
ORD-01546,2026-04-24,ST-006,SKU-BE-004,Hand Cream 100ml,Beauty,1,1.99,East
ORD-00956,2026-04-02,ST-011,SKU-AP-005,Rain Jacket,Apparel,4,18.99,East
ORD-00117,2026-03-04,ST-009,SKU-BE-005,Lip Balm Pack of 3,Beauty,3,1.49,North
ORD-04901,2026-08-21,ST-016,SKU-AP-002,Running Shoes,Apparel,5,29.99,South
ORD-04697,2026-08-14,ST-018,SKU-GR-003,Extra Virgin Olive Oil 1L,Grocery,4,8.99,South
ORD-04769,2026-08-16,ST-022,SKU-EL-003,Bluetooth Speaker,Electronics,1,24.99,South
ORD-02005,2026-05-10,ST-008,SKU-EL-003,Bluetooth Speaker,Electronics,1,24.99,South
ORD-02968,2026-06-15,ST-006,SKU-HM-004,Non-stick Pan 24cm,Home,2,9.99,North
ORD-01326,2026-04-16,ST-023,SKU-AP-001,Cotton T-Shirt,Apparel,1,4.99,North
ORD-01591,2026-04-26,ST-018,SKU-HM-002,LED Desk Lamp,Home,1,11.99,South
ORD-00555,2026-03-20,ST-013,SKU-TY-004,Board Game Family Pack,Toys,2,14.99,West
ORD-01836,2026-05-04,ST-007,SKU-GR-001,Organic Almonds 500g,Grocery,1,6.49,West
ORD-03469,2026-07-03,ST-015,SKU-ST-001,Notebook A5 Ruled,Stationery,1,1.29,East
ORD-02869,2026-06-11,ST-020,SKU-TY-003,Plush Bear Medium,Toys,5,6.49,East
ORD-02278,2026-05-21,ST-004,SKU-ST-001,Notebook A5 Ruled,Stationery,1,1.29,East
ORD-01267,2026-04-14,ST-008,SKU-BE-003,Shampoo 400ml,Beauty,1,3.49,South
ORD-01110,2026-04-08,ST-004,SKU-GR-003,Extra Virgin Olive Oil 1L,Grocery,3,8.99,North
ORD-03144,2026-06-21,ST-009,SKU-BE-005,Lip Balm Pack of 3,Beauty,4,1.49,Central
ORD-01281,2026-04-14,ST-001,SKU-TY-003,Plush Bear Medium,Toys,2,6.49,Central
ORD-00959,2026-04-02,ST-015,SKU-HM-002,LED Desk Lamp,Home,1,11.99,East
ORD-01652,2026-04-28,ST-018,SKU-ST-004,Sticky Notes Set,Stationery,1,0.99,North
ORD-03633,2026-07-08,ST-019,SKU-AP-002,Running Shoes,Apparel,4,29.99,North
ORD-00699,2026-03-25,ST-016,SKU-ST-003,Desk Organizer,Stationery,5,5.99,West
ORD-03459,2026-07-02,ST-022,SKU-BE-003,Shampoo 400ml,Beauty,1,3.49,West
ORD-00094,2026-03-03,ST-005,SKU-ST-003,Desk Organizer,Stationery,1,5.99,East
ORD-02873,2026-06-11,ST-019,SKU-AP-002,Running Shoes,Apparel,3,29.99,East
ORD-02166,2026-05-16,ST-016,SKU-TY-002,Building Blocks 100pc,Toys,2,12.99,East
ORD-00095,2026-03-03,ST-020,SKU-TY-003,Plush Bear Medium,Toys,2,6.49,West
ORD-02656,2026-06-04,ST-007,SKU-TY-003,Plush Bear Medium,Toys,2,6.49,South
ORD-00337,2026-03-12,ST-011,SKU-AP-001,Cotton T-Shirt,Apparel,2,4.99,South
ORD-01895,2026-05-06,ST-021,SKU-HM-001,Ceramic Mug Set,Home,3,5.99,Central
ORD-00754,2026-03-27,ST-002,SKU-ST-002,Gel Pen Pack of 10,Stationery,1,1.49,North
ORD-01876,2026-05-06,ST-002,SKU-ST-002,Gel Pen Pack of 10,Stationery,2,1.49,East
ORD-04107,2026-07-23,ST-005,SKU-EL-004,Power Bank 10000mAh,Electronics,2,12.99,North
ORD-02183,2026-05-17,ST-004,SKU-BE-004,Hand Cream 100ml,Beauty,1,1.99,South
ORD-02035,2026-05-11,ST-008,SKU-BE-002,Sunscreen SPF 50,Beauty,3,5.49,North
ORD-03187,2026-06-22,ST-015,SKU-EL-003,Bluetooth Speaker,Electronics,5,24.99,North
ORD-05025,2026-08-25,ST-006,SKU-GR-001,Organic Almonds 500g,Grocery,4,6.49,South
ORD-04522,2026-08-08,ST-009,SKU-HM-002,LED Desk Lamp,Home,3,11.99,East
ORD-00368,2026-03-13,ST-022,SKU-TY-004,Board Game Family Pack,Toys,2,14.99,North
ORD-04817,2026-08-18,ST-004,SKU-HM-004,Non-stick Pan 24cm,Home,3,9.99,Central
ORD-00505,2026-03-18,ST-015,SKU-ST-001,Notebook A5 Ruled,Stationery,1,1.29,Central
ORD-01476,2026-04-21,ST-022,SKU-HM-003,Cotton Bedsheet Set,Home,1,14.99,East
ORD-02823,2026-06-10,ST-012,SKU-EL-005,Smartwatch Band,Electronics,1,7.99,North
ORD-02051,2026-05-12,ST-008,SKU-GR-001,Organic Almonds 500g,Grocery,1,6.49,West
ORD-02085,2026-05-13,ST-002,SKU-HM-002,LED Desk Lamp,Home,1,11.99,North
ORD-00064,2026-03-02,ST-009,SKU-EL-001,Wireless Earbuds,Electronics,2,18.49,South
ORD-00239,2026-03-09,ST-018,SKU-HM-005,Storage Basket Set,Home,4,6.99,Central
ORD-03733,2026-07-12,ST-008,SKU-HM-004,Non-stick Pan 24cm,Home,1,9.99,South
ORD-01016,2026-04-04,ST-009,SKU-EL-004,Power Bank 10000mAh,Electronics,1,12.99,North
ORD-04415,2026-08-04,ST-012,SKU-AP-005,Rain Jacket,Apparel,5,18.99,North
ORD-01939,2026-05-08,ST-021,SKU-EL-003,Bluetooth Speaker,Electronics,4,24.99,West
ORD-01019,2026-04-04,ST-019,SKU-HM-004,Non-stick Pan 24cm,Home,4,9.99,Central
ORD-01423,2026-04-20,ST-019,SKU-BE-001,Aloe Vera Gel 200ml,Beauty,3,2.49,West
ORD-01413,2026-04-19,ST-007,SKU-BE-005,Lip Balm Pack of 3,Beauty,2,1.49,West
ORD-02758,2026/06/07,ST-011,SKU-GR-001,Organic Almonds 500g,Grocery,1,6.49,South
ORD-00670,2026-03-24,ST-008,SKU-TY-005,Remote Control Car,Toys,4,16.99,North
ORD-00809,2026-03-28,ST-019,SKU-BE-001,Aloe Vera Gel 200ml,Beauty,2,2.49,East
ORD-03649,2026-07-08,ST-009,SKU-TY-003,Plush Bear Medium,Toys,2,6.49,Central
ORD-03180,2026-06-22,ST-021,SKU-GR-002,Green Tea Box 25pk,Grocery,2,2.49,South
ORD-02814,2026-06-09,ST-007,SKU-TY-004,Board Game Family Pack,Toys,2,14.99,West
ORD-00080,2026/03/03,ST-019,SKU-ST-002,Gel Pen Pack of 10,Stationery,1,1.49,East
ORD-00509,2026-03-18,ST-002,SKU-ST-003,Desk Organizer,Stationery,3,5.99,East
ORD-00760,2026-03-27,ST-003,SKU-TY-002,Building Blocks 100pc,Toys,1,12.99,South
ORD-02715,2026-06-06,ST-002,SKU-EL-003,Bluetooth Speaker,Electronics,4,24.99,North
ORD-02633,2026-06-03,ST-016,SKU-EL-001,Wireless Earbuds,Electronics,1,18.49,Central
ORD-04396,2026-08-03,ST-009,SKU-BE-001,Aloe Vera Gel 200ml,Beauty,2,2.49,West
ORD-04512,2026-08-08,ST-007,SKU-GR-004,Whole Wheat Pasta 1kg,Grocery,2,1.99,South
ORD-00711,2026-03-25,ST-016,SKU-AP-004,Wool Socks 3-pack,Apparel,1,3.49,East
ORD-04115,2026-07-24,ST-018,SKU-GR-003,Extra Virgin Olive Oil 1L,Grocery,1,8.99,North
ORD-02209,2026-05-18,ST-016,SKU-GR-003,Extra Virgin Olive Oil 1L,Grocery,2,8.99,West
ORD-03235,2026-06-24,ST-018,SKU-HM-001,Ceramic Mug Set,Home,1,5.99,North
ORD-01318,2026-04-15,ST-018,SKU-BE-004,Hand Cream 100ml,Beauty,4,1.99,North
ORD-00102,2026-03-04,ST-023,SKU-EL-003,Bluetooth Speaker,Electronics,5,24.99,South
ORD-00748,2026-03-27,ST-018,SKU-EL-003,Bluetooth Speaker,Electronics,4,24.99,East
ORD-00153,2026-03-06,ST-013,SKU-ST-003,Desk Organizer,Stationery,5,5.99,Central
ORD-01094,2026-04-07,ST-014,SKU-TY-001,Wooden Puzzle Set,Toys,1,7.99,Central
ORD-03407,2026-06-30,ST-012,SKU-AP-004,Wool Socks 3-pack,Apparel,3,3.49,North
ORD-03018,2026-06-17,ST-010,SKU-ST-001,Notebook A5 Ruled,Stationery,2,1.29,South
ORD-01227,2026-04-12,ST-022,SKU-ST-002,Gel Pen Pack of 10,Stationery,2,1.49,Central
ORD-04996,2026-08-24,ST-006,SKU-TY-002,Building Blocks 100pc,Toys,1,12.99,East
ORD-03946,2026-07-18,ST-006,SKU-TY-002,Building Blocks 100pc,Toys,5,12.99,West
ORD-01617,2026-04-27,ST-001,SKU-HM-004,Non-stick Pan 24cm,Home,4,9.99,Central
ORD-00489,2026-03-17,ST-003,SKU-EL-004,Power Bank 10000mAh,Electronics,1,12.99,South
ORD-00970,2026-04-03,ST-010,SKU-TY-004,Board Game Family Pack,Toys,1,14.99,South
ORD-04000,2026-07-20,ST-005,SKU-EL-001,Wireless Earbuds,Electronics,1,18.49,West
ORD-02654,2026-06-04,ST-003,SKU-GR-004,Whole Wheat Pasta 1kg,Grocery,5,1.99,West
ORD-05048,2026-08-26,ST-022,SKU-BE-002,Sunscreen SPF 50,Beauty,1,5.49,South
ORD-04468,2026-08-06,ST-011,SKU-HM-003,Cotton Bedsheet Set,Home,5,14.99,Central
ORD-02245,2026-05-19,ST-022,SKU-GR-004,Whole Wheat Pasta 1kg,Grocery,5,1.99,North
ORD-03843,2026-07-15,ST-019,SKU-HM-005,Storage Basket Set,Home,2,6.99,South
ORD-01438,2026-04-20,ST-010,SKU-GR-002,Green Tea Box 25pk,Grocery,2,2.49,South
ORD-00358,2026-03-12,ST-015,SKU-ST-004,Sticky Notes Set,Stationery,4,0.99,Central
ORD-00830,2026-03-29,ST-006,SKU-TY-003,Plush Bear Medium,Toys,2,6.49,East
ORD-04431,2026-08-05,ST-024,SKU-BE-004,Hand Cream 100ml,Beauty,2,1.99,West
ORD-03061,2026-06-18,ST-013,SKU-BE-005,Lip Balm Pack of 3,Beauty,3,1.49,East
ORD-03073,2026-06-18,ST-003,SKU-BE-001,Aloe Vera Gel 200ml,Beauty,5,2.49,West
ORD-03596,2026-07-07,ST-022,SKU-BE-002,Sunscreen SPF 50,Beauty,5,5.49,North
ORD-01871,2026-05-05,ST-010,SKU-GR-001,Organic Almonds 500g,Grocery,1,6.49,North
ORD-04902,2026-08-21,ST-021,SKU-EL-005,Smartwatch Band,Electronics,2,7.99,West
ORD-04284,2026-07-30,ST-001,SKU-GR-003,Extra Virgin Olive Oil 1L,Grocery,3,8.99,Central
ORD-04255,2026-07-29,ST-012,SKU-GR-001,Organic Almonds 500g,Grocery,5,6.49,South
ORD-04321,2026-08-01,ST-010,SKU-EL-001,Wireless Earbuds,Electronics,5,18.49,East
ORD-00219,2026-03-08,ST-004,SKU-EL-002,USB-C Charger 30W,Electronics,1,8.99,Central
ORD-01634,2026-04-27,ST-002,SKU-ST-001,Notebook A5 Ruled,Stationery,5,1.29,North
ORD-00029,2026-03-01,ST-018,SKU-GR-004,Whole Wheat Pasta 1kg,Grocery,1,1.99,Central
ORD-00643,2026-03-23,ST-008,SKU-ST-003,Desk Organizer,Stationery,2,5.99,South
ORD-04853,2026-08-19,ST-024,SKU-TY-002,Building Blocks 100pc,Toys,1,12.99,West
ORD-04312,2026-07-31,ST-017,SKU-ST-001,Notebook A5 Ruled,Stationery,1,1.29,Central
ORD-02432,2026-05-26,ST-009,SKU-TY-002,Building Blocks 100pc,Toys,4,12.99,West
ORD-03519,2026-07-04,ST-018,SKU-AP-001,Cotton T-Shirt,Apparel,1,4.99,Central
ORD-00673,2026-03-24,ST-019,SKU-GR-003,Extra Virgin Olive Oil 1L,Grocery,4,8.99,North
ORD-04728,2026-08-15,ST-007,SKU-GR-001,Organic Almonds 500g,Grocery,2,6.49,North
ORD-01542,2026-04-24,ST-016,SKU-EL-004,Power Bank 10000mAh,Electronics,2,12.99,North
ORD-00762,2026-03-27,ST-012,SKU-TY-002,Building Blocks 100pc,Toys,4,12.99,Central
ORD-02489,2026-05-28,ST-024,SKU-TY-005,Remote Control Car,Toys,3,16.99,South
ORD-01584,2026-04-26,ST-004,SKU-TY-004,Board Game Family Pack,Toys,2,14.99,East
ORD-01529,2026-04-23,ST-008,SKU-BE-003,Shampoo 400ml,Beauty,2,3.49,North
ORD-01827,2026-05-04,ST-013,SKU-HM-004,Non-stick Pan 24cm,Home,2,9.99,West
ORD-03574,2026-07-06,ST-023,SKU-ST-002,Gel Pen Pack of 10,Stationery,1,1.49,North
ORD-03146,2026-06-21,ST-022,SKU-GR-004,Whole Wheat Pasta 1kg,Grocery,2,1.99,East
ORD-01287,2026-04-14,ST-023,SKU-GR-001,Organic Almonds 500g,Grocery,2,6.49,South
ORD-02050,2026-05-12,ST-008,SKU-HM-001,Ceramic Mug Set,Home,5,5.99,Central
ORD-04707,2026-08-14,ST-013,SKU-HM-005,Storage Basket Set,Home,5,6.99,West
ORD-02469,2026-05-27,ST-022,SKU-TY-001,Wooden Puzzle Set,Toys,5,7.99,South
ORD-01324,2026-04-16,ST-018,SKU-AP-002,Running Shoes,Apparel,2,29.99,East
ORD-03623,2026-07-08,ST-004,SKU-TY-002,Building Blocks 100pc,Toys,2,,West
ORD-03896,2026-07-17,ST-009,SKU-AP-002,Running Shoes,Apparel,3,29.99,East
ORD-05080,2026-08-27,ST-003,SKU-ST-002,Gel Pen Pack of 10,Stationery,1,1.49,Central
ORD-04845,2026-08-19,ST-002,SKU-TY-001,Wooden Puzzle Set,Toys,5,7.99,Central
ORD-01459,2026-04-21,ST-016,SKU-TY-004,Board Game Family Pack,Toys,3,14.99,Central
ORD-03306,2026-06-26,ST-007,SKU-TY-001,Wooden Puzzle Set,Toys,2,7.99,West
ORD-00467,2026-03-17,ST-009,SKU-HM-002,LED Desk Lamp,Home,2,11.99,East
ORD-01425,2026-04-20,ST-004,SKU-BE-002,Sunscreen SPF 50,Beauty,5,5.49,Central
ORD-04014,2026-07-20,ST-007,SKU-HM-003,Cotton Bedsheet Set,Home,2,14.99,North
ORD-01470,2026-04-21,ST-012,SKU-EL-004,Power Bank 10000mAh,Electronics,2,12.99,East
ORD-03505,2026-07-04,ST-018,SKU-AP-003,Denim Jacket,Apparel,5,23.99,East
ORD-01444,2026-04-20,ST-001,SKU-EL-005,Smartwatch Band,Electronics,4,7.99,West
ORD-00895,2026-03-31,ST-007,SKU-HM-005,Storage Basket Set,Home,1,6.99,Central
ORD-00100,2026-03-04,ST-002,SKU-BE-005,Lip Balm Pack of 3,Beauty,1,1.49,West
ORD-03335,2026-06-27,ST-023,SKU-ST-004,Sticky Notes Set,Stationery,5,0.99,West
ORD-01389,2026-04-18,ST-005,SKU-GR-001,Organic Almonds 500g,Grocery,3,6.49,West
ORD-01697,2026-04-29,ST-023,SKU-EL-001,Wireless Earbuds,Electronics,2,18.49,East
ORD-00278,2026-03-10,ST-017,SKU-AP-002,Running Shoes,Apparel,1,29.99,West
ORD-04653,2026-08-13,ST-012,SKU-EL-004,Power Bank 10000mAh,Electronics,5,12.99,Central
ORD-00245,2026-03-09,ST-019,SKU-AP-005,Rain Jacket,Apparel,1,18.99,North
ORD-02503,2026-05-28,ST-021,SKU-AP-004,Wool Socks 3-pack,Apparel,1,3.49,North
ORD-01840,2026-05-04,ST-007,SKU-BE-002,Sunscreen SPF 50,Beauty,5,5.49,South
ORD-00062,2026-03-02,ST-014,SKU-GR-001,Organic Almonds 500g,Grocery,,6.49,North
ORD-03958,2026-07-19,ST-012,SKU-AP-004,Wool Socks 3-pack,Apparel,1,3.49,Central
ORD-04881,2026-08-20,ST-016,SKU-BE-005,Lip Balm Pack of 3,Beauty,3,1.49,North
ORD-02628,2026-06-03,ST-018,SKU-HM-004,Non-stick Pan 24cm,Home,1,9.99,South
ORD-02275,2026-05-20,ST-015,SKU-EL-005,Smartwatch Band,Electronics,1,7.99,North
ORD-03589,2026-07-06,ST-003,SKU-TY-002,Building Blocks 100pc,Toys,2,12.99,Central
ORD-00403,2026-03-14,ST-014,SKU-TY-002,Building Blocks 100pc,Toys,2,12.99,West
ORD-00966,2026-04-03,ST-012,SKU-EL-005,Smartwatch Band,Electronics,2,7.99,South
ORD-00413,2026-03-14,ST-006,SKU-GR-005,Dark Chocolate Bar,Grocery,1,1.79,North
ORD-00768,2026-03-27,ST-010,SKU-GR-002,Green Tea Box 25pk,Grocery,2,2.49,West
ORD-04230,2026-07-28,ST-020,SKU-EL-004,Power Bank 10000mAh,Electronics,1,12.99,East
ORD-04429,2026-08-05,ST-023,SKU-GR-001,Organic Almonds 500g,Grocery,2,6.49,North
ORD-03174,2026-06-22,ST-022,SKU-BE-001,Aloe Vera Gel 200ml,Beauty,1,2.49,Central
ORD-00161,2026-03-06,ST-013,SKU-TY-003,Plush Bear Medium,Toys,1,6.49,South
ORD-02684,2026-06-05,ST-017,SKU-BE-002,Sunscreen SPF 50,Beauty,2,5.49,East
ORD-04907,2026-08-21,ST-005,SKU-HM-003,Cotton Bedsheet Set,Home,3,14.99,South
ORD-00423,2026-03-15,ST-001,SKU-TY-004,Board Game Family Pack,Toys,2,14.99,North
ORD-03417,2026-07-01,ST-021,SKU-ST-003,Desk Organizer,Stationery,4,5.99,West
ORD-00111,2026-03-04,ST-004,SKU-ST-002,Gel Pen Pack of 10,Stationery,1,1.49,West
ORD-03578,2026-07-06,ST-015,SKU-BE-005,Lip Balm Pack of 3,Beauty,2,1.49,West
ORD-03455,2026-07-02,ST-018,SKU-BE-003,Shampoo 400ml,Beauty,2,3.49,Central
ORD-02450,2026-05-26,ST-011,SKU-TY-005,Remote Control Car,Toys,1,16.99,North
ORD-02718,2026-06-06,ST-007,SKU-AP-005,Rain Jacket,Apparel,1,18.99,East
ORD-02484,2026-05-28,ST-017,SKU-AP-005,Rain Jacket,Apparel,1,18.99,South
ORD-00958,2026-04-02,ST-024,SKU-TY-003,Plush Bear Medium,Toys,3,6.49,West
ORD-01693,2026-04-29,ST-010,SKU-TY-002,Building Blocks 100pc,Toys,2,12.99,South
ORD-01166,2026-04-10,ST-024,SKU-EL-002,USB-C Charger 30W,Electronics,1,8.99,South
ORD-04455,2026-08-06,ST-003,SKU-EL-004,Power Bank 10000mAh,Electronics,2,12.99,East
ORD-03901,2026-07-17,ST-014,SKU-HM-001,Ceramic Mug Set,Home,2,5.99,East
ORD-04975,2026-08-23,ST-024,SKU-ST-004,Sticky Notes Set,Stationery,2,0.99,South
ORD-01159,2026-04-10,ST-012,SKU-TY-004,Board Game Family Pack,Toys,4,14.99,North
ORD-03966,2026-07-19,ST-015,SKU-HM-004,Non-stick Pan 24cm,Home,3,9.99,North
ORD-01114,2026-04-08,ST-002,SKU-AP-003,Denim Jacket,Apparel,2,23.99,South
ORD-03182,2026-06-22,ST-024,SKU-ST-001,Notebook A5 Ruled,Stationery,3,1.29,North
ORD-01371,2026-04-17,ST-023,SKU-HM-001,Ceramic Mug Set,Home,1,5.99,South
ORD-04142,2026-07-24,ST-008,SKU-BE-002,Sunscreen SPF 50,Beauty,3,5.49,West
ORD-03537,2026-07-05,ST-024,SKU-ST-002,Gel Pen Pack of 10,Stationery,4,1.49,North
ORD-02007,2026-05-10,ST-010,SKU-HM-002,LED Desk Lamp,Home,3,11.99,South
ORD-00915,2026-04-01,ST-015,SKU-EL-002,USB-C Charger 30W,Electronics,2,8.99,North
ORD-00226,2026-03-08,ST-017,SKU-EL-003,Bluetooth Speaker,Electronics,1,24.99,West
ORD-01975,2026-05-09,ST-009,SKU-TY-005,Remote Control Car,Toys,1,16.99,South
ORD-00398,2026-03-14,ST-017,SKU-ST-001,Notebook A5 Ruled,Stationery,3,1.29,East
ORD-03800,2026-07-14,ST-014,SKU-AP-005,Rain Jacket,Apparel,2,18.99,North
ORD-03138,2026-06-20,ST-002,SKU-TY-002,Building Blocks 100pc,Toys,2,12.99,East
ORD-03234,2026-06-24,ST-015,SKU-GR-001,Organic Almonds 500g,Grocery,2,6.49,Central
ORD-00552,2026-03-20,ST-020,SKU-TY-001,Wooden Puzzle Set,Toys,4,7.99,North
ORD-02853,2026-06-10,ST-010,SKU-AP-003,Denim Jacket,Apparel,1,23.99,East
ORD-03732,2026-07-12,ST-024,SKU-BE-001,Aloe Vera Gel 200ml,Beauty,1,2.49,South
ORD-02152,2026-05-16,ST-013,SKU-EL-003,Bluetooth Speaker,Electronics,1,24.99,East
ORD-02266,2026-05-20,ST-020,SKU-BE-003,Shampoo 400ml,Beauty,4,3.49,East
ORD-05077,2026-08-27,ST-002,SKU-BE-001,Aloe Vera Gel 200ml,Beauty,3,2.49,South
ORD-02367,2026-05-23,ST-024,SKU-TY-004,Board Game Family Pack,Toys,3,14.99,Central
ORD-00390,2026-03-14,ST-007,SKU-BE-005,Lip Balm Pack of 3,Beauty,1,1.49,South
ORD-02529,2026-05-29,ST-015,SKU-AP-004,Wool Socks 3-pack,Apparel,5,3.49,West
ORD-01340,2026-04-16,ST-010,SKU-TY-004,Board Game Family Pack,Toys,1,14.99,West
ORD-02362,2026-05-23,ST-006,SKU-EL-002,USB-C Charger 30W,Electronics,5,8.99,East
ORD-03424,2026-07-01,ST-020,SKU-EL-004,Power Bank 10000mAh,Electronics,2,12.99,East
ORD-00617,2026-03-22,ST-019,SKU-BE-003,Shampoo 400ml,Beauty,3,3.49,West
ORD-03868,2026-07-16,ST-022,SKU-EL-002,USB-C Charger 30W,Electronics,-4,8.99,South
ORD-04069,2026-07-22,ST-007,SKU-ST-001,Notebook A5 Ruled,Stationery,5,1.29,East
ORD-03758,2026-07-12,ST-018,SKU-GR-004,Whole Wheat Pasta 1kg,Grocery,3,1.99,West
ORD-00926,2026-04-01,ST-003,SKU-AP-002,Running Shoes,Apparel,5,29.99,East
ORD-02915,2026-06-13,ST-005,SKU-TY-001,Wooden Puzzle Set,Toys,1,7.99,Central
ORD-03152,2026-06-21,ST-008,SKU-AP-001,Cotton T-Shirt,Apparel,1,4.99,North
ORD-03440,2026-07-02,ST-004,SKU-EL-004,Power Bank 10000mAh,Electronics,2,12.99,East
ORD-00841,2026-03-29,ST-002,SKU-HM-005,Storage Basket Set,Home,2,6.99,East
ORD-05008,2026-08-24,ST-024,SKU-AP-004,Wool Socks 3-pack,Apparel,2,3.49,West
ORD-03202,2026-06-23,ST-019,SKU-HM-001,Ceramic Mug Set,Home,1,5.99,North
ORD-02910,2026-06-12,ST-002,SKU-GR-004,Whole Wheat Pasta 1kg,Grocery,2,1.99,East
ORD-03292,2026-06-26,ST-023,SKU-TY-005,Remote Control Car,Toys,1,16.99,South
ORD-02756,2026-06-07,ST-021,SKU-EL-005,Smartwatch Band,Electronics,4,7.99,West
ORD-00289,2026-03-10,ST-021,SKU-GR-004,Whole Wheat Pasta 1kg,Grocery,2,1.99,Central
ORD-00452,2026-03-16,ST-014,SKU-AP-001,Cotton T-Shirt,Apparel,2,4.99,North
ORD-00634,2026-03-22,ST-017,SKU-HM-002,LED Desk Lamp,Home,1,11.99,South
ORD-00128,2026-03-05,ST-020,SKU-AP-005,Rain Jacket,Apparel,1,18.99,Central
ORD-04453,2026-08-06,ST-004,SKU-GR-003,Extra Virgin Olive Oil 1L,Grocery,3,8.99,Central
ORD-04544,2026-08-09,ST-012,SKU-EL-005,Smartwatch Band,Electronics,2,7.99,West
ORD-04931,2026-08-22,ST-008,SKU-BE-005,Lip Balm Pack of 3,Beauty,2,1.49,South
ORD-04964,2026-08-23,ST-006,SKU-AP-004,Wool Socks 3-pack,Apparel,1,3.49,East
ORD-04275,2026-07-30,ST-008,SKU-TY-005,Remote Control Car,Toys,1,16.99,North
ORD-03169,2026-06-22,ST-001,SKU-TY-002,Building Blocks 100pc,Toys,3,12.99,East
ORD-03274,2026-06-25,ST-004,SKU-AP-001,Cotton T-Shirt,Apparel,3,4.99,East
ORD-01984,2026-05-09,ST-011,SKU-EL-004,Power Bank 10000mAh,Electronics,1,12.99,Central
ORD-04180,2026-07-26,ST-010,SKU-TY-005,Remote Control Car,Toys,1,16.99,North
ORD-02449,2026-05-26,ST-018,SKU-GR-004,Whole Wheat Pasta 1kg,Grocery,5,1.99,East
ORD-01996,2026-05-10,ST-001,SKU-TY-004,Board Game Family Pack,Toys,1,14.99,North
ORD-04879,2026-08-20,ST-020,SKU-EL-005,Smartwatch Band,Electronics,1,7.99,North
ORD-01735,2026-05-01,ST-003,SKU-EL-003,Bluetooth Speaker,Electronics,2,24.99,West
ORD-02153,2026-05-16,ST-019,SKU-HM-001,Ceramic Mug Set,Home,1,5.99,East
ORD-04917,2026-08-21,ST-007,SKU-AP-005,Rain Jacket,Apparel,2,18.99,North
ORD-04648,2026-08-13,ST-020,SKU-BE-004,Hand Cream 100ml,Beauty,,1.99,West
ORD-02924,2026-06-13,ST-004,SKU-ST-002,Gel Pen Pack of 10,Stationery,1,1.49,South
ORD-04401,2026-08-04,ST-004,SKU-ST-001,Notebook A5 Ruled,Stationery,2,1.29,North
ORD-02328,2026-05-22,ST-016,SKU-EL-002,USB-C Charger 30W,Electronics,3,8.99,North
ORD-03034,2026-06-17,ST-012,SKU-TY-001,Wooden Puzzle Set,Toys,4,7.99,North
ORD-05052,2026-08-26,ST-013,SKU-EL-001,Wireless Earbuds,Electronics,1,18.49,East
ORD-01445,2026-04-20,ST-002,SKU-HM-003,Cotton Bedsheet Set,Home,4,14.99,South
ORD-00687,2026-03-24,ST-019,SKU-AP-005,Rain Jacket,Apparel,1,18.99,West
ORD-00637,2026-03-22,ST-015,SKU-EL-004,Power Bank 10000mAh,Electronics,,12.99,South
ORD-03474,2026-07-03,ST-001,SKU-TY-004,Board Game Family Pack,Toys,3,14.99,Central
ORD-03447,2026-07-02,ST-015,SKU-EL-005,Smartwatch Band,Electronics,2,7.99,Central
ORD-00145,2026-03-05,ST-012,SKU-AP-004,Wool Socks 3-pack,Apparel,3,3.49,West
ORD-00286,2026-03-10,ST-007,SKU-HM-001,Ceramic Mug Set,Home,4,5.99,Central
ORD-04496,2026-08-07,ST-007,SKU-GR-002,Green Tea Box 25pk,Grocery,4,2.49,North
ORD-00549,2026-03-19,ST-022,SKU-EL-005,Smartwatch Band,Electronics,4,7.99,West
ORD-04489,2026-08-07,ST-018,SKU-HM-001,Ceramic Mug Set,Home,1,5.99,South
ORD-03711,2026-07-11,ST-007,SKU-ST-004,Sticky Notes Set,Stationery,1,0.99,North
ORD-01720,2026-04-30,ST-020,SKU-EL-003,Bluetooth Speaker,Electronics,5,24.99,South
ORD-00024,2026-03-01,ST-009,SKU-BE-004,Hand Cream 100ml,Beauty,2,1.99,West
ORD-00752,2026-03-27,ST-008,SKU-EL-001,Wireless Earbuds,Electronics,1,18.49,Central
ORD-01677,2026-04-28,ST-001,SKU-HM-002,LED Desk Lamp,Home,1,11.99,East
ORD-02089,2026-05-13,ST-002,SKU-HM-003,Cotton Bedsheet Set,Home,,14.99,East
ORD-00291,2026-03-10,ST-023,SKU-AP-003,Denim Jacket,Apparel,4,23.99,North
ORD-03496,2026-07-04,ST-017,SKU-BE-004,Hand Cream 100ml,Beauty,1,1.99,North
ORD-04978,2026-08-23,ST-019,SKU-HM-004,Non-stick Pan 24cm,Home,1,9.99,Central
ORD-02022,2026-05-11,ST-023,SKU-BE-004,Hand Cream 100ml,Beauty,2,1.99,Central
ORD-02110,2026-05-14,ST-015,SKU-EL-003,Bluetooth Speaker,Electronics,4,24.99,West
ORD-04570,2026-08-10,ST-004,SKU-TY-003,Plush Bear Medium,Toys,2,6.49,South
ORD-01038,2026-04-05,ST-017,SKU-HM-003,Cotton Bedsheet Set,Home,1,14.99,North
ORD-04148,2026-07-25,ST-008,SKU-HM-004,Non-stick Pan 24cm,Home,2,9.99,Central
ORD-03997,2026-07-20,ST-007,SKU-ST-002,Gel Pen Pack of 10,Stationery,2,1.49,Central
ORD-00211,2026-03-08,ST-010,SKU-HM-003,Cotton Bedsheet Set,Home,1,14.99,East
ORD-02502,2026-05-28,ST-004,SKU-GR-002,Green Tea Box 25pk,Grocery,2,2.49,East
ORD-04757,2026-08-16,ST-006,SKU-HM-001,Ceramic Mug Set,Home,4,5.99,South
ORD-02872,2026-06-11,ST-005,SKU-EL-001,Wireless Earbuds,Electronics,1,18.49,North
ORD-01538,2026-04-24,ST-005,SKU-ST-002,Gel Pen Pack of 10,Stationery,4,1.49,West
ORD-03087,2026-06-19,ST-010,SKU-ST-003,Desk Organizer,Stationery,1,5.99,South
ORD-01260,2026-04-13,ST-015,SKU-EL-002,USB-C Charger 30W,Electronics,3,8.99,Central
ORD-04824,2026-08-18,ST-021,SKU-EL-005,Smartwatch Band,Electronics,4,7.99,West
ORD-03090,2026-06-19,ST-016,SKU-GR-003,Extra Virgin Olive Oil 1L,Grocery,2,8.99,East
ORD-01395,2026-04-18,ST-003,SKU-AP-004,Wool Socks 3-pack,Apparel,1,3.49,South
ORD-02313,2026-05-22,ST-021,SKU-AP-003,Denim Jacket,Apparel,2,23.99,North
ORD-02027,2026-05-11,ST-021,SKU-ST-001,Notebook A5 Ruled,Stationery,5,1.29,South
ORD-02951,2026-06-14,ST-004,SKU-AP-003,Denim Jacket,Apparel,4,23.99,East
ORD-00364,2026-03-13,ST-015,SKU-GR-004,Whole Wheat Pasta 1kg,Grocery,2,1.99,West
ORD-01184,2026-04-10,ST-014,SKU-BE-002,Sunscreen SPF 50,Beauty,2,5.49,West
ORD-00195,2026-03-07,ST-014,SKU-AP-004,Wool Socks 3-pack,Apparel,1,3.49,West
ORD-00960,2026-04-02,ST-004,SKU-EL-001,Wireless Earbuds,Electronics,2,18.49,East
ORD-01963,2026-05-08,ST-013,SKU-HM-003,Cotton Bedsheet Set,Home,2,14.99,Central
ORD-04117,2026-07-24,ST-010,SKU-HM-004,Non-stick Pan 24cm,Home,2,9.99,East
ORD-04559,2026-08-09,ST-019,SKU-HM-002,LED Desk Lamp,Home,1,11.99,South
ORD-03581,2026-07-06,ST-009,SKU-TY-002,Building Blocks 100pc,Toys,5,12.99,South
ORD-02703,2026-06-05,ST-005,SKU-TY-004,Board Game Family Pack,Toys,1,14.99,North
ORD-03531,2026-07-05,ST-001,SKU-AP-001,Cotton T-Shirt,Apparel,2,4.99,North
ORD-03064,2026-06-18,ST-019,SKU-TY-003,Plush Bear Medium,Toys,1,6.49,North
ORD-03925,2026-07-18,ST-012,SKU-EL-002,USB-C Charger 30W,Electronics,3,8.99,North
ORD-03989,2026-07-20,ST-001,SKU-HM-003,Cotton Bedsheet Set,Home,2,14.99,Central
ORD-01979,2026-05-09,ST-009,SKU-AP-005,Rain Jacket,Apparel,1,18.99,North
ORD-02346,2026-05-23,ST-005,SKU-HM-002,LED Desk Lamp,Home,1,11.99,South
ORD-02221,2026-05-19,ST-001,SKU-HM-004,Non-stick Pan 24cm,Home,2,9.99,West
ORD-02286,2026-05-21,ST-018,SKU-GR-005,Dark Chocolate Bar,Grocery,3,1.79,Central
ORD-04618,2026-08-11,ST-017,SKU-EL-002,USB-C Charger 30W,Electronics,5,8.99,Central
ORD-01250,2026-04-13,ST-017,SKU-BE-002,Sunscreen SPF 50,Beauty,1,5.49,West
ORD-03376,2026-06-29,ST-011,SKU-BE-003,Shampoo 400ml,Beauty,1,3.49,North
ORD-00159,2026-03-06,ST-005,SKU-HM-005,Storage Basket Set,Home,1,6.99,Central
ORD-00376,2026-03-13,ST-024,SKU-GR-004,Whole Wheat Pasta 1kg,Grocery,4,1.99,South
ORD-02181,2026-05-17,ST-003,SKU-AP-005,Rain Jacket,Apparel,3,18.99,West
ORD-01818,2026-05-04,ST-015,SKU-HM-004,,Home,1,9.99,Central
ORD-00921,2026-04-01,ST-015,SKU-ST-003,Desk Organizer,Stationery,1,5.99,West
ORD-01688,2026-04-29,ST-024,SKU-GR-004,Whole Wheat Pasta 1kg,Grocery,2,1.99,West
ORD-03729,2026-07-12,ST-007,SKU-BE-002,Sunscreen SPF 50,Beauty,2,5.49,Central
ORD-00918,2026-04-01,ST-005,SKU-AP-002,Running Shoes,Apparel,3,29.99,South
ORD-03137,2026-06-20,ST-023,SKU-HM-001,Ceramic Mug Set,Home,1,5.99,West
ORD-04159,2026-07-25,ST-011,SKU-EL-002,USB-C Charger 30W,Electronics,2,8.99,East
ORD-00622,2026-03-22,ST-013,SKU-HM-001,Ceramic Mug Set,Home,2,5.99,Central
ORD-02294,2026-05-21,ST-022,SKU-HM-001,Ceramic Mug Set,Home,2,5.99,West
ORD-01348,2026-04-17,ST-010,SKU-HM-005,Storage Basket Set,Home,3,6.99,South
ORD-01098,2026-04-07,ST-018,SKU-GR-004,Whole Wheat Pasta 1kg,Grocery,5,1.99,Central
ORD-04485,2026-08-07,ST-015,SKU-GR-001,Organic Almonds 500g,Grocery,3,6.49,South
ORD-02935,2026-06-13,ST-013,SKU-AP-005,Rain Jacket,Apparel,2,18.99,North
ORD-00574,2026-03-20,ST-014,SKU-EL-004,Power Bank 10000mAh,Electronics,1,12.99,East
ORD-00972,2026-04-03,ST-001,SKU-EL-002,USB-C Charger 30W,Electronics,2,8.99,Central
ORD-00381,2026-03-13,ST-019,SKU-BE-003,Shampoo 400ml,Beauty,1,3.49,South
ORD-04447,2026-08-05,ST-006,SKU-EL-005,Smartwatch Band,Electronics,5,7.99,East
ORD-01574,2026-04-25,ST-001,SKU-AP-001,Cotton T-Shirt,Apparel,1,4.99,Central
ORD-01441,2026-04-20,ST-014,SKU-GR-003,Extra Virgin Olive Oil 1L,Grocery,5,8.99,South
ORD-03767,2026-07-13,ST-010,SKU-EL-004,Power Bank 10000mAh,Electronics,4,12.99,South
ORD-02878,2026-06-12,ST-004,SKU-ST-003,Desk Organizer,Stationery,5,5.99,North
ORD-04525,2026-08-08,ST-020,SKU-HM-001,Ceramic Mug Set,Home,1,5.99,North
ORD-00313,2026-03-11,ST-001,SKU-GR-002,Green Tea Box 25pk,Grocery,4,2.49,East
ORD-01131,2026-04-08,ST-006,SKU-ST-004,Sticky Notes Set,Stationery,1,0.99,South
ORD-02421,2026-05-25,ST-023,SKU-AP-001,Cotton T-Shirt,Apparel,5,4.99,North
ORD-01237,2026-04-13,ST-005,SKU-TY-003,Plush Bear Medium,Toys,4,6.49,Central
ORD-02465,2026-05-27,ST-021,SKU-GR-001,Organic Almonds 500g,Grocery,1,6.49,North
ORD-00803,2026/03/28,ST-017,SKU-TY-002,Building Blocks 100pc,Toys,5,12.99,South
ORD-00411,2026-03-14,ST-001,SKU-AP-004,Wool Socks 3-pack,Apparel,2,3.49,South
ORD-01539,2026-04-24,ST-024,SKU-HM-002,LED Desk Lamp,Home,2,11.99,South
ORD-04157,2026-07-25,ST-014,SKU-ST-004,Sticky Notes Set,Stationery,3,0.99,North
ORD-03857,2026-07-16,ST-018,SKU-EL-002,USB-C Charger 30W,Electronics,2,8.99,West
ORD-02749,2026-06-07,ST-016,SKU-AP-002,Running Shoes,Apparel,4,29.99,East
ORD-05081,2026-08-27,ST-004,SKU-AP-005,Rain Jacket,Apparel,5,18.99,North
ORD-03629,2026-07-08,ST-023,SKU-BE-005,Lip Balm Pack of 3,Beauty,2,1.49,West
ORD-00131,2026-03-05,ST-001,SKU-HM-002,LED Desk Lamp,Home,1,11.99,South
ORD-04425,2026-08-04,ST-004,SKU-TY-001,Wooden Puzzle Set,Toys,2,7.99,North
ORD-00069,2026-03-03,ST-024,SKU-GR-003,Extra Virgin Olive Oil 1L,Grocery,1,8.99,West
ORD-04593,2026-08-11,ST-017,SKU-AP-004,Wool Socks 3-pack,Apparel,1,3.49,East
ORD-03042,2026-06-17,ST-023,SKU-HM-002,LED Desk Lamp,Home,2,11.99,West
ORD-03852,2026-07-15,ST-024,SKU-ST-001,Notebook A5 Ruled,Stationery,4,1.29,South
ORD-02369,2026-05-24,ST-008,SKU-GR-005,Dark Chocolate Bar,Grocery,2,1.79,Central
ORD-01182,2026-04-10,ST-015,SKU-TY-002,Building Blocks 100pc,Toys,3,12.99,Central
ORD-01074,2026-04-06,ST-020,SKU-BE-001,Aloe Vera Gel 200ml,Beauty,1,2.49,East
ORD-03921,2026-07-17,ST-006,SKU-GR-003,Extra Virgin Olive Oil 1L,Grocery,1,8.99,South
ORD-03322,2026-06-27,ST-008,SKU-BE-003,Shampoo 400ml,Beauty,4,3.49,South
ORD-03115,2026-06-20,ST-003,SKU-HM-001,Ceramic Mug Set,Home,1,5.99,Central
ORD-03672,2026-07-10,ST-006,SKU-HM-001,Ceramic Mug Set,Home,1,5.99,South
ORD-02798,2026-06-08,ST-011,SKU-TY-005,Remote Control Car,Toys,1,16.99,Central
ORD-03287,2026-06-26,ST-008,SKU-HM-005,Storage Basket Set,Home,3,6.99,West
ORD-01628,2026-04-27,ST-015,SKU-EL-003,Bluetooth Speaker,Electronics,5,24.99,South
ORD-04842,2026-08-19,ST-015,SKU-AP-004,Wool Socks 3-pack,Apparel,5,3.49,West
ORD-03882,2026-07-16,ST-014,SKU-GR-005,Dark Chocolate Bar,Grocery,1,1.79,East
ORD-01917,2026-05-07,ST-022,SKU-TY-001,Wooden Puzzle Set,Toys,4,7.99,North
ORD-04289,2026-07-30,ST-013,SKU-AP-004,Wool Socks 3-pack,Apparel,2,3.49,North
ORD-00945,2026-04-02,ST-004,SKU-BE-001,Aloe Vera Gel 200ml,Beauty,-1,2.49,South
ORD-02384,2026-05-24,ST-012,SKU-HM-005,Storage Basket Set,Home,4,6.99,Central
ORD-03428,2026-07-01,ST-019,SKU-AP-003,Denim Jacket,Apparel,3,23.99,Central
ORD-03828,2026-07-15,ST-017,SKU-BE-004,Hand Cream 100ml,Beauty,1,1.99,Central
ORD-01275,2026-04-14,ST-003,SKU-EL-003,Bluetooth Speaker,Electronics,4,24.99,South
ORD-04682,2026/08/14,ST-010,SKU-BE-001,Aloe Vera Gel 200ml,Beauty,4,2.49,South
ORD-03312,2026-06-27,ST-001,SKU-TY-004,Board Game Family Pack,Toys,3,14.99,Central
ORD-03008,2026-06-16,ST-009,SKU-AP-003,Denim Jacket,Apparel,1,23.99,West
ORD-04914,2026-08-21,ST-011,SKU-EL-002,USB-C Charger 30W,Electronics,1,,West
ORD-00119,2026-03-04,ST-024,SKU-ST-002,Gel Pen Pack of 10,Stationery,5,1.49,West
ORD-01877,2026-05-06,ST-003,SKU-EL-002,USB-C Charger 30W,Electronics,3,,East
ORD-04608,2026-08-11,ST-022,SKU-TY-004,Board Game Family Pack,Toys,1,14.99,North
ORD-01133,2026-04-09,ST-022,SKU-AP-004,Wool Socks 3-pack,Apparel,1,3.49,West
ORD-03351,2026-06-28,ST-020,SKU-TY-004,Board Game Family Pack,Toys,3,14.99,West
ORD-01858,2026-05-05,ST-012,SKU-BE-002,Sunscreen SPF 50,Beauty,2,5.49,South
ORD-01587,2026-04-26,ST-017,SKU-TY-001,Wooden Puzzle Set,Toys,2,7.99,East
ORD-04662,2026-08-13,ST-008,SKU-ST-002,Gel Pen Pack of 10,Stationery,1,1.49,Central
ORD-02933,2026-06-13,ST-014,SKU-EL-005,Smartwatch Band,Electronics,1,7.99,West
ORD-03674,2026-07-10,ST-007,SKU-ST-001,Notebook A5 Ruled,Stationery,1,1.29,East
ORD-01491,2026-04-22,ST-018,SKU-GR-003,Extra Virgin Olive Oil 1L,Grocery,2,8.99,North
ORD-04511,2026-08-08,ST-003,SKU-TY-002,Building Blocks 100pc,Toys,3,12.99,East
ORD-02735,2026-06-06,ST-010,SKU-EL-003,Bluetooth Speaker,Electronics,1,24.99,East
ORD-00357,2026-03-12,ST-009,SKU-HM-002,LED Desk Lamp,Home,5,11.99,East
ORD-03328,2026-06-27,ST-011,SKU-HM-003,Cotton Bedsheet Set,Home,5,14.99,West
ORD-04214,2026-07-27,ST-017,SKU-AP-001,Cotton T-Shirt,Apparel,2,4.99,East
ORD-02875,2026-06-11,ST-018,SKU-HM-001,Ceramic Mug Set,Home,2,5.99,West
ORD-05083,2026-08-27,ST-024,SKU-AP-003,Denim Jacket,Apparel,1,23.99,West
ORD-03256,2026-06-25,ST-003,SKU-TY-002,Building Blocks 100pc,Toys,5,12.99,East
ORD-03941,2026-07-18,ST-017,SKU-HM-001,Ceramic Mug Set,Home,1,5.99,South
ORD-00977,2026-04-03,ST-020,SKU-AP-003,Denim Jacket,Apparel,3,23.99,East
ORD-04828,2026-08-19,ST-005,SKU-EL-005,Smartwatch Band,Electronics,2,7.99,South
ORD-02971,2026-06-15,ST-018,SKU-HM-002,LED Desk Lamp,Home,3,11.99,East
ORD-01487,2026-04-22,ST-016,SKU-HM-001,Ceramic Mug Set,Home,1,5.99,South
ORD-04064,2026-07-22,ST-008,SKU-AP-001,Cotton T-Shirt,Apparel,4,4.99,East
ORD-02339,2026-05-22,ST-008,SKU-EL-003,Bluetooth Speaker,Electronics,1,24.99,North
ORD-00199,2026-03-07,ST-008,SKU-ST-001,Notebook A5 Ruled,Stationery,2,1.29,South
ORD-01331,2026/04/16,ST-017,SKU-GR-002,Green Tea Box 25pk,Grocery,5,2.49,South
ORD-04594,2026-08-11,ST-005,SKU-EL-003,Bluetooth Speaker,Electronics,2,24.99,North
ORD-03570,2026-07-06,ST-020,SKU-HM-004,Non-stick Pan 24cm,Home,1,9.99,West
ORD-02716,2026-06-06,ST-016,SKU-GR-001,,Grocery,4,6.49,Central
ORD-00730,2026-03-26,ST-005,SKU-EL-001,Wireless Earbuds,Electronics,2,18.49,West
ORD-01518,2026-04-23,ST-009,SKU-HM-002,LED Desk Lamp,Home,5,11.99,North
ORD-03900,2026-07-17,ST-020,SKU-EL-005,Smartwatch Band,Electronics,4,7.99,North
ORD-04704,2026-08-14,ST-019,SKU-TY-005,Remote Control Car,Toys,2,16.99,South
ORD-05013,2026-08-24,ST-007,SKU-HM-001,Ceramic Mug Set,Home,1,5.99,East
ORD-04097,2026-07-23,ST-009,SKU-HM-005,Storage Basket Set,Home,2,6.99,South
ORD-03316,2026-06-27,ST-015,SKU-TY-005,Remote Control Car,Toys,4,16.99,West
ORD-03384,2026-06-29,ST-021,SKU-TY-005,Remote Control Car,Toys,3,,North
ORD-01134,2026-04-09,ST-008,SKU-TY-005,Remote Control Car,Toys,1,16.99,South
ORD-02714,2026-06-06,ST-007,SKU-HM-001,Ceramic Mug Set,Home,2,5.99,East
ORD-03760,2026-07-12,ST-021,SKU-BE-001,Aloe Vera Gel 200ml,Beauty,1,2.49,West
ORD-04127,2026-07-24,ST-013,SKU-HM-001,Ceramic Mug Set,Home,2,5.99,North
ORD-01332,2026-04-16,ST-007,SKU-HM-002,LED Desk Lamp,Home,1,11.99,South
ORD-04323,2026-08-01,ST-021,SKU-BE-003,Shampoo 400ml,Beauty,2,3.49,South
ORD-04311,2026-07-31,ST-007,SKU-TY-001,Wooden Puzzle Set,Toys,1,7.99,Central
ORD-05002,2026-08-24,ST-006,SKU-AP-002,Running Shoes,Apparel,1,29.99,East
ORD-02799,2026-06-09,ST-024,SKU-AP-003,Denim Jacket,Apparel,1,23.99,East
ORD-02340,2026-05-23,ST-001,SKU-ST-001,Notebook A5 Ruled,Stationery,3,1.29,Central
ORD-03301,2026-06-26,ST-006,SKU-BE-003,Shampoo 400ml,Beauty,1,3.49,Central
ORD-00651,2026-03-23,ST-020,SKU-TY-002,Building Blocks 100pc,Toys,1,12.99,South
ORD-04015,2026-07-20,ST-012,SKU-TY-002,Building Blocks 100pc,Toys,4,12.99,Central
ORD-00738,2026-03-26,ST-006,SKU-BE-005,Lip Balm Pack of 3,Beauty,2,,North
ORD-01339,2026-04-16,ST-019,SKU-HM-004,Non-stick Pan 24cm,Home,1,9.99,North
ORD-01650,2026-04-28,ST-024,SKU-AP-002,Running Shoes,Apparel,1,29.99,East
ORD-04104,2026-07-23,ST-020,SKU-TY-004,Board Game Family Pack,Toys,2,14.99,East
ORD-00075,2026-03-03,ST-008,SKU-EL-003,Bluetooth Speaker,Electronics,2,24.99,West
ORD-01876,2026-05-06,ST-002,SKU-ST-002,Gel Pen Pack of 10,Stationery,3,1.49,Central
ORD-00684,2026-03-24,ST-019,SKU-BE-005,Lip Balm Pack of 3,Beauty,3,1.49,East
ORD-03750,2026-07-12,ST-012,SKU-BE-002,Sunscreen SPF 50,Beauty,-2,5.49,Central
ORD-04790,2026-08-17,ST-017,SKU-ST-002,Gel Pen Pack of 10,Stationery,1,1.49,North
ORD-04346,2026-08-02,ST-008,SKU-EL-004,Power Bank 10000mAh,Electronics,1,12.99,South
ORD-04547,2026-08-09,ST-012,SKU-HM-003,Cotton Bedsheet Set,Home,3,14.99,West
ORD-02707,2026-06-05,ST-006,SKU-EL-004,Power Bank 10000mAh,Electronics,4,12.99,Central
ORD-04861,2026-08-20,ST-012,SKU-BE-004,Hand Cream 100ml,Beauty,2,1.99,West
ORD-00317,2026-03-11,ST-008,SKU-EL-002,USB-C Charger 30W,Electronics,1,8.99,West
ORD-03595,2026-07-07,ST-021,SKU-HM-004,Non-stick Pan 24cm,Home,4,9.99,South
ORD-04388,2026-08-03,ST-021,SKU-HM-002,LED Desk Lamp,Home,5,11.99,Central
ORD-04360,2026-08-02,ST-008,SKU-EL-004,Power Bank 10000mAh,Electronics,4,12.99,East
ORD-01081,2026-04-06,ST-013,SKU-GR-005,Dark Chocolate Bar,Grocery,4,1.79,South
ORD-02093,2026-05-13,ST-019,SKU-GR-001,Organic Almonds 500g,Grocery,4,6.49,Central
ORD-01901,2026-05-06,ST-022,SKU-HM-001,Ceramic Mug Set,Home,1,5.99,Central
ORD-02055,2026-05-12,ST-011,SKU-BE-001,Aloe Vera Gel 200ml,Beauty,1,2.49,South
ORD-00763,2026-03-27,ST-005,SKU-GR-001,Organic Almonds 500g,Grocery,1,6.49,East
ORD-02861,2026-06-11,ST-009,SKU-BE-001,Aloe Vera Gel 200ml,Beauty,1,2.49,South
ORD-03295,2026-06-26,ST-006,SKU-BE-002,Sunscreen SPF 50,Beauty,1,5.49,South
ORD-02584,2026-06-01,ST-017,SKU-ST-003,Desk Organizer,Stationery,1,5.99,West
ORD-01119,2026-04-08,ST-018,SKU-EL-002,USB-C Charger 30W,Electronics,4,8.99,East
ORD-04652,2026-08-13,ST-005,SKU-EL-001,Wireless Earbuds,Electronics,1,18.49,East
ORD-04085,2026-07-23,ST-004,SKU-GR-003,Extra Virgin Olive Oil 1L,Grocery,1,8.99,North
ORD-03536,2026-07-05,ST-010,SKU-AP-001,Cotton T-Shirt,Apparel,1,4.99,East
ORD-01365,2026-04-17,ST-011,SKU-TY-001,Wooden Puzzle Set,Toys,5,7.99,Central
ORD-01772,2026-05-02,ST-015,SKU-HM-002,LED Desk Lamp,Home,1,11.99,Central
ORD-01412,2026-04-19,ST-009,SKU-EL-002,USB-C Charger 30W,Electronics,1,8.99,North
ORD-00666,2026-03-24,ST-012,SKU-TY-005,Remote Control Car,Toys,4,16.99,East
ORD-00657,2026-03-23,ST-013,SKU-GR-005,Dark Chocolate Bar,Grocery,4,1.79,Central
ORD-02824,2026-06-10,ST-006,SKU-GR-004,Whole Wheat Pasta 1kg,Grocery,3,1.99,East
ORD-00562,2026-03-20,ST-004,SKU-TY-004,Board Game Family Pack,Toys,4,14.99,East
ORD-03229,2026-06-24,ST-004,SKU-TY-003,Plush Bear Medium,Toys,1,6.49,Central
ORD-03478,2026-07-03,ST-001,SKU-GR-002,Green Tea Box 25pk,Grocery,1,2.49,North
ORD-04419,2026-08-04,ST-008,SKU-EL-002,USB-C Charger 30W,Electronics,3,8.99,South
ORD-02709,2026-06-05,ST-018,SKU-TY-002,Building Blocks 100pc,Toys,4,12.99,South
ORD-04934,2026-08-22,ST-015,SKU-GR-001,Organic Almonds 500g,Grocery,2,6.49,North
ORD-02626,2026-06-02,ST-022,SKU-ST-001,Notebook A5 Ruled,Stationery,1,1.29,Central
ORD-04491,2026-08-07,ST-024,SKU-HM-002,LED Desk Lamp,Home,3,11.99,East
ORD-02619,2026-06-02,ST-020,SKU-TY-003,Plush Bear Medium,Toys,4,6.49,Central
ORD-00369,2026-03-13,ST-006,SKU-EL-001,Wireless Earbuds,Electronics,3,18.49,South
ORD-01045,2026-04-05,ST-004,SKU-AP-001,Cotton T-Shirt,Apparel,4,4.99,Central
ORD-05075,2026-08-27,ST-006,SKU-EL-005,Smartwatch Band,Electronics,2,7.99,Central
ORD-04001,2026-07-20,ST-003,SKU-TY-005,Remote Control Car,Toys,3,16.99,West
ORD-02368,2026-05-23,ST-009,SKU-TY-005,Remote Control Car,Toys,5,16.99,South
ORD-03037,2026-06-17,ST-003,SKU-ST-004,Sticky Notes Set,Stationery,5,0.99,West
ORD-02679,2026-06-04,ST-015,SKU-AP-004,Wool Socks 3-pack,Apparel,3,3.49,Central
ORD-02808,2026-06-09,ST-009,SKU-GR-001,Organic Almonds 500g,Grocery,2,6.49,West
ORD-04247,2026-07-29,ST-001,SKU-TY-005,Remote Control Car,Toys,4,,North
ORD-03721,2026-07-11,ST-007,SKU-ST-003,,Stationery,2,5.99,East
ORD-03297,2026-06-26,ST-024,SKU-HM-003,Cotton Bedsheet Set,Home,1,14.99,Central
ORD-05070,2026-08-26,ST-001,SKU-HM-005,Storage Basket Set,Home,2,6.99,Central
ORD-01399,2026-04-19,ST-002,SKU-EL-004,Power Bank 10000mAh,Electronics,4,12.99,Central
ORD-02947,2026-06-14,ST-008,SKU-TY-003,Plush Bear Medium,Toys,5,6.49,East
ORD-00638,2026-03-22,ST-010,SKU-GR-001,Organic Almonds 500g,Grocery,2,6.49,Central
ORD-01304,2026-04-15,ST-001,SKU-GR-003,Extra Virgin Olive Oil 1L,Grocery,5,8.99,East
ORD-01360,2026-04-17,ST-024,SKU-GR-002,Green Tea Box 25pk,Grocery,1,2.49,South
ORD-04753,2026-08-16,ST-001,SKU-HM-001,Ceramic Mug Set,Home,3,5.99,South
ORD-02467,2026-05-27,ST-018,SKU-EL-002,USB-C Charger 30W,Electronics,1,8.99,East
ORD-04671,2026-08-13,ST-020,SKU-AP-002,Running Shoes,Apparel,1,29.99,South
ORD-00576,2026-03-20,ST-022,SKU-EL-004,Power Bank 10000mAh,Electronics,1,12.99,West
ORD-04993,2026-08-24,ST-013,SKU-BE-002,Sunscreen SPF 50,Beauty,1,5.49,Central
ORD-03700,2026-07-11,ST-010,SKU-BE-005,Lip Balm Pack of 3,Beauty,2,1.49,Central
ORD-02866,2026-06-11,ST-005,SKU-ST-004,Sticky Notes Set,Stationery,5,0.99,West
ORD-03050,2026-06-18,ST-016,SKU-AP-004,Wool Socks 3-pack,Apparel,1,3.49,West
ORD-04028,2026-07-21,ST-020,SKU-BE-001,Aloe Vera Gel 200ml,Beauty,3,2.49,West
ORD-01135,2026-04-09,ST-018,SKU-AP-002,Running Shoes,Apparel,1,29.99,West
ORD-01005,2026-04-04,ST-005,SKU-GR-001,Organic Almonds 500g,Grocery,2,6.49,West
ORD-04962,2026-08-23,ST-007,SKU-HM-002,LED Desk Lamp,Home,2,11.99,East
ORD-03165,2026-06-22,ST-004,SKU-AP-001,Cotton T-Shirt,Apparel,1,4.99,South
ORD-03829,2026-07-15,ST-014,SKU-BE-003,Shampoo 400ml,Beauty,1,3.49,North
ORD-04188,2026-07-26,ST-023,SKU-ST-001,Notebook A5 Ruled,Stationery,1,1.29,North
ORD-04724,2026-08-15,ST-023,SKU-AP-003,Denim Jacket,Apparel,2,23.99,North
ORD-03229,2026-06-24,ST-004,SKU-TY-003,Plush Bear Medium,Toys,5,6.49,Central
ORD-02116,2026-05-14,ST-018,SKU-GR-002,Green Tea Box 25pk,Grocery,1,2.49,South
ORD-01052,2026-04-05,ST-021,SKU-HM-002,LED Desk Lamp,Home,2,11.99,West
ORD-02160,2026-05-16,ST-005,SKU-TY-005,Remote Control Car,Toys,1,16.99,South
ORD-00648,2026-03-23,ST-012,SKU-ST-001,Notebook A5 Ruled,Stationery,1,1.29,South
ORD-00170,2026-03-07,ST-011,SKU-AP-003,Denim Jacket,Apparel,1,23.99,Central
ORD-03006,2026-06-16,ST-019,SKU-ST-003,Desk Organizer,Stationery,4,5.99,East
ORD-01186,2026-04-11,ST-002,SKU-AP-005,Rain Jacket,Apparel,1,18.99,Central
ORD-00985,2026-04-03,ST-011,SKU-GR-003,Extra Virgin Olive Oil 1L,Grocery,5,8.99,South
ORD-01874,2026-05-06,ST-009,SKU-AP-003,Denim Jacket,Apparel,1,23.99,North
ORD-01983,2026-05-09,ST-009,SKU-ST-001,Notebook A5 Ruled,Stationery,2,1.29,South
ORD-01633,2026-04-27,ST-006,SKU-AP-002,Running Shoes,Apparel,2,29.99,West
ORD-03247,2026-06-24,ST-024,SKU-ST-004,Sticky Notes Set,Stationery,1,0.99,West
ORD-02855,2026-06-11,ST-008,SKU-TY-005,Remote Control Car,Toys,1,16.99,Central
ORD-04840,2026-08-19,ST-020,SKU-GR-004,Whole Wheat Pasta 1kg,Grocery,4,1.99,West
ORD-03462,2026-07-02,ST-018,SKU-AP-002,Running Shoes,Apparel,3,29.99,South
ORD-03125,2026-06-20,ST-002,SKU-AP-004,Wool Socks 3-pack,Apparel,2,3.49,South
ORD-00991,2026-04-03,ST-014,SKU-ST-001,Notebook A5 Ruled,Stationery,1,1.29,East
ORD-01768,2026-05-02,ST-006,SKU-GR-004,Whole Wheat Pasta 1kg,Grocery,2,1.99,West
ORD-00884,2026-03-31,ST-001,SKU-ST-002,Gel Pen Pack of 10,Stationery,1,1.49,East
ORD-01050,2026-04-05,ST-004,SKU-AP-001,Cotton T-Shirt,Apparel,4,4.99,West
ORD-02858,2026-06-11,ST-008,SKU-HM-004,Non-stick Pan 24cm,Home,1,9.99,Central
ORD-04892,2026-08-20,ST-011,SKU-ST-001,Notebook A5 Ruled,Stationery,1,1.29,North
ORD-04615,2026-08-11,ST-020,SKU-HM-003,Cotton Bedsheet Set,Home,2,14.99,East
ORD-04775,2026-08-16,ST-013,SKU-ST-003,Desk Organizer,Stationery,1,5.99,South
ORD-03897,2026-07-17,ST-003,SKU-AP-002,Running Shoes,Apparel,2,29.99,North
ORD-00450,2026-03-16,ST-020,SKU-AP-002,Running Shoes,Apparel,1,29.99,East
ORD-01368,2026-04-17,ST-019,SKU-AP-001,Cotton T-Shirt,Apparel,4,4.99,West
ORD-03392,2026-06-30,ST-022,SKU-ST-003,Desk Organizer,Stationery,2,5.99,West
ORD-01224,2026-04-12,ST-007,SKU-AP-003,Denim Jacket,Apparel,5,23.99,North
ORD-04307,2026-07-31,ST-018,SKU-EL-001,Wireless Earbuds,Electronics,3,18.49,East
ORD-01981,2026-05-09,ST-010,SKU-EL-003,Bluetooth Speaker,Electronics,2,24.99,East
ORD-00724,2026-03-26,ST-008,SKU-AP-002,Running Shoes,Apparel,2,29.99,West
ORD-02273,2026-05-20,ST-010,SKU-TY-004,Board Game Family Pack,Toys,4,14.99,North
ORD-04679,2026-08-14,ST-016,SKU-ST-001,Notebook A5 Ruled,Stationery,4,1.29,West
ORD-03039,2026-06-17,ST-018,SKU-TY-003,Plush Bear Medium,Toys,3,6.49,North
ORD-01958,2026-05-08,ST-004,SKU-HM-002,LED Desk Lamp,Home,2,11.99,North
ORD-03553,2026-07-05,ST-016,SKU-EL-005,Smartwatch Band,Electronics,2,7.99,East
ORD-00873,2026-03-30,ST-018,SKU-HM-005,Storage Basket Set,Home,2,6.99,West
ORD-01152,2026-04-09,ST-006,SKU-GR-005,Dark Chocolate Bar,Grocery,3,1.79,East
ORD-03129,2026-06-20,ST-005,SKU-GR-001,Organic Almonds 500g,Grocery,1,6.49,South
ORD-00280,2026-03-10,ST-007,SKU-GR-001,Organic Almonds 500g,Grocery,1,6.49,East
ORD-03472,2026-07-03,ST-013,SKU-AP-002,Running Shoes,Apparel,1,29.99,North
ORD-04755,2026-08-16,ST-012,SKU-EL-003,Bluetooth Speaker,Electronics,2,24.99,South
ORD-03454,2026-07-02,ST-003,SKU-HM-005,Storage Basket Set,Home,1,6.99,Central
ORD-01264,2026-04-14,ST-012,SKU-HM-004,Non-stick Pan 24cm,Home,1,9.99,West
ORD-00907,2026-03-31,ST-003,SKU-AP-001,Cotton T-Shirt,Apparel,2,4.99,Central
ORD-05015,2026-08-25,ST-003,SKU-HM-001,Ceramic Mug Set,Home,1,5.99,West
ORD-00487,2026-03-17,ST-011,SKU-ST-004,Sticky Notes Set,Stationery,4,0.99,East
ORD-00036,2026-03-02,ST-022,SKU-HM-004,Non-stick Pan 24cm,Home,1,9.99,North
ORD-03858,2026-07-16,ST-003,SKU-AP-005,Rain Jacket,Apparel,2,18.99,West
ORD-03349,2026-06-28,ST-021,SKU-GR-001,Organic Almonds 500g,Grocery,2,6.49,West
ORD-00042,2026-03-02,ST-008,SKU-HM-002,LED Desk Lamp,Home,1,11.99,East
ORD-00842,2026-03-29,ST-017,SKU-GR-005,Dark Chocolate Bar,Grocery,5,1.79,North
ORD-03265,2026-06-25,ST-011,SKU-GR-001,Organic Almonds 500g,Grocery,1,6.49,West
ORD-01268,2026-04-14,ST-013,SKU-HM-004,Non-stick Pan 24cm,Home,2,9.99,East
ORD-02445,2026-05-26,ST-020,SKU-HM-005,Storage Basket Set,Home,1,6.99,Central
ORD-00511,2026-03-18,ST-019,SKU-AP-004,Wool Socks 3-pack,Apparel,4,3.49,Central
ORD-02357,2026-05-23,ST-016,SKU-AP-004,Wool Socks 3-pack,Apparel,4,3.49,Central
ORD-03557,2026-07-06,ST-006,SKU-ST-003,Desk Organizer,Stationery,4,5.99,East
ORD-04045,2026-07-21,ST-004,SKU-TY-005,Remote Control Car,Toys,4,16.99,Central
ORD-03753,2026-07-12,ST-011,SKU-HM-001,Ceramic Mug Set,Home,1,5.99,North
ORD-03391,2026-06-30,ST-023,SKU-HM-003,Cotton Bedsheet Set,Home,4,14.99,Central
ORD-04814,2026-08-18,ST-005,SKU-TY-004,Board Game Family Pack,Toys,4,14.99,East
ORD-02428,2026-05-25,ST-001,SKU-EL-002,USB-C Charger 30W,Electronics,1,8.99,North
ORD-00335,2026-03-12,ST-001,SKU-BE-002,Sunscreen SPF 50,Beauty,4,5.49,South
ORD-03445,2026-07-02,ST-023,SKU-ST-002,Gel Pen Pack of 10,Stationery,1,1.49,Central
ORD-02800,2026-06-09,ST-024,SKU-BE-002,Sunscreen SPF 50,Beauty,2,5.49,West
ORD-03516,2026-07-04,ST-009,SKU-EL-001,Wireless Earbuds,Electronics,4,18.49,West
ORD-04058,2026-07-22,ST-013,SKU-HM-003,Cotton Bedsheet Set,Home,2,14.99,North
ORD-01099,2026-04-07,ST-021,SKU-EL-004,Power Bank 10000mAh,Electronics,1,12.99,East
ORD-02509,2026-05-29,ST-012,SKU-AP-004,Wool Socks 3-pack,Apparel,1,3.49,West
ORD-03967,2026-07-19,ST-013,SKU-HM-004,Non-stick Pan 24cm,Home,4,9.99,West
ORD-00105,2026-03-04,ST-009,SKU-ST-003,Desk Organizer,Stationery,4,5.99,Central
ORD-02458,2026-05-27,ST-008,SKU-TY-004,Board Game Family Pack,Toys,1,14.99,South
ORD-04599,2026-08-11,ST-007,SKU-EL-004,Power Bank 10000mAh,Electronics,3,12.99,West
ORD-00664,2026-03-23,ST-014,SKU-EL-004,Power Bank 10000mAh,Electronics,4,12.99,South
ORD-01760,2026-05-02,ST-010,SKU-BE-005,Lip Balm Pack of 3,Beauty,,1.49,West
ORD-01706,2026-04-29,ST-009,SKU-EL-004,Power Bank 10000mAh,Electronics,4,12.99,Central
ORD-02282,2026-05-21,ST-008,SKU-TY-004,Board Game Family Pack,Toys,1,14.99,East
ORD-02942,2026-06-14,ST-024,SKU-TY-001,Wooden Puzzle Set,Toys,3,7.99,South
ORD-00150,2026-03-06,ST-024,SKU-ST-001,Notebook A5 Ruled,Stationery,2,1.29,South
ORD-02849,2026-06-10,ST-019,SKU-ST-004,Sticky Notes Set,Stationery,1,0.99,East
ORD-01218,2026-04-12,ST-023,SKU-EL-002,USB-C Charger 30W,Electronics,4,8.99,Central
ORD-01918,2026-05-07,ST-024,SKU-BE-003,Shampoo 400ml,Beauty,5,3.49,West
ORD-01998,2026-05-10,ST-019,SKU-HM-001,Ceramic Mug Set,Home,2,5.99,South
ORD-00328,2026-03-12,ST-020,SKU-TY-002,Building Blocks 100pc,Toys,1,12.99,South
ORD-03208,2026-06-23,ST-020,SKU-HM-001,Ceramic Mug Set,Home,1,5.99,West
ORD-02700,2026-06-05,ST-009,SKU-HM-005,Storage Basket Set,Home,1,6.99,South
ORD-03002,2026-06-16,ST-009,SKU-EL-005,Smartwatch Band,Electronics,1,7.99,East
ORD-04566,2026-08-10,ST-001,SKU-ST-004,Sticky Notes Set,Stationery,1,0.99,Central
ORD-02009,2026-05-10,ST-016,SKU-GR-002,Green Tea Box 25pk,Grocery,1,2.49,West
ORD-05057,2026-08-26,ST-003,SKU-BE-002,Sunscreen SPF 50,Beauty,1,5.49,South
ORD-03228,2026-06-24,ST-007,SKU-TY-003,Plush Bear Medium,Toys,1,6.49,West
ORD-04621,2026-08-11,ST-007,SKU-HM-003,Cotton Bedsheet Set,Home,1,14.99,North
ORD-02574,2026-06-01,ST-006,SKU-GR-003,Extra Virgin Olive Oil 1L,Grocery,5,8.99,West
ORD-02406,2026-05-25,ST-018,SKU-ST-004,Sticky Notes Set,Stationery,1,0.99,East
ORD-03148,2026-06-21,ST-010,SKU-HM-005,Storage Basket Set,Home,1,6.99,Central
ORD-03670,2026-07-09,ST-008,SKU-TY-001,Wooden Puzzle Set,Toys,1,7.99,South
ORD-00604,2026-03-21,ST-017,SKU-HM-002,LED Desk Lamp,Home,4,11.99,Central
ORD-04510,2026-08-08,ST-002,SKU-ST-001,Notebook A5 Ruled,Stationery,3,1.29,East
ORD-01031,2026-04-05,ST-009,SKU-ST-004,Sticky Notes Set,Stationery,1,0.99,Central
ORD-03491,2026-07-03,ST-018,SKU-GR-001,Organic Almonds 500g,Grocery,5,6.49,East
ORD-04066,2026-07-22,ST-015,SKU-AP-003,Denim Jacket,Apparel,1,23.99,East
ORD-05031,2026-08-25,ST-003,SKU-EL-003,Bluetooth Speaker,Electronics,2,24.99,West
ORD-04882,2026-08-20,ST-024,SKU-GR-001,Organic Almonds 500g,Grocery,1,6.49,Central
ORD-01473,2026-04-21,ST-009,SKU-ST-001,Notebook A5 Ruled,Stationery,1,1.29,Central
ORD-04918,2026-08-21,ST-004,SKU-HM-004,Non-stick Pan 24cm,Home,1,9.99,North
ORD-01387,2026-04-18,ST-016,SKU-BE-003,Shampoo 400ml,Beauty,4,3.49,West
ORD-04884,2026-08-20,ST-018,SKU-HM-004,Non-stick Pan 24cm,Home,3,9.99,South
ORD-02683,2026-06-05,ST-019,SKU-BE-004,,Beauty,1,1.99,North
ORD-02149,2026-05-16,ST-009,SKU-GR-002,Green Tea Box 25pk,Grocery,1,2.49,East
ORD-03410,2026-07-01,ST-012,SKU-GR-001,Organic Almonds 500g,Grocery,2,6.49,East
ORD-00233,2026-03-09,ST-016,SKU-GR-005,Dark Chocolate Bar,Grocery,5,1.79,Central
ORD-03053,2026-06-18,ST-012,SKU-TY-003,Plush Bear Medium,Toys,2,6.49,West
ORD-02417,2026-05-25,ST-016,SKU-EL-004,Power Bank 10000mAh,Electronics,1,12.99,North
ORD-01345,2026-04-17,ST-012,SKU-AP-001,Cotton T-Shirt,Apparel,1,4.99,West
ORD-03046,2026-06-17,ST-020,SKU-EL-003,Bluetooth Speaker,Electronics,2,24.99,West
ORD-00114,2026-03-04,ST-021,SKU-HM-005,Storage Basket Set,Home,1,6.99,West
ORD-03910,2026-07-17,ST-014,SKU-BE-001,Aloe Vera Gel 200ml,Beauty,2,2.49,East
ORD-01424,2026-04-20,ST-014,SKU-TY-005,Remote Control Car,Toys,4,16.99,East
ORD-00477,2026-03-17,ST-014,SKU-BE-003,Shampoo 400ml,Beauty,5,3.49,West
ORD-03108,2026-06-20,ST-017,SKU-TY-002,Building Blocks 100pc,Toys,3,12.99,South
ORD-02234,2026-05-19,ST-024,SKU-BE-004,Hand Cream 100ml,Beauty,1,1.99,West
ORD-04637,2026-08-12,ST-008,SKU-AP-005,Rain Jacket,Apparel,2,18.99,North
ORD-02857,2026-06-11,ST-007,SKU-AP-003,Denim Jacket,Apparel,5,23.99,East
ORD-04047,2026-07-21,ST-009,SKU-EL-003,Bluetooth Speaker,Electronics,5,24.99,South
ORD-04657,2026-08-13,ST-016,SKU-AP-002,Running Shoes,Apparel,1,29.99,West
ORD-02325,2026-05-22,ST-009,SKU-EL-003,Bluetooth Speaker,Electronics,5,24.99,South
ORD-03744,2026-07-12,ST-006,SKU-EL-004,Power Bank 10000mAh,Electronics,2,12.99,South
ORD-02438,2026-05-26,ST-024,SKU-TY-003,Plush Bear Medium,Toys,4,6.49,South
ORD-02585,2026-06-01,ST-009,SKU-ST-001,Notebook A5 Ruled,Stationery,1,1.29,North
ORD-01002,2026-04-04,ST-015,SKU-TY-001,Wooden Puzzle Set,Toys,5,7.99,West
ORD-00815,2026-03-29,ST-016,SKU-TY-003,Plush Bear Medium,Toys,2,6.49,Central
ORD-00369,2026-03-13,ST-006,SKU-EL-001,Wireless Earbuds,Electronics,1,18.49,South
ORD-01762,2026-05-02,ST-010,SKU-AP-001,Cotton T-Shirt,Apparel,4,4.99,North
ORD-02018,2026-05-10,ST-004,SKU-AP-005,Rain Jacket,Apparel,4,18.99,North
ORD-04715,2026-08-15,ST-022,SKU-ST-001,Notebook A5 Ruled,Stationery,3,1.29,North
ORD-01468,2026-04-21,ST-003,SKU-TY-003,Plush Bear Medium,Toys,1,6.49,West
ORD-01288,2026-04-14,ST-006,SKU-HM-004,Non-stick Pan 24cm,Home,3,9.99,East
ORD-01145,2026-04-09,ST-013,SKU-HM-002,LED Desk Lamp,Home,1,11.99,South
ORD-03776,2026-07-13,ST-007,SKU-BE-005,Lip Balm Pack of 3,Beauty,1,1.49,South
ORD-04904,2026-08-21,ST-024,SKU-GR-002,Green Tea Box 25pk,Grocery,4,2.49,Central
ORD-02256,2026-05-20,ST-009,SKU-GR-002,Green Tea Box 25pk,Grocery,1,2.49,West
ORD-01241,2026-04-13,ST-009,SKU-EL-002,USB-C Charger 30W,Electronics,3,8.99,South
ORD-00055,2026-03-02,ST-011,SKU-HM-004,Non-stick Pan 24cm,Home,1,9.99,Central
ORD-01980,2026-05-09,ST-024,SKU-TY-004,Board Game Family Pack,Toys,4,14.99,Central
ORD-01272,2026-04-14,ST-015,SKU-ST-004,Sticky Notes Set,Stationery,1,0.99,North
ORD-01294,2026-04-15,ST-018,SKU-EL-005,Smartwatch Band,Electronics,5,7.99,East
ORD-01916,2026-05-07,ST-007,SKU-GR-004,Whole Wheat Pasta 1kg,Grocery,3,1.99,West
ORD-02216,2026-05-19,ST-006,SKU-BE-005,Lip Balm Pack of 3,Beauty,4,1.49,East
ORD-01555,2026-04-24,ST-001,SKU-AP-005,Rain Jacket,Apparel,2,18.99,West
ORD-04555,2026-08-09,ST-014,SKU-BE-005,Lip Balm Pack of 3,Beauty,2,1.49,Central
ORD-03325,2026-06-27,ST-004,SKU-AP-003,Denim Jacket,Apparel,1,23.99,North
ORD-00339,2026-03-12,ST-006,SKU-TY-005,,Toys,2,16.99,North
ORD-00285,2026-03-10,ST-022,SKU-ST-004,Sticky Notes Set,Stationery,1,0.99,East
ORD-04601,2026-08-11,ST-014,SKU-BE-003,Shampoo 400ml,Beauty,1,3.49,Central
ORD-01181,2026-04-10,ST-001,SKU-GR-001,,Grocery,2,6.49,Central
ORD-01454,2026-04-21,ST-005,SKU-EL-001,Wireless Earbuds,Electronics,1,18.49,North
ORD-02614,2026-06-02,ST-009,SKU-ST-003,Desk Organizer,Stationery,1,5.99,South
ORD-04611,2026-08-11,ST-011,SKU-AP-002,Running Shoes,Apparel,4,29.99,South
ORD-01856,2026-05-05,ST-018,SKU-EL-001,Wireless Earbuds,Electronics,1,18.49,West
ORD-00229,2026-03-08,ST-014,SKU-GR-001,Organic Almonds 500g,Grocery,4,6.49,Central
ORD-02112,2026-05-14,ST-019,SKU-BE-002,Sunscreen SPF 50,Beauty,1,5.49,West
ORD-01300,2026-04-15,ST-012,SKU-HM-004,Non-stick Pan 24cm,Home,2,9.99,West
ORD-02923,2026-06-13,ST-018,SKU-EL-002,USB-C Charger 30W,Electronics,2,8.99,East
ORD-03189,2026-06-22,ST-010,SKU-GR-005,Dark Chocolate Bar,Grocery,4,1.79,East
ORD-01885,2026-05-06,ST-022,SKU-GR-004,Whole Wheat Pasta 1kg,Grocery,2,1.99,South
ORD-02620,2026-06-02,ST-016,SKU-BE-004,Hand Cream 100ml,Beauty,1,1.99,North
ORD-02881,2026-06-12,ST-001,SKU-TY-002,Building Blocks 100pc,Toys,1,12.99,Central
ORD-03346,2026-06-28,ST-001,SKU-HM-002,LED Desk Lamp,Home,2,11.99,Central
ORD-00031,2026-03-01,ST-005,SKU-EL-004,Power Bank 10000mAh,Electronics,5,12.99,South
ORD-01071,2026-04-06,ST-020,SKU-GR-003,Extra Virgin Olive Oil 1L,Grocery,2,8.99,South
ORD-01766,2026-05-02,ST-020,SKU-AP-004,Wool Socks 3-pack,Apparel,3,3.49,West
ORD-00659,2026-03-23,ST-011,SKU-ST-001,Notebook A5 Ruled,Stationery,1,1.29,North
ORD-01569,2026-04-25,ST-008,SKU-EL-005,Smartwatch Band,Electronics,,7.99,West
ORD-01467,2026-04-21,ST-021,SKU-ST-004,Sticky Notes Set,Stationery,1,0.99,East
ORD-01232,2026-04-12,ST-003,SKU-GR-004,Whole Wheat Pasta 1kg,Grocery,1,1.99,Central
ORD-02352,2026-05-23,ST-022,SKU-EL-001,Wireless Earbuds,Electronics,5,18.49,East
ORD-01410,2026-04-19,ST-023,SKU-EL-003,Bluetooth Speaker,Electronics,1,24.99,North
ORD-04795,2026-08-17,ST-014,SKU-BE-002,Sunscreen SPF 50,Beauty,2,5.49,South
ORD-04687,2026-08-14,ST-018,SKU-ST-001,Notebook A5 Ruled,Stationery,4,1.29,East
ORD-02063,2026-05-12,ST-023,SKU-EL-005,Smartwatch Band,Electronics,5,7.99,East
ORD-01325,2026-04-16,ST-023,SKU-EL-003,Bluetooth Speaker,Electronics,4,24.99,West
ORD-00850,2026-03-30,ST-001,SKU-GR-002,Green Tea Box 25pk,Grocery,1,2.49,Central
ORD-04178,2026-07-26,ST-012,SKU-AP-004,Wool Socks 3-pack,Apparel,1,3.49,North
ORD-04040,2026-07-21,ST-007,SKU-TY-002,Building Blocks 100pc,Toys,1,12.99,West
ORD-04841,2026-08-19,ST-010,SKU-BE-005,Lip Balm Pack of 3,Beauty,1,1.49,North
ORD-01132,2026-04-09,ST-021,SKU-TY-003,Plush Bear Medium,Toys,2,6.49,East
ORD-03991,2026-07-20,ST-001,SKU-TY-003,Plush Bear Medium,Toys,5,6.49,West
ORD-01007,2026-04-04,ST-013,SKU-TY-004,Board Game Family Pack,Toys,2,14.99,North
ORD-02048,2026-05-12,ST-011,SKU-ST-001,Notebook A5 Ruled,Stationery,1,1.29,West
ORD-01583,2026-04-26,ST-019,SKU-ST-002,Gel Pen Pack of 10,Stationery,1,1.49,South
ORD-04768,2026-08-16,ST-008,SKU-EL-001,Wireless Earbuds,Electronics,3,18.49,North
ORD-03017,2026-06-17,ST-012,SKU-TY-004,Board Game Family Pack,Toys,2,14.99,East
ORD-01765,2026-05-02,ST-010,SKU-AP-005,Rain Jacket,Apparel,5,18.99,South
ORD-03157,2026-06-21,ST-023,SKU-BE-005,Lip Balm Pack of 3,Beauty,2,1.49,Central
ORD-04026,2026-07-21,ST-007,SKU-BE-004,Hand Cream 100ml,Beauty,1,1.99,West
ORD-03874,2026-07-16,ST-003,SKU-HM-005,Storage Basket Set,Home,4,6.99,South
ORD-00327,2026-03-12,ST-006,SKU-GR-004,Whole Wheat Pasta 1kg,Grocery,4,1.99,South
ORD-01898,2026-05-06,ST-017,SKU-AP-002,Running Shoes,Apparel,1,29.99,Central
ORD-04631,2026-08-12,ST-005,SKU-GR-002,Green Tea Box 25pk,Grocery,,2.49,North
ORD-00642,2026-03-23,ST-005,SKU-TY-002,Building Blocks 100pc,Toys,1,12.99,Central
ORD-02389,2026-05-24,ST-013,SKU-GR-005,Dark Chocolate Bar,Grocery,4,1.79,North
ORD-00875,2026-03-31,ST-019,SKU-TY-003,Plush Bear Medium,Toys,5,6.49,East
ORD-02746,2026-06-07,ST-018,SKU-EL-005,Smartwatch Band,Electronics,1,7.99,Central
ORD-03397,2026-06-30,ST-008,SKU-AP-005,Rain Jacket,Apparel,2,18.99,East
ORD-03696,2026-07-11,ST-011,SKU-BE-002,Sunscreen SPF 50,Beauty,1,5.49,Central
ORD-03645,2026-07-08,ST-017,SKU-TY-003,Plush Bear Medium,Toys,5,6.49,West
ORD-03358,2026-06-28,ST-017,SKU-AP-001,Cotton T-Shirt,Apparel,5,4.99,South
ORD-03915,2026-07-17,ST-022,SKU-HM-004,Non-stick Pan 24cm,Home,3,9.99,Central
ORD-00287,2026-03-10,ST-004,SKU-ST-002,Gel Pen Pack of 10,Stationery,1,1.49,East
ORD-02815,2026-06-09,ST-009,SKU-ST-003,Desk Organizer,Stationery,1,5.99,North
ORD-02760,2026-06-07,ST-024,SKU-GR-005,Dark Chocolate Bar,Grocery,1,,East
ORD-01974,2026-05-09,ST-022,SKU-AP-004,Wool Socks 3-pack,Apparel,2,3.49,Central
ORD-02158,2026-05-16,ST-011,SKU-BE-005,Lip Balm Pack of 3,Beauty,1,1.49,Central
ORD-04925,2026-08-22,ST-007,SKU-EL-004,Power Bank 10000mAh,Electronics,2,12.99,Central
ORD-02788,2026-06-08,ST-015,SKU-GR-003,Extra Virgin Olive Oil 1L,Grocery,3,8.99,East
ORD-01215,2026-04-12,ST-003,SKU-TY-004,Board Game Family Pack,Toys,2,14.99,Central
ORD-02980,2026-06-15,ST-014,SKU-TY-001,Wooden Puzzle Set,Toys,2,7.99,West
ORD-03150,2026-06-21,ST-007,SKU-AP-004,Wool Socks 3-pack,Apparel,5,3.49,Central
ORD-03639,2026-07-08,ST-003,SKU-GR-003,Extra Virgin Olive Oil 1L,Grocery,3,8.99,North
ORD-02360,2026-05-23,ST-011,SKU-AP-004,Wool Socks 3-pack,Apparel,2,3.49,East
ORD-02290,2026-05-21,ST-016,SKU-ST-004,Sticky Notes Set,Stationery,1,0.99,West
ORD-02605,2026/06/02,ST-007,SKU-BE-005,Lip Balm Pack of 3,Beauty,1,1.49,West
ORD-02804,2026-06-09,ST-010,SKU-HM-004,Non-stick Pan 24cm,Home,5,9.99,West
ORD-04482,2026-08-07,ST-005,SKU-BE-005,Lip Balm Pack of 3,Beauty,2,1.49,North
ORD-04708,2026-08-14,ST-016,SKU-AP-002,Running Shoes,Apparel,1,29.99,Central
ORD-02226,2026-05-19,ST-016,SKU-EL-005,Smartwatch Band,Electronics,2,7.99,West
ORD-01401,2026-04-19,ST-021,SKU-ST-001,Notebook A5 Ruled,Stationery,2,1.29,West
ORD-02780,2026-06-08,ST-011,SKU-AP-004,Wool Socks 3-pack,Apparel,4,3.49,Central
ORD-01205,2026-04-11,ST-009,SKU-AP-005,Rain Jacket,Apparel,5,18.99,South
ORD-02064,2026-05-12,ST-003,SKU-TY-005,Remote Control Car,Toys,4,16.99,Central
ORD-01806,2026-05-03,ST-013,SKU-ST-004,Sticky Notes Set,Stationery,1,0.99,South
ORD-02830,2026-06-10,ST-022,SKU-HM-002,LED Desk Lamp,Home,1,11.99,Central
ORD-04995,2026-08-24,ST-003,SKU-TY-004,Board Game Family Pack,Toys,1,14.99,North
ORD-03196,2026-06-23,ST-007,SKU-BE-003,Shampoo 400ml,Beauty,2,3.49,West
ORD-02090,2026-05-13,ST-001,SKU-AP-004,Wool Socks 3-pack,Apparel,1,3.49,East
ORD-03723,2026-07-11,ST-002,SKU-BE-003,Shampoo 400ml,Beauty,3,3.49,North
ORD-02998,2026-06-16,ST-012,SKU-ST-004,Sticky Notes Set,Stationery,3,0.99,East
ORD-03657,2026-07-09,ST-015,SKU-EL-001,Wireless Earbuds,Electronics,4,18.49,South
ORD-03111,2026-06-20,ST-014,SKU-BE-005,Lip Balm Pack of 3,Beauty,1,1.49,West
ORD-02407,2026-05-25,ST-007,SKU-GR-001,Organic Almonds 500g,Grocery,3,6.49,North
ORD-00333,2026-03-12,ST-007,SKU-HM-004,Non-stick Pan 24cm,Home,5,9.99,West
ORD-02482,2026-05-28,ST-003,SKU-HM-001,Ceramic Mug Set,Home,2,5.99,Central
ORD-01793,2026-05-03,ST-022,SKU-HM-001,Ceramic Mug Set,Home,2,5.99,North
ORD-01509,2026-04-23,ST-014,SKU-AP-001,Cotton T-Shirt,Apparel,4,4.99,East
ORD-03927,2026-07-18,ST-022,SKU-BE-003,Shampoo 400ml,Beauty,1,3.49,East
ORD-05079,2026-08-27,ST-014,SKU-GR-003,Extra Virgin Olive Oil 1L,Grocery,1,8.99,Central
ORD-02107,2026-05-14,ST-018,SKU-BE-001,Aloe Vera Gel 200ml,Beauty,1,2.49,Central
ORD-03746,2026-07-12,ST-007,SKU-TY-004,Board Game Family Pack,Toys,4,14.99,Central
ORD-04365,2026-08-03,ST-012,SKU-BE-003,Shampoo 400ml,Beauty,1,3.49,South
ORD-00191,2026-03-07,ST-005,SKU-TY-004,Board Game Family Pack,Toys,1,14.99,North
ORD-01109,2026-04-08,ST-009,SKU-BE-005,Lip Balm Pack of 3,Beauty,3,1.49,East
ORD-03954,2026-07-19,ST-010,SKU-BE-002,Sunscreen SPF 50,Beauty,2,5.49,East
ORD-01847,2026-05-05,ST-006,SKU-AP-005,Rain Jacket,Apparel,3,18.99,West
ORD-00676,2026-03-24,ST-010,SKU-HM-003,Cotton Bedsheet Set,Home,1,14.99,South
ORD-00929,2026-04-01,ST-009,SKU-ST-003,Desk Organizer,Stationery,1,5.99,West
ORD-00601,2026-03-21,ST-024,SKU-BE-004,Hand Cream 100ml,Beauty,3,1.99,West
ORD-04794,2026-08-17,ST-012,SKU-AP-002,Running Shoes,Apparel,-3,29.99,Central
ORD-04374,2026-08-03,ST-024,SKU-EL-005,Smartwatch Band,Electronics,2,7.99,East
ORD-01189,2026-04-11,ST-016,SKU-HM-003,Cotton Bedsheet Set,Home,2,14.99,South
ORD-00900,2026-03-31,ST-006,SKU-HM-001,Ceramic Mug Set,Home,3,5.99,East
ORD-02418,2026-05-25,ST-019,SKU-GR-004,Whole Wheat Pasta 1kg,Grocery,1,1.99,South
ORD-02646,2026-06-03,ST-007,SKU-BE-003,Shampoo 400ml,Beauty,4,3.49,East
ORD-01197,2026-04-11,ST-008,SKU-TY-001,Wooden Puzzle Set,Toys,1,7.99,South
ORD-04500,2026-08-07,ST-022,SKU-EL-005,Smartwatch Band,Electronics,3,7.99,South
ORD-04681,2026-08-14,ST-023,SKU-BE-005,Lip Balm Pack of 3,Beauty,1,1.49,Central
ORD-02954,2026-06-14,ST-017,SKU-TY-005,Remote Control Car,Toys,1,16.99,South
ORD-00045,2026-03-02,ST-005,SKU-AP-002,Running Shoes,Apparel,2,29.99,North
ORD-01621,2026-04-27,ST-006,SKU-HM-004,Non-stick Pan 24cm,Home,4,9.99,West
ORD-03587,2026-07-06,ST-009,SKU-EL-004,Power Bank 10000mAh,Electronics,5,12.99,Central
ORD-01870,2026-05-05,ST-015,SKU-AP-005,Rain Jacket,Apparel,1,18.99,Central
ORD-02411,2026-05-25,ST-011,SKU-BE-001,Aloe Vera Gel 200ml,Beauty,1,2.49,Central
ORD-01659,2026-04-28,ST-008,SKU-TY-002,Building Blocks 100pc,Toys,5,12.99,South
ORD-00446,2026-03-16,ST-023,SKU-EL-005,Smartwatch Band,Electronics,4,7.99,Central
ORD-03133,2026-06-20,ST-018,SKU-HM-002,LED Desk Lamp,Home,1,11.99,South
ORD-00130,2026-03-05,ST-002,SKU-AP-005,Rain Jacket,Apparel,1,18.99,East
ORD-00329,2026-03-12,ST-015,SKU-BE-004,Hand Cream 100ml,Beauty,1,1.99,East
ORD-02258,2026-05-20,ST-002,SKU-TY-002,Building Blocks 100pc,Toys,2,12.99,West
ORD-02344,2026-05-23,ST-011,SKU-AP-004,Wool Socks 3-pack,Apparel,4,3.49,West
ORD-03684,2026-07-10,ST-021,SKU-AP-001,Cotton T-Shirt,Apparel,2,4.99,South
ORD-02639,2026-06-03,ST-010,SKU-TY-002,Building Blocks 100pc,Toys,2,12.99,North
ORD-03252,2026-06-25,ST-011,SKU-BE-002,Sunscreen SPF 50,Beauty,2,5.49,East
ORD-02490,2026-05-28,ST-003,SKU-GR-001,Organic Almonds 500g,Grocery,4,6.49,South
ORD-00778,2026-03-28,ST-012,SKU-EL-003,Bluetooth Speaker,Electronics,1,24.99,North
ORD-01971,2026-05-09,ST-012,SKU-ST-001,Notebook A5 Ruled,Stationery,4,1.29,East
ORD-05036,2026-08-25,ST-008,SKU-BE-002,Sunscreen SPF 50,Beauty,2,5.49,West
ORD-01328,2026-04-16,ST-011,SKU-GR-003,Extra Virgin Olive Oil 1L,Grocery,1,8.99,Central
ORD-03283,2026-06-26,ST-013,SKU-HM-001,Ceramic Mug Set,Home,4,5.99,North
ORD-04550,2026-08-09,ST-019,SKU-HM-003,Cotton Bedsheet Set,Home,2,14.99,Central
ORD-03509,2026-07-04,ST-018,SKU-BE-003,Shampoo 400ml,Beauty,1,3.49,East
ORD-00443,2026-03-16,ST-019,SKU-EL-004,Power Bank 10000mAh,Electronics,2,12.99,West
ORD-01552,2026-04-24,ST-002,SKU-EL-001,Wireless Earbuds,Electronics,5,18.49,North
ORD-03485,2026-07-03,ST-006,SKU-HM-001,Ceramic Mug Set,Home,3,5.99,North
ORD-04732,2026-08-15,ST-024,SKU-ST-004,Sticky Notes Set,Stationery,2,0.99,South
ORD-04764,2026-08-16,ST-014,SKU-BE-002,Sunscreen SPF 50,Beauty,3,5.49,North
ORD-01801,2026-05-03,ST-005,SKU-TY-003,Plush Bear Medium,Toys,1,6.49,South
ORD-03922,2026-07-17,ST-024,SKU-TY-002,Building Blocks 100pc,Toys,1,12.99,East
ORD-02696,2026-06-05,ST-020,SKU-HM-004,Non-stick Pan 24cm,Home,1,9.99,Central
ORD-03394,2026-06-30,ST-016,SKU-ST-003,Desk Organizer,Stationery,4,5.99,South
ORD-02138,2026-05-15,ST-023,SKU-ST-001,Notebook A5 Ruled,Stationery,1,1.29,South
ORD-03502,2026-07-04,ST-019,SKU-TY-002,Building Blocks 100pc,Toys,5,12.99,West
ORD-01492,2026-04-22,ST-011,SKU-AP-003,Denim Jacket,Apparel,1,23.99,East
ORD-00927,2026-04-01,ST-010,SKU-ST-003,Desk Organizer,Stationery,2,5.99,Central
ORD-04408,2026-08-04,ST-011,SKU-AP-002,Running Shoes,Apparel,3,29.99,South
ORD-00361,2026-03-13,ST-006,SKU-TY-004,Board Game Family Pack,Toys,1,14.99,South
ORD-03273,2026-06-25,ST-021,SKU-GR-004,Whole Wheat Pasta 1kg,Grocery,5,1.99,East
ORD-05038,2026-08-25,ST-012,SKU-HM-002,LED Desk Lamp,Home,3,11.99,South
ORD-02135,2026-05-15,ST-015,SKU-HM-001,Ceramic Mug Set,Home,1,5.99,West
ORD-03865,2026-07-16,ST-016,SKU-BE-003,Shampoo 400ml,Beauty,2,3.49,South
ORD-00484,2026-03-17,ST-017,SKU-EL-004,Power Bank 10000mAh,Electronics,1,12.99,West
ORD-01374,2026-04-17,ST-020,SKU-EL-001,Wireless Earbuds,Electronics,1,18.49,West
ORD-02177,2026-05-17,ST-017,SKU-EL-003,Bluetooth Speaker,Electronics,2,24.99,South
ORD-00503,2026-03-18,ST-016,SKU-TY-002,Building Blocks 100pc,Toys,5,12.99,Central
ORD-01291,2026-04-14,ST-003,SKU-GR-001,Organic Almonds 500g,Grocery,3,6.49,Central
ORD-02095,2026-05-13,ST-018,SKU-BE-001,Aloe Vera Gel 200ml,Beauty,1,2.49,East
ORD-02045,2026-05-12,ST-015,SKU-AP-005,Rain Jacket,Apparel,3,18.99,Central
ORD-02573,2026-06-01,ST-020,SKU-ST-001,Notebook A5 Ruled,Stationery,2,1.29,West
ORD-01356,2026-04-17,ST-012,SKU-BE-003,Shampoo 400ml,Beauty,5,3.49,South
ORD-00026,2026-03-01,ST-014,SKU-GR-001,Organic Almonds 500g,Grocery,1,6.49,Central
ORD-00857,2026-03-30,ST-020,SKU-BE-002,Sunscreen SPF 50,Beauty,3,5.49,East
ORD-04265,2026-07-29,ST-010,SKU-GR-001,Organic Almonds 500g,Grocery,5,6.49,South
ORD-01393,2026-04-18,ST-015,SKU-AP-004,Wool Socks 3-pack,Apparel,1,3.49,West
ORD-00458,2026-03-16,ST-018,SKU-BE-004,Hand Cream 100ml,Beauty,5,1.99,East
ORD-04791,2026-08-17,ST-009,SKU-EL-005,Smartwatch Band,Electronics,1,,West
ORD-01022,2026-04-05,ST-020,SKU-GR-004,Whole Wheat Pasta 1kg,Grocery,1,1.99,North
ORD-00953,2026-04-02,ST-008,SKU-TY-001,Wooden Puzzle Set,Toys,4,7.99,Central
ORD-02098,2026-05-13,ST-019,SKU-EL-005,Smartwatch Band,Electronics,1,7.99,South
ORD-01006,2026-04-04,ST-011,SKU-BE-003,Shampoo 400ml,Beauty,1,3.49,North
ORD-04053,2026-07-22,ST-015,SKU-HM-005,Storage Basket Set,Home,4,6.99,East
ORD-02499,2026-05-28,ST-013,SKU-GR-003,Extra Virgin Olive Oil 1L,Grocery,2,8.99,East
ORD-01011,2026-04-04,ST-017,SKU-HM-002,LED Desk Lamp,Home,5,11.99,North
ORD-01443,2026-04-20,ST-013,SKU-BE-002,Sunscreen SPF 50,Beauty,5,5.49,South
ORD-04137,2026-07-24,ST-002,SKU-AP-004,Wool Socks 3-pack,Apparel,2,3.49,Central
ORD-02345,2026-05-23,ST-002,SKU-GR-001,Organic Almonds 500g,Grocery,1,6.49,Central
ORD-02276,2026-05-21,ST-009,SKU-GR-002,Green Tea Box 25pk,Grocery,2,2.49,Central
ORD-02600,2026-06-02,ST-001,SKU-ST-003,Desk Organizer,Stationery,2,5.99,North
ORD-03289,2026-06-26,ST-022,SKU-AP-004,Wool Socks 3-pack,Apparel,3,3.49,West
ORD-05006,2026-08-24,ST-005,SKU-TY-002,Building Blocks 100pc,Toys,1,12.99,South
ORD-00585,2026-03-21,ST-020,SKU-EL-003,Bluetooth Speaker,Electronics,2,24.99,East
ORD-01950,2026-05-08,ST-005,SKU-BE-002,Sunscreen SPF 50,Beauty,1,5.49,North
ORD-04375,2026-08-03,ST-023,SKU-GR-001,Organic Almonds 500g,Grocery,2,6.49,Central
ORD-01997,2026-05-10,ST-011,SKU-AP-004,Wool Socks 3-pack,Apparel,4,3.49,East
ORD-03513,2026-07-04,ST-011,SKU-ST-004,Sticky Notes Set,Stationery,3,0.99,North
ORD-04225,2026-07-28,ST-007,SKU-GR-003,Extra Virgin Olive Oil 1L,Grocery,1,8.99,East
ORD-03821,2026-07-14,ST-010,SKU-AP-003,Denim Jacket,Apparel,2,23.99,East
ORD-03199,2026-06-23,ST-016,SKU-TY-005,Remote Control Car,Toys,5,16.99,South
ORD-00663,2026-03-23,ST-002,SKU-HM-005,Storage Basket Set,Home,1,6.99,South
ORD-01598,2026-04-26,ST-016,SKU-TY-002,Building Blocks 100pc,Toys,5,12.99,West
ORD-02257,2026-05-20,ST-013,SKU-TY-004,Board Game Family Pack,Toys,2,14.99,West
ORD-03798,2026-07-13,ST-005,SKU-ST-002,Gel Pen Pack of 10,Stationery,1,1.49,North
ORD-03441,2026-07-02,ST-014,SKU-EL-004,Power Bank 10000mAh,Electronics,5,12.99,West
ORD-01307,2026-04-15,ST-017,SKU-AP-005,Rain Jacket,Apparel,2,18.99,East
ORD-01125,2026-04-08,ST-002,SKU-GR-001,Organic Almonds 500g,Grocery,2,6.49,Central
ORD-02547,2026-05-30,ST-021,SKU-HM-002,LED Desk Lamp,Home,-4,11.99,Central
ORD-01290,2026-04-14,ST-012,SKU-BE-001,Aloe Vera Gel 200ml,Beauty,1,2.49,East
ORD-03079,2026-06-19,ST-012,SKU-TY-005,Remote Control Car,Toys,1,16.99,West
ORD-04985,2026-08-24,ST-006,SKU-GR-005,Dark Chocolate Bar,Grocery,2,1.79,Central
ORD-03891,2026-07-17,ST-015,SKU-HM-002,LED Desk Lamp,Home,4,11.99,South
ORD-03310,2026-06-27,ST-013,SKU-BE-005,Lip Balm Pack of 3,Beauty,2,1.49,West
ORD-00309,2026-03-11,ST-014,SKU-TY-005,Remote Control Car,Toys,5,16.99,South
ORD-00315,2026-03-11,ST-001,SKU-BE-002,Sunscreen SPF 50,Beauty,3,5.49,East
ORD-04912,2026-08-21,ST-016,SKU-HM-003,Cotton Bedsheet Set,Home,-2,14.99,South
ORD-03091,2026-06-19,ST-014,SKU-GR-005,Dark Chocolate Bar,Grocery,3,1.79,Central
ORD-02952,2026-06-14,ST-022,SKU-AP-001,Cotton T-Shirt,Apparel,4,4.99,Central
ORD-04720,2026-08-15,ST-003,SKU-TY-005,Remote Control Car,Toys,2,16.99,Central
ORD-02495,2026-05-28,ST-019,SKU-GR-001,Organic Almonds 500g,Grocery,1,6.49,South
ORD-00885,2026-03-31,ST-012,SKU-ST-001,Notebook A5 Ruled,Stationery,4,1.29,West
ORD-03446,2026-07-02,ST-006,SKU-AP-001,Cotton T-Shirt,Apparel,2,4.99,East
ORD-02778,2026-06-08,ST-016,SKU-HM-005,Storage Basket Set,Home,5,6.99,East
ORD-02466,2026-05-27,ST-020,SKU-AP-001,Cotton T-Shirt,Apparel,1,4.99,West
ORD-04091,2026-07-23,ST-018,SKU-AP-004,Wool Socks 3-pack,Apparel,4,3.49,South
ORD-01660,2026-04-28,ST-018,SKU-BE-003,Shampoo 400ml,Beauty,1,3.49,Central
ORD-04581,2026-08-10,ST-004,SKU-GR-002,Green Tea Box 25pk,Grocery,4,2.49,West
ORD-01724,2026-04-30,ST-012,SKU-BE-001,Aloe Vera Gel 200ml,Beauty,4,2.49,East
ORD-00314,2026-03-11,ST-014,SKU-HM-005,Storage Basket Set,Home,2,6.99,East
ORD-02835,2026-06-10,ST-018,SKU-AP-003,Denim Jacket,Apparel,1,23.99,North
ORD-01567,2026-04-25,ST-006,SKU-AP-004,Wool Socks 3-pack,Apparel,1,3.49,North
ORD-02851,2026-06-10,ST-003,SKU-GR-001,Organic Almonds 500g,Grocery,5,6.49,West
ORD-02772,2026-06-08,ST-013,SKU-AP-002,Running Shoes,Apparel,1,29.99,West
ORD-02522,2026-05-29,ST-015,SKU-BE-001,Aloe Vera Gel 200ml,Beauty,5,2.49,East
ORD-00712,2026-03-25,ST-003,SKU-HM-003,Cotton Bedsheet Set,Home,4,14.99,West
ORD-04163,2026-07-25,ST-003,SKU-EL-005,Smartwatch Band,Electronics,3,7.99,North
ORD-00177,2026-03-07,ST-020,SKU-EL-005,Smartwatch Band,Electronics,1,7.99,Central
ORD-02363,2026-05-23,ST-016,SKU-EL-004,Power Bank 10000mAh,Electronics,5,12.99,Central
ORD-03395,2026-06-30,ST-013,SKU-HM-005,Storage Basket Set,Home,3,6.99,South
ORD-02497,2026-05-28,ST-004,SKU-AP-002,Running Shoes,Apparel,1,29.99,East
ORD-02902,2026-06-12,ST-015,SKU-BE-005,Lip Balm Pack of 3,Beauty,1,1.49,East
ORD-02057,2026-05-12,ST-024,SKU-EL-005,Smartwatch Band,Electronics,4,7.99,North
ORD-04773,2026-08-16,ST-014,SKU-GR-001,Organic Almonds 500g,Grocery,1,6.49,North
ORD-01700,2026-04-29,ST-007,SKU-HM-003,Cotton Bedsheet Set,Home,4,14.99,North
ORD-04250,2026-07-29,ST-005,SKU-EL-005,Smartwatch Band,Electronics,3,7.99,West
ORD-02663,2026-06-04,ST-015,SKU-ST-001,Notebook A5 Ruled,Stationery,4,1.29,South
ORD-02781,2026-06-08,ST-005,SKU-HM-004,Non-stick Pan 24cm,Home,2,9.99,Central
ORD-03963,2026-07-19,ST-008,SKU-HM-005,Storage Basket Set,Home,1,6.99,South
ORD-03594,2026-07-07,ST-003,SKU-EL-003,Bluetooth Speaker,Electronics,4,24.99,East
ORD-01177,2026-04-10,ST-006,SKU-GR-001,Organic Almonds 500g,Grocery,4,6.49,South
ORD-01106,2026-04-07,ST-009,SKU-TY-001,Wooden Puzzle Set,Toys,1,7.99,East
ORD-00098,2026-03-04,ST-009,SKU-BE-002,Sunscreen SPF 50,Beauty,4,5.49,East
ORD-02396,2026-05-24,ST-024,SKU-BE-001,Aloe Vera Gel 200ml,Beauty,1,2.49,North
ORD-00645,2026-03-23,ST-022,SKU-TY-003,Plush Bear Medium,Toys,3,6.49,North
ORD-00400,2026-03-14,ST-016,SKU-HM-003,Cotton Bedsheet Set,Home,2,14.99,Central
ORD-00218,2026-03-08,ST-020,SKU-ST-002,Gel Pen Pack of 10,Stationery,4,1.49,East
ORD-04403,2026-08-04,ST-002,SKU-AP-002,Running Shoes,Apparel,4,29.99,East
ORD-04844,2026-08-19,ST-003,SKU-AP-004,Wool Socks 3-pack,Apparel,2,3.49,Central
ORD-04341,2026-08-01,ST-003,SKU-AP-002,Running Shoes,Apparel,2,29.99,North
ORD-02701,2026-06-05,ST-007,SKU-GR-002,Green Tea Box 25pk,Grocery,,2.49,South
ORD-02425,2026-05-25,ST-001,SKU-GR-002,Green Tea Box 25pk,Grocery,3,2.49,South
ORD-02539,2026-05-30,ST-014,SKU-TY-002,Building Blocks 100pc,Toys,2,12.99,South
ORD-00030,2026-03-01,ST-001,SKU-HM-005,Storage Basket Set,Home,1,6.99,South
ORD-03439,2026-07-02,ST-011,SKU-EL-001,Wireless Earbuds,Electronics,1,18.49,East
ORD-00253,2026-03-09,ST-006,SKU-BE-003,Shampoo 400ml,Beauty,4,3.49,West
ORD-03855,2026-07-15,ST-003,SKU-HM-001,Ceramic Mug Set,Home,1,5.99,Central
ORD-02507,2026-05-29,ST-013,SKU-EL-003,Bluetooth Speaker,Electronics,3,24.99,East
ORD-02326,2026-05-22,ST-011,SKU-EL-005,Smartwatch Band,Electronics,1,7.99,West
ORD-02678,2026-06-04,ST-012,SKU-ST-004,Sticky Notes Set,Stationery,3,0.99,Central
ORD-00849,2026-03-30,ST-007,SKU-GR-003,Extra Virgin Olive Oil 1L,Grocery,1,8.99,East
ORD-02809,2026-06-09,ST-003,SKU-AP-001,Cotton T-Shirt,Apparel,2,4.99,Central
ORD-00566,2026-03-20,ST-004,SKU-GR-004,Whole Wheat Pasta 1kg,Grocery,4,1.99,Central
ORD-03035,2026-06-17,ST-002,SKU-AP-002,Running Shoes,Apparel,2,29.99,Central
ORD-00312,2026-03-11,ST-021,SKU-GR-004,Whole Wheat Pasta 1kg,Grocery,3,1.99,North
ORD-00734,2026-03-26,ST-023,SKU-TY-001,Wooden Puzzle Set,Toys,4,7.99,West
ORD-01259,2026-04-13,ST-016,SKU-BE-003,Shampoo 400ml,Beauty,5,3.49,East
ORD-03489,2026-07-03,ST-002,SKU-BE-002,Sunscreen SPF 50,Beauty,1,5.49,Central
ORD-02542,2026-05-30,ST-003,SKU-EL-005,Smartwatch Band,Electronics,1,7.99,Central
ORD-00775,2026-03-27,ST-006,SKU-BE-004,Hand Cream 100ml,Beauty,4,1.99,West
ORD-02227,2026-05-19,ST-010,SKU-BE-002,Sunscreen SPF 50,Beauty,3,5.49,Central
ORD-03207,2026-06-23,ST-008,SKU-EL-005,Smartwatch Band,Electronics,2,7.99,West
ORD-02026,2026-05-11,ST-004,SKU-GR-003,Extra Virgin Olive Oil 1L,Grocery,3,8.99,West
ORD-00951,2026-04-02,ST-014,SKU-AP-002,Running Shoes,Apparel,1,29.99,Central
ORD-00493,2026-03-17,ST-015,SKU-AP-004,Wool Socks 3-pack,Apparel,2,3.49,North
ORD-04758,2026-08-16,ST-021,SKU-ST-001,Notebook A5 Ruled,Stationery,1,1.29,South
ORD-04067,2026-07-22,ST-012,SKU-BE-002,Sunscreen SPF 50,Beauty,1,5.49,South
ORD-04672,2026-08-13,ST-002,SKU-AP-003,Denim Jacket,Apparel,3,23.99,East
ORD-00276,2026-03-10,ST-016,SKU-TY-005,Remote Control Car,Toys,2,16.99,South
ORD-02244,2026-05-19,ST-018,SKU-GR-003,Extra Virgin Olive Oil 1L,Grocery,2,8.99,South
ORD-01471,2026/04/21,ST-019,SKU-ST-001,Notebook A5 Ruled,Stationery,2,1.29,North
ORD-02324,2026-05-22,ST-005,SKU-AP-002,Running Shoes,Apparel,4,29.99,North
ORD-02068,2026-05-12,ST-020,SKU-HM-005,Storage Basket Set,Home,5,6.99,South
ORD-02546,2026-05-30,ST-003,SKU-AP-001,Cotton T-Shirt,Apparel,2,4.99,Central
ORD-03804,2026-07-14,ST-005,SKU-BE-003,Shampoo 400ml,Beauty,1,3.49,North
ORD-00311,2026-03-11,ST-001,SKU-BE-004,Hand Cream 100ml,Beauty,4,1.99,South
ORD-00981,2026-04-03,ST-019,SKU-GR-004,Whole Wheat Pasta 1kg,Grocery,4,1.99,West
ORD-02820,2026-06-09,ST-001,SKU-ST-001,Notebook A5 Ruled,Stationery,1,1.29,North
ORD-03613,2026-07-07,ST-019,SKU-TY-003,Plush Bear Medium,Toys,2,6.49,East
ORD-00598,2026-03-21,ST-021,SKU-BE-003,Shampoo 400ml,Beauty,5,3.49,South
ORD-03817,2026-07-14,ST-009,SKU-TY-003,Plush Bear Medium,Toys,3,6.49,North
ORD-00421,2026-03-15,ST-002,SKU-GR-005,Dark Chocolate Bar,Grocery,2,1.79,West
ORD-02984,2026-06-15,ST-003,SKU-EL-004,Power Bank 10000mAh,Electronics,2,12.99,North
ORD-04169,2026-07-26,ST-001,SKU-BE-001,Aloe Vera Gel 200ml,Beauty,1,2.49,West
ORD-04848,2026-08-19,ST-014,SKU-HM-003,Cotton Bedsheet Set,Home,3,14.99,West
ORD-04406,2026-08-04,ST-017,SKU-AP-003,Denim Jacket,Apparel,1,23.99,South
ORD-04854,2026-08-19,ST-017,SKU-AP-003,Denim Jacket,Apparel,1,23.99,North
ORD-03275,2026-06-25,ST-010,SKU-GR-003,Extra Virgin Olive Oil 1L,Grocery,1,8.99,South
ORD-02606,2026-06-02,ST-011,SKU-HM-001,Ceramic Mug Set,Home,3,5.99,South
ORD-03879,2026-07-16,ST-022,SKU-ST-004,Sticky Notes Set,Stationery,1,0.99,South
ORD-02860,2026-06-11,ST-014,SKU-EL-004,Power Bank 10000mAh,Electronics,1,12.99,Central
ORD-03503,2026-07-04,ST-003,SKU-ST-001,,Stationery,5,1.29,North
ORD-03436,2026-07-02,ST-016,SKU-EL-001,Wireless Earbuds,Electronics,3,18.49,East
ORD-04806,2026-08-18,ST-002,SKU-TY-005,Remote Control Car,Toys,4,16.99,Central
ORD-02640,2026-06-03,ST-024,SKU-AP-004,Wool Socks 3-pack,Apparel,1,3.49,East
ORD-02207,2026-05-18,ST-019,SKU-HM-001,Ceramic Mug Set,Home,3,5.99,South
ORD-01101,2026-04-07,ST-002,SKU-EL-002,USB-C Charger 30W,Electronics,1,8.99,North
ORD-04385,2026-08-03,ST-013,SKU-AP-004,Wool Socks 3-pack,Apparel,5,3.49,South
ORD-04301,2026-07-31,ST-004,SKU-HM-005,Storage Basket Set,Home,2,6.99,Central
ORD-04079,2026-07-23,ST-003,SKU-GR-002,Green Tea Box 25pk,Grocery,2,2.49,South
ORD-04310,2026-07-31,ST-011,SKU-TY-001,Wooden Puzzle Set,Toys,1,7.99,East
ORD-00989,2026-04-03,ST-021,SKU-AP-005,Rain Jacket,Apparel,1,18.99,East
ORD-04308,2026-07-31,ST-018,SKU-GR-005,Dark Chocolate Bar,Grocery,3,1.79,East
ORD-04759,2026-08-16,ST-024,SKU-HM-005,Storage Basket Set,Home,2,6.99,South
ORD-01047,2026-04-05,ST-007,SKU-AP-005,Rain Jacket,Apparel,1,18.99,East
ORD-04501,2026-08-07,ST-001,SKU-TY-004,Board Game Family Pack,Toys,2,14.99,North
ORD-03261,2026-06-25,ST-023,SKU-BE-001,Aloe Vera Gel 200ml,Beauty,1,2.49,North
ORD-03101,2026-06-19,ST-003,SKU-HM-003,Cotton Bedsheet Set,Home,1,14.99,East
ORD-00248,2026-03-09,ST-016,SKU-TY-003,Plush Bear Medium,Toys,1,6.49,East
ORD-02065,2026-05-12,ST-021,SKU-TY-005,Remote Control Car,Toys,5,16.99,South
ORD-04098,2026-07-23,ST-005,SKU-BE-005,Lip Balm Pack of 3,Beauty,2,1.49,East
ORD-00840,2026-03-29,ST-019,SKU-GR-001,Organic Almonds 500g,Grocery,1,6.49,North
ORD-01733,2026-05-01,ST-013,SKU-AP-003,Denim Jacket,Apparel,1,23.99,East
ORD-01228,2026-04-12,ST-007,SKU-TY-002,Building Blocks 100pc,Toys,1,12.99,East
ORD-04427,2026-08-05,ST-021,SKU-AP-001,Cotton T-Shirt,Apparel,1,4.99,West
ORD-04111,2026-07-23,ST-001,SKU-TY-003,Plush Bear Medium,Toys,5,6.49,North
ORD-02637,2026-06-03,ST-010,SKU-GR-003,Extra Virgin Olive Oil 1L,Grocery,3,8.99,North
ORD-05090,2026-08-27,ST-023,SKU-BE-003,Shampoo 400ml,Beauty,2,3.49,Central
ORD-00447,2026-03-16,ST-024,SKU-BE-001,Aloe Vera Gel 200ml,Beauty,5,2.49,South
ORD-00451,2026-03-16,ST-014,SKU-HM-005,Storage Basket Set,Home,1,6.99,South
ORD-02891,2026-06-12,ST-005,SKU-TY-002,Building Blocks 100pc,Toys,1,12.99,East
ORD-00296,2026-03-10,ST-010,SKU-TY-003,Plush Bear Medium,Toys,5,6.49,West
ORD-03184,2026-06-22,ST-011,SKU-EL-001,Wireless Earbuds,Electronics,1,18.49,East
ORD-04721,2026-08-15,ST-006,SKU-GR-003,Extra Virgin Olive Oil 1L,Grocery,4,8.99,West
ORD-04364,2026-08-02,ST-022,SKU-TY-003,Plush Bear Medium,Toys,5,6.49,North
ORD-02768,2026-06-08,ST-001,SKU-GR-002,Green Tea Box 25pk,Grocery,3,2.49,South
ORD-00449,2026-03-16,ST-002,SKU-HM-001,Ceramic Mug Set,Home,3,5.99,West
ORD-00681,2026-03-24,ST-020,SKU-EL-005,Smartwatch Band,Electronics,2,7.99,South
ORD-00692,2026-03-24,ST-023,SKU-EL-004,Power Bank 10000mAh,Electronics,2,12.99,West
ORD-00723,2026-03-26,ST-008,SKU-BE-005,Lip Balm Pack of 3,Beauty,1,1.49,Central
ORD-04003,2026-07-20,ST-009,SKU-GR-005,Dark Chocolate Bar,Grocery,5,1.79,Central
ORD-04580,2026-08-10,ST-023,SKU-AP-001,Cotton T-Shirt,Apparel,1,4.99,Central
ORD-03981,2026-07-19,ST-020,SKU-GR-002,Green Tea Box 25pk,Grocery,2,2.49,South
ORD-00910,2026-04-01,ST-009,SKU-GR-005,Dark Chocolate Bar,Grocery,3,1.79,North
ORD-04434,2026-08-05,ST-010,SKU-EL-004,Power Bank 10000mAh,Electronics,1,12.99,Central
ORD-01068,2026-04-06,ST-022,SKU-ST-002,Gel Pen Pack of 10,Stationery,1,1.49,South
ORD-02770,2026-06-08,ST-011,SKU-HM-002,LED Desk Lamp,Home,1,11.99,West
ORD-00812,2026-03-28,ST-022,SKU-HM-002,LED Desk Lamp,Home,2,11.99,West
ORD-03523,2026-07-04,ST-015,SKU-HM-003,Cotton Bedsheet Set,Home,3,14.99,Central
ORD-02790,2026-06-08,ST-006,SKU-HM-002,LED Desk Lamp,Home,3,11.99,South
ORD-02376,2026-05-24,ST-018,SKU-BE-002,Sunscreen SPF 50,Beauty,2,5.49,East
ORD-04328,2026-08-01,ST-003,SKU-TY-001,Wooden Puzzle Set,Toys,2,7.99,West
ORD-04277,2026-07-30,ST-004,SKU-AP-003,Denim Jacket,Apparel,5,23.99,East
ORD-05071,2026-08-26,ST-023,SKU-TY-005,Remote Control Car,Toys,5,16.99,East
ORD-04813,2026-08-18,ST-006,SKU-HM-001,Ceramic Mug Set,Home,1,5.99,South
ORD-00526,2026-03-19,ST-021,SKU-HM-004,Non-stick Pan 24cm,Home,4,9.99,North
ORD-02441,2026-05-26,ST-002,SKU-GR-003,Extra Virgin Olive Oil 1L,Grocery,4,8.99,Central
ORD-03094,2026-06-19,ST-008,SKU-EL-001,Wireless Earbuds,Electronics,4,18.49,South
ORD-02708,2026-06-05,ST-021,SKU-GR-004,Whole Wheat Pasta 1kg,Grocery,4,1.99,South
ORD-01296,2026-04-15,ST-001,SKU-HM-005,Storage Basket Set,Home,1,6.99,South
ORD-02129,2026-05-15,ST-015,SKU-GR-001,Organic Almonds 500g,Grocery,4,6.49,Central
ORD-00274,2026-03-10,ST-016,SKU-TY-003,Plush Bear Medium,Toys,2,6.49,South
ORD-00955,2026-04-02,ST-002,SKU-AP-005,Rain Jacket,Apparel,2,18.99,West
ORD-01334,2026-04-16,ST-003,SKU-TY-002,Building Blocks 100pc,Toys,5,12.99,West
ORD-00298,2026-03-10,ST-016,SKU-ST-001,Notebook A5 Ruled,Stationery,2,1.29,East
ORD-03484,2026-07-03,ST-007,SKU-HM-004,Non-stick Pan 24cm,Home,2,9.99,East
ORD-01009,2026-04-04,ST-010,SKU-ST-004,Sticky Notes Set,Stationery,4,0.99,West
ORD-04448,2026-08-05,ST-013,SKU-ST-003,Desk Organizer,Stationery,3,5.99,Central
ORD-00236,2026-03-09,ST-013,SKU-BE-002,Sunscreen SPF 50,Beauty,1,5.49,East
ORD-00548,2026-03-19,ST-005,SKU-BE-004,Hand Cream 100ml,Beauty,2,1.99,West
ORD-02695,2026-06-05,ST-017,SKU-GR-004,Whole Wheat Pasta 1kg,Grocery,1,1.99,Central
ORD-02395,2026-05-24,ST-011,SKU-AP-004,Wool Socks 3-pack,Apparel,4,3.49,Central
ORD-02354,2026-05-23,ST-008,SKU-HM-004,Non-stick Pan 24cm,Home,2,9.99,North
ORD-03951,2026-07-19,ST-016,SKU-EL-002,USB-C Charger 30W,Electronics,2,8.99,South
ORD-04407,2026-08-04,ST-012,SKU-GR-004,Whole Wheat Pasta 1kg,Grocery,1,1.99,Central
ORD-03015,2026-06-16,ST-024,SKU-AP-002,Running Shoes,Apparel,4,29.99,East
ORD-03113,2026-06-20,ST-016,SKU-EL-004,Power Bank 10000mAh,Electronics,1,12.99,North
ORD-03074,2026-06-18,ST-005,SKU-ST-003,Desk Organizer,Stationery,3,5.99,West
ORD-01504,2026-04-22,ST-003,SKU-HM-005,Storage Basket Set,Home,3,6.99,West
ORD-02596,2026-06-01,ST-019,SKU-GR-003,Extra Virgin Olive Oil 1L,Grocery,1,8.99,Central
ORD-00003,2026-03-01,ST-001,SKU-TY-004,Board Game Family Pack,Toys,5,14.99,West
ORD-04576,2026-08-10,ST-020,SKU-BE-003,Shampoo 400ml,Beauty,1,3.49,West
ORD-05011,2026-08-24,ST-011,SKU-BE-003,Shampoo 400ml,Beauty,2,3.49,North
ORD-00571,2026-03-20,ST-010,SKU-AP-001,Cotton T-Shirt,Apparel,2,4.99,Central
ORD-04043,2026-07-21,ST-011,SKU-AP-002,Running Shoes,Apparel,4,29.99,South
ORD-02461,2026-05-27,ST-003,SKU-GR-005,Dark Chocolate Bar,Grocery,2,1.79,West
ORD-00137,2026-03-05,ST-009,SKU-TY-001,Wooden Puzzle Set,Toys,1,7.99,West
ORD-01852,2026-05-05,ST-016,SKU-BE-003,Shampoo 400ml,Beauty,4,3.49,Central
ORD-04237,2026-07-28,ST-012,SKU-TY-001,Wooden Puzzle Set,Toys,1,7.99,North
ORD-03522,2026-07-04,ST-010,SKU-EL-001,Wireless Earbuds,Electronics,1,18.49,Central
ORD-02917,2026-06-13,ST-012,SKU-GR-005,Dark Chocolate Bar,Grocery,3,1.79,East
ORD-03778,2026-07-13,ST-009,SKU-EL-002,USB-C Charger 30W,Electronics,1,8.99,East
ORD-04949,2026-08-23,ST-008,SKU-TY-002,Building Blocks 100pc,Toys,1,12.99,East
ORD-04957,2026-08-23,ST-021,SKU-HM-002,LED Desk Lamp,Home,3,11.99,West
ORD-04709,2026-08-15,ST-019,SKU-GR-004,Whole Wheat Pasta 1kg,Grocery,1,1.99,West
ORD-01431,2026-04-20,ST-011,SKU-EL-002,USB-C Charger 30W,Electronics,3,8.99,South
ORD-04986,2026-08-24,ST-021,SKU-BE-002,Sunscreen SPF 50,Beauty,1,5.49,Central
ORD-01364,2026-04-17,ST-005,SKU-AP-002,Running Shoes,Apparel,5,29.99,East
ORD-02132,2026-05-15,ST-008,SKU-BE-004,Hand Cream 100ml,Beauty,1,1.99,South
ORD-03088,2026-06-19,ST-016,SKU-ST-004,Sticky Notes Set,Stationery,1,0.99,Central
ORD-03947,2026-07-18,ST-003,SKU-ST-003,Desk Organizer,Stationery,1,5.99,West
ORD-01196,2026-04-11,ST-005,SKU-AP-004,Wool Socks 3-pack,Apparel,1,3.49,Central
ORD-00867,2026-03-30,ST-016,SKU-GR-005,Dark Chocolate Bar,Grocery,5,1.79,South
ORD-04968,2026-08-23,ST-018,SKU-EL-004,Power Bank 10000mAh,Electronics,1,12.99,West
ORD-04315,2026-07-31,ST-005,SKU-BE-002,Sunscreen SPF 50,Beauty,3,5.49,Central
ORD-01265,2026-04-14,ST-012,SKU-HM-003,Cotton Bedsheet Set,Home,4,14.99,East
ORD-03620,2026-07-08,ST-022,SKU-AP-001,Cotton T-Shirt,Apparel,1,4.99,Central
ORD-02456,2026-05-26,ST-024,SKU-GR-001,Organic Almonds 500g,Grocery,1,6.49,North
ORD-01839,2026-05-04,ST-017,SKU-BE-003,Shampoo 400ml,Beauty,1,3.49,South
ORD-02409,2026-05-25,ST-013,SKU-TY-004,Board Game Family Pack,Toys,5,14.99,Central
ORD-00217,2026-03-08,ST-013,SKU-TY-001,Wooden Puzzle Set,Toys,2,7.99,Central
ORD-01059,2026-04-06,ST-018,SKU-TY-005,Remote Control Car,Toys,4,16.99,North
ORD-00618,2026-03-22,ST-021,SKU-TY-001,Wooden Puzzle Set,Toys,3,7.99,East
ORD-02475,2026-05-27,ST-020,SKU-BE-004,Hand Cream 100ml,Beauty,1,1.99,Central
ORD-03912,2026-07-17,ST-019,SKU-HM-002,LED Desk Lamp,Home,2,11.99,Central
ORD-02145,2026-05-15,ST-019,SKU-BE-003,Shampoo 400ml,Beauty,1,3.49,North
ORD-00490,2026-03-17,ST-023,SKU-HM-005,Storage Basket Set,Home,1,6.99,North
ORD-04450,2026-08-06,ST-012,SKU-AP-004,Wool Socks 3-pack,Apparel,1,3.49,West
ORD-00307,2026-03-11,ST-020,SKU-TY-001,Wooden Puzzle Set,Toys,1,7.99,South
ORD-01934,2026-05-08,ST-008,SKU-GR-005,Dark Chocolate Bar,Grocery,4,1.79,East
ORD-01732,2026-05-01,ST-015,SKU-TY-004,Board Game Family Pack,Toys,3,14.99,South
ORD-00085,2026-03-03,ST-014,SKU-EL-001,Wireless Earbuds,Electronics,3,18.49,East
ORD-02238,2026-05-19,ST-009,SKU-EL-002,USB-C Charger 30W,Electronics,1,8.99,North
ORD-04658,2026-08-13,ST-016,SKU-BE-005,Lip Balm Pack of 3,Beauty,3,1.49,Central
ORD-04424,2026-08-04,ST-003,SKU-GR-002,Green Tea Box 25pk,Grocery,5,2.49,East
ORD-04516,2026-08-08,ST-004,SKU-TY-004,Board Game Family Pack,Toys,4,14.99,South
ORD-03100,2026-06-19,ST-010,SKU-AP-005,Rain Jacket,Apparel,4,18.99,South
ORD-03201,2026-06-23,ST-012,SKU-HM-002,LED Desk Lamp,Home,5,11.99,Central
ORD-04288,2026-07-30,ST-005,SKU-HM-002,LED Desk Lamp,Home,1,11.99,Central
ORD-03730,2026-07-12,ST-012,SKU-TY-003,Plush Bear Medium,Toys,1,6.49,Central
ORD-02595,2026-06-01,ST-013,SKU-GR-004,Whole Wheat Pasta 1kg,Grocery,1,1.99,South
ORD-04369,2026-08-03,ST-007,SKU-ST-004,Sticky Notes Set,Stationery,-5,0.99,North
ORD-04762,2026-08-16,ST-023,SKU-HM-003,Cotton Bedsheet Set,Home,1,14.99,West
ORD-02243,2026-05-19,ST-013,SKU-EL-002,USB-C Charger 30W,Electronics,2,8.99,Central
ORD-04574,2026-08-10,ST-003,SKU-TY-004,Board Game Family Pack,Toys,5,14.99,East
ORD-00321,2026-03-11,ST-014,SKU-TY-002,Building Blocks 100pc,Toys,1,12.99,West
ORD-04961,2026-08-23,ST-014,SKU-HM-005,Storage Basket Set,Home,1,6.99,North
ORD-03641,2026-07-08,ST-017,SKU-ST-002,Gel Pen Pack of 10,Stationery,1,1.49,West
ORD-02299,2026-05-21,ST-006,SKU-BE-002,Sunscreen SPF 50,Beauty,5,5.49,South
ORD-02218,2026-05-19,ST-016,SKU-AP-004,Wool Socks 3-pack,Apparel,1,3.49,Central
ORD-03057,2026-06-18,ST-024,SKU-TY-002,Building Blocks 100pc,Toys,1,12.99,North
ORD-04143,2026-07-25,ST-021,SKU-HM-002,LED Desk Lamp,Home,5,11.99,East
ORD-03089,2026-06-19,ST-008,SKU-GR-002,Green Tea Box 25pk,Grocery,1,2.49,North
ORD-04039,2026-07-21,ST-016,SKU-HM-005,Storage Basket Set,Home,4,6.99,North
ORD-00074,2026-03-03,ST-023,SKU-TY-002,Building Blocks 100pc,Toys,1,12.99,Central
ORD-04139,2026-07-24,ST-024,SKU-HM-003,Cotton Bedsheet Set,Home,1,14.99,East
ORD-00797,2026-03-28,ST-011,SKU-HM-002,LED Desk Lamp,Home,2,11.99,East
ORD-00234,2026-03-09,ST-010,SKU-HM-004,Non-stick Pan 24cm,Home,2,9.99,North
ORD-01618,2026-04-27,ST-022,SKU-HM-005,Storage Basket Set,Home,5,6.99,East
ORD-02982,2026-06-15,ST-016,SKU-GR-005,Dark Chocolate Bar,Grocery,1,1.79,South
ORD-00301,2026-03-11,ST-014,SKU-ST-003,Desk Organizer,Stationery,2,5.99,South
ORD-00472,2026-03-17,ST-002,SKU-AP-002,Running Shoes,Apparel,3,29.99,West
ORD-02681,2026-06-04,ST-016,SKU-ST-003,Desk Organizer,Stationery,1,5.99,North
ORD-00405,2026-03-14,ST-023,SKU-AP-002,Running Shoes,Apparel,1,29.99,North
ORD-04600,2026-08-11,ST-005,SKU-ST-003,Desk Organizer,Stationery,1,5.99,West
ORD-02217,2026-05-19,ST-015,SKU-EL-004,Power Bank 10000mAh,Electronics,5,12.99,Central
ORD-02981,2026-06-15,ST-017,SKU-GR-001,Organic Almonds 500g,Grocery,2,6.49,East
ORD-01825,2026-05-04,ST-009,SKU-GR-005,Dark Chocolate Bar,Grocery,1,1.79,North
ORD-05089,2026-08-27,ST-011,SKU-TY-002,Building Blocks 100pc,Toys,5,12.99,West
ORD-01308,2026-04-15,ST-010,SKU-EL-005,Smartwatch Band,Electronics,1,7.99,West
ORD-00194,2026-03-07,ST-021,SKU-GR-002,Green Tea Box 25pk,Grocery,2,2.49,North
ORD-03078,2026-06-19,ST-024,SKU-EL-001,Wireless Earbuds,Electronics,-1,18.49,South
ORD-03427,2026-07-01,ST-005,SKU-EL-003,Bluetooth Speaker,Electronics,3,24.99,East
ORD-00011,2026-03-01,ST-011,SKU-BE-002,Sunscreen SPF 50,Beauty,4,5.49,East
ORD-02734,2026-06-06,ST-005,SKU-TY-004,Board Game Family Pack,Toys,1,14.99,South
ORD-03847,2026-07-15,ST-023,SKU-BE-003,Shampoo 400ml,Beauty,2,3.49,East
ORD-03727,2026-07-11,ST-023,SKU-ST-003,Desk Organizer,Stationery,2,5.99,South
ORD-04915,2026-08-21,ST-002,SKU-AP-005,Rain Jacket,Apparel,1,18.99,East
ORD-05041,2026-08-25,ST-009,SKU-ST-004,Sticky Notes Set,Stationery,1,0.99,South
ORD-01058,2026-04-06,ST-019,SKU-BE-002,Sunscreen SPF 50,Beauty,3,5.49,West
ORD-00948,2026-04-02,ST-016,SKU-BE-003,Shampoo 400ml,Beauty,1,3.49,North
ORD-04439,2026-08-05,ST-013,SKU-HM-001,Ceramic Mug Set,Home,2,5.99,West
ORD-00019,2026-03-01,ST-018,SKU-BE-005,Lip Balm Pack of 3,Beauty,4,1.49,West
ORD-02675,2026-06-04,ST-002,SKU-AP-004,Wool Socks 3-pack,Apparel,5,3.49,East
ORD-02373,2026-05-24,ST-015,SKU-HM-001,Ceramic Mug Set,Home,4,5.99,East
ORD-01865,2026-05-05,ST-005,SKU-AP-004,Wool Socks 3-pack,Apparel,,3.49,West
ORD-03222,2026-06-24,ST-024,SKU-GR-003,Extra Virgin Olive Oil 1L,Grocery,1,8.99,South
ORD-02754,2026-06-07,ST-022,SKU-ST-002,Gel Pen Pack of 10,Stationery,3,1.49,Central
ORD-02847,2026-06-10,ST-002,SKU-HM-005,Storage Basket Set,Home,3,6.99,South
ORD-01402,2026-04-19,ST-024,SKU-BE-003,Shampoo 400ml,Beauty,2,3.49,West
ORD-03632,2026-07-08,ST-017,SKU-ST-002,Gel Pen Pack of 10,Stationery,1,1.49,West
ORD-02100,2026-05-13,ST-011,SKU-AP-005,Rain Jacket,Apparel,2,18.99,South
ORD-03964,2026-07-19,ST-009,SKU-BE-004,Hand Cream 100ml,Beauty,1,1.99,North
ORD-02178,2026-05-17,ST-007,SKU-EL-001,Wireless Earbuds,Electronics,1,18.49,South
ORD-02845,2026-06-10,ST-018,SKU-TY-003,Plush Bear Medium,Toys,1,6.49,West
ORD-01961,2026-05-08,ST-006,SKU-GR-001,Organic Almonds 500g,Grocery,5,6.49,North
ORD-03770,2026-07-13,ST-001,SKU-GR-002,Green Tea Box 25pk,Grocery,3,2.49,West
ORD-05021,2026-08-25,ST-019,SKU-TY-002,Building Blocks 100pc,Toys,4,12.99,South
ORD-04971,2026-08-23,ST-016,SKU-HM-004,Non-stick Pan 24cm,Home,1,9.99,North
ORD-00108,2026-03-04,ST-012,SKU-HM-005,Storage Basket Set,Home,3,6.99,East
ORD-00444,2026-03-16,ST-023,SKU-EL-001,Wireless Earbuds,Electronics,3,18.49,Central
ORD-04356,2026-08-02,ST-001,SKU-EL-003,Bluetooth Speaker,Electronics,3,24.99,East
ORD-03260,2026-06-25,ST-006,SKU-EL-004,Power Bank 10000mAh,Electronics,1,12.99,Central
ORD-04033,2026-07-21,ST-024,SKU-EL-002,USB-C Charger 30W,Electronics,3,8.99,North
ORD-04141,2026-07-24,ST-008,SKU-HM-003,Cotton Bedsheet Set,Home,5,14.99,South
ORD-03924,2026-07-18,ST-024,SKU-ST-001,Notebook A5 Ruled,Stationery,2,1.29,South
ORD-04557,2026-08-09,ST-001,SKU-BE-005,Lip Balm Pack of 3,Beauty,3,1.49,South
ORD-00810,2026-03-28,ST-012,SKU-HM-005,Storage Basket Set,Home,1,6.99,North
ORD-00404,2026-03-14,ST-015,SKU-ST-002,Gel Pen Pack of 10,Stationery,,1.49,West
ORD-04110,2026-07-23,ST-022,SKU-ST-004,Sticky Notes Set,Stationery,5,0.99,South
ORD-04999,2026-08-24,ST-022,SKU-TY-003,Plush Bear Medium,Toys,3,6.49,East
ORD-00399,2026-03-14,ST-011,SKU-BE-003,Shampoo 400ml,Beauty,1,3.49,North
ORD-03977,2026-07-19,ST-016,SKU-BE-002,Sunscreen SPF 50,Beauty,1,5.49,West
ORD-04120,2026-07-24,ST-006,SKU-ST-002,Gel Pen Pack of 10,Stationery,3,1.49,Central
ORD-02686,2026-06-05,ST-021,SKU-BE-005,Lip Balm Pack of 3,Beauty,2,1.49,East
ORD-03203,2026-06-23,ST-013,SKU-TY-002,Building Blocks 100pc,Toys,1,12.99,East
ORD-04105,2026-07-23,ST-003,SKU-GR-004,Whole Wheat Pasta 1kg,Grocery,2,1.99,East
ORD-03518,2026-07-04,ST-010,SKU-HM-004,Non-stick Pan 24cm,Home,2,9.99,South
ORD-00176,2026-03-07,ST-011,SKU-AP-002,Running Shoes,Apparel,4,29.99,North
ORD-03242,2026-06-24,ST-022,SKU-AP-001,Cotton T-Shirt,Apparel,1,4.99,South
ORD-01400,2026-04-19,ST-017,SKU-AP-002,Running Shoes,Apparel,5,29.99,South
ORD-00040,2026-03-02,ST-018,SKU-AP-001,Cotton T-Shirt,Apparel,2,4.99,Central
ORD-03780,2026-07-13,ST-010,SKU-HM-003,Cotton Bedsheet Set,Home,3,14.99,North
ORD-02393,2026-05-24,ST-013,SKU-TY-001,Wooden Puzzle Set,Toys,5,7.99,West
ORD-03630,2026-07-08,ST-001,SKU-AP-005,Rain Jacket,Apparel,3,18.99,Central
ORD-02431,2026-05-25,ST-006,SKU-BE-001,Aloe Vera Gel 200ml,Beauty,5,2.49,East
ORD-04193,2026-07-27,ST-014,SKU-GR-003,Extra Virgin Olive Oil 1L,Grocery,1,8.99,South
ORD-00057,2026-03-02,ST-017,SKU-HM-005,Storage Basket Set,Home,2,6.99,North
ORD-02088,2026-05-13,ST-022,SKU-BE-001,Aloe Vera Gel 200ml,Beauty,1,2.49,West
ORD-00132,2026-03-05,ST-006,SKU-GR-003,Extra Virgin Olive Oil 1L,Grocery,2,8.99,West
ORD-04213,2026-07-27,ST-003,SKU-EL-003,Bluetooth Speaker,Electronics,2,24.99,Central
ORD-01233,2026-04-12,ST-005,SKU-ST-004,Sticky Notes Set,Stationery,1,0.99,South
ORD-01246,2026-04-13,ST-010,SKU-TY-003,Plush Bear Medium,Toys,1,6.49,Central
ORD-03389,2026-06-30,ST-001,SKU-AP-003,Denim Jacket,Apparel,1,23.99,North
ORD-01666,2026-04-28,ST-013,SKU-BE-003,Shampoo 400ml,Beauty,1,3.49,Central
ORD-02579,2026-06-01,ST-009,SKU-ST-004,Sticky Notes Set,Stationery,1,0.99,East
ORD-02464,2026-05-27,ST-008,SKU-EL-004,Power Bank 10000mAh,Electronics,2,12.99,West
ORD-04938,2026-08-22,ST-015,SKU-GR-002,Green Tea Box 25pk,Grocery,1,2.49,North
ORD-04675,2026-08-14,ST-018,SKU-EL-005,Smartwatch Band,Electronics,2,7.99,Central
ORD-01982,2026-05-09,ST-022,SKU-HM-002,LED Desk Lamp,Home,4,11.99,North
ORD-01662,2026-04-28,ST-023,SKU-EL-002,USB-C Charger 30W,Electronics,1,8.99,North
ORD-00547,2026-03-19,ST-009,SKU-BE-004,Hand Cream 100ml,Beauty,2,1.99,Central
ORD-01520,2026-04-23,ST-013,SKU-GR-001,Organic Almonds 500g,Grocery,1,6.49,Central
ORD-02248,2026-05-20,ST-015,SKU-BE-005,Lip Balm Pack of 3,Beauty,2,1.49,East
ORD-04340,2026-08-01,ST-011,SKU-ST-002,Gel Pen Pack of 10,Stationery,2,1.49,Central
ORD-03291,2026-06-26,ST-021,SKU-HM-005,Storage Basket Set,Home,5,6.99,Central
ORD-04428,2026-08-05,ST-011,SKU-TY-003,Plush Bear Medium,Toys,3,6.49,East
ORD-04333,2026-08-01,ST-008,SKU-EL-001,Wireless Earbuds,Electronics,1,18.49,East
ORD-03878,2026-07-16,ST-020,SKU-GR-003,Extra Virgin Olive Oil 1L,Grocery,2,8.99,South
ORD-02581,2026-06-01,ST-016,SKU-EL-003,Bluetooth Speaker,Electronics,4,24.99,South
ORD-02452,2026-05-26,ST-006,SKU-HM-001,Ceramic Mug Set,Home,3,5.99,Central
ORD-00531,2026-03-19,ST-005,SKU-TY-002,Building Blocks 100pc,Toys,2,12.99,East
ORD-03815,2026-07-14,ST-020,SKU-EL-002,USB-C Charger 30W,Electronics,2,8.99,East
ORD-00674,2026-03-24,ST-001,SKU-EL-004,Power Bank 10000mAh,Electronics,4,12.99,South
ORD-01638,2026-04-27,ST-020,SKU-AP-003,Denim Jacket,Apparel,2,23.99,West
ORD-03716,2026-07-11,ST-005,SKU-EL-004,Power Bank 10000mAh,Electronics,3,12.99,West
ORD-03307,2026-06-26,ST-014,SKU-HM-003,Cotton Bedsheet Set,Home,1,14.99,West
ORD-01433,2026-04-20,ST-022,SKU-TY-001,Wooden Puzzle Set,Toys,3,7.99,East
ORD-03873,2026-07-16,ST-010,SKU-AP-002,Running Shoes,Apparel,1,29.99,East
ORD-00613,2026-03-22,ST-002,SKU-TY-005,Remote Control Car,Toys,1,16.99,Central
ORD-03793,2026-07-13,ST-007,SKU-HM-004,Non-stick Pan 24cm,Home,4,9.99,North
ORD-02525,2026-05-29,ST-009,SKU-GR-001,Organic Almonds 500g,Grocery,4,6.49,Central
ORD-04082,2026-07-23,ST-010,SKU-TY-004,Board Game Family Pack,Toys,1,14.99,East
ORD-04713,2026-08-15,ST-011,SKU-BE-001,Aloe Vera Gel 200ml,Beauty,1,2.49,West
ORD-03099,2026-06-19,ST-004,SKU-HM-003,Cotton Bedsheet Set,Home,1,14.99,South
ORD-04523,2026-08-08,ST-002,SKU-TY-002,Building Blocks 100pc,Toys,2,12.99,East
ORD-05046,2026-08-25,ST-023,SKU-ST-003,Desk Organizer,Stationery,1,5.99,North
ORD-00994,2026-04-03,ST-022,SKU-EL-004,Power Bank 10000mAh,Electronics,1,12.99,West
ORD-04908,2026-08-21,ST-006,SKU-ST-002,Gel Pen Pack of 10,Stationery,2,1.49,Central
ORD-04620,2026-08-11,ST-008,SKU-HM-003,Cotton Bedsheet Set,Home,5,14.99,West
ORD-01703,2026-04-29,ST-001,SKU-TY-005,Remote Control Car,Toys,4,16.99,North
ORD-02400,2026-05-25,ST-016,SKU-EL-003,Bluetooth Speaker,Electronics,1,24.99,East
ORD-00759,2026-03-27,ST-019,SKU-HM-005,Storage Basket Set,Home,,6.99,South
ORD-03215,2026-06-23,ST-013,SKU-HM-004,Non-stick Pan 24cm,Home,2,9.99,Central
ORD-00732,2026-03-26,ST-011,SKU-HM-003,,Home,2,14.99,East
ORD-04571,2026-08-10,ST-009,SKU-BE-004,Hand Cream 100ml,Beauty,2,1.99,West
ORD-02612,2026-06-02,ST-024,SKU-TY-004,Board Game Family Pack,Toys,2,14.99,North
ORD-01710,2026-04-30,ST-004,SKU-HM-001,Ceramic Mug Set,Home,4,5.99,Central
ORD-04257,2026-07-29,ST-012,SKU-BE-001,Aloe Vera Gel 200ml,Beauty,1,2.49,North
ORD-04177,2026-07-26,ST-015,SKU-TY-003,Plush Bear Medium,Toys,2,6.49,South
ORD-00761,2026-03-27,ST-016,SKU-EL-004,Power Bank 10000mAh,Electronics,1,12.99,West
ORD-04564,2026-08-10,ST-016,SKU-BE-003,Shampoo 400ml,Beauty,3,3.49,East
ORD-02988,2026-06-15,ST-021,SKU-AP-005,Rain Jacket,Apparel,5,18.99,South
ORD-04719,2026-08-15,ST-007,SKU-GR-001,Organic Almonds 500g,Grocery,1,6.49,South
ORD-04906,2026-08-21,ST-007,SKU-BE-002,Sunscreen SPF 50,Beauty,2,5.49,West
ORD-01075,2026-04-06,ST-023,SKU-TY-005,Remote Control Car,Toys,1,16.99,West
ORD-04801,2026-08-18,ST-007,SKU-BE-001,Aloe Vera Gel 200ml,Beauty,1,2.49,Central
ORD-03068,2026-06-18,ST-006,SKU-GR-001,Organic Almonds 500g,Grocery,1,6.49,West
ORD-04190,2026-07-27,ST-015,SKU-GR-005,Dark Chocolate Bar,Grocery,3,1.79,Central
ORD-01573,2026-04-25,ST-003,SKU-EL-003,Bluetooth Speaker,Electronics,3,24.99,South
ORD-00522,2026-03-19,ST-003,SKU-BE-004,Hand Cream 100ml,Beauty,1,1.99,Central
ORD-03460,2026-07-02,ST-006,SKU-TY-003,Plush Bear Medium,Toys,5,6.49,East
ORD-02154,2026-05-16,ST-018,SKU-TY-002,Building Blocks 100pc,Toys,5,12.99,North
ORD-01589,2026-04-26,ST-002,SKU-AP-005,Rain Jacket,Apparel,1,18.99,East
ORD-03243,2026-06-24,ST-010,SKU-HM-004,Non-stick Pan 24cm,Home,3,9.99,East
ORD-03971,2026-07-19,ST-023,SKU-BE-002,Sunscreen SPF 50,Beauty,5,5.49,West
ORD-03482,2026-07-03,ST-010,SKU-AP-004,Wool Socks 3-pack,Apparel,1,3.49,Central
ORD-01813,2026-05-04,ST-012,SKU-HM-003,Cotton Bedsheet Set,Home,1,14.99,North
ORD-02073,2026-05-13,ST-010,SKU-EL-005,Smartwatch Band,Electronics,1,7.99,East
ORD-01223,2026-04-12,ST-016,SKU-ST-002,Gel Pen Pack of 10,Stationery,1,1.49,East
ORD-01910,2026-05-07,ST-011,SKU-HM-002,LED Desk Lamp,Home,5,11.99,West
ORD-04138,2026-07-24,ST-012,SKU-GR-001,Organic Almonds 500g,Grocery,2,6.49,North
ORD-00363,2026-03-13,ST-021,SKU-EL-005,Smartwatch Band,Electronics,1,7.99,South
ORD-03520,2026-07-04,ST-001,SKU-GR-001,Organic Almonds 500g,Grocery,2,6.49,Central
ORD-04207,2026-07-27,ST-024,SKU-AP-003,Denim Jacket,Apparel,2,23.99,West
ORD-04973,2026-08-23,ST-015,SKU-GR-004,Whole Wheat Pasta 1kg,Grocery,5,1.99,Central
ORD-00060,2026/03/02,ST-007,SKU-GR-002,Green Tea Box 25pk,Grocery,2,2.49,West
ORD-02627,2026-06-02,ST-020,SKU-EL-004,Power Bank 10000mAh,Electronics,2,12.99,West
ORD-03548,2026-07-05,ST-002,SKU-BE-004,Hand Cream 100ml,Beauty,3,1.99,Central
ORD-01906,2026-05-07,ST-015,SKU-GR-004,Whole Wheat Pasta 1kg,Grocery,3,1.99,Central
ORD-02262,2026-05-20,ST-021,SKU-AP-005,Rain Jacket,Apparel,1,18.99,West
ORD-02092,2026-05-13,ST-013,SKU-BE-002,Sunscreen SPF 50,Beauty,5,5.49,East
ORD-00530,2026-03-19,ST-016,SKU-EL-003,Bluetooth Speaker,Electronics,5,24.99,East
ORD-02433,2026-05-26,ST-003,SKU-TY-002,Building Blocks 100pc,Toys,1,12.99,South
ORD-04162,2026-07-25,ST-022,SKU-AP-005,Rain Jacket,Apparel,1,,East
ORD-01881,2026-05-06,ST-004,SKU-GR-002,Green Tea Box 25pk,Grocery,1,2.49,South
ORD-01478,2026-04-22,ST-001,SKU-BE-001,Aloe Vera Gel 200ml,Beauty,2,2.49,North
ORD-02818,2026-06-09,ST-022,SKU-HM-003,Cotton Bedsheet Set,Home,4,14.99,East
ORD-03473,2026-07-03,ST-007,SKU-HM-002,LED Desk Lamp,Home,1,11.99,West
ORD-04458,2026-08-06,ST-007,SKU-EL-002,USB-C Charger 30W,Electronics,1,8.99,North
ORD-00667,2026-03-24,ST-016,SKU-EL-001,Wireless Earbuds,Electronics,2,18.49,North
ORD-01954,2026-05-08,ST-011,SKU-EL-001,Wireless Earbuds,Electronics,1,18.49,North
ORD-00255,2026-03-09,ST-007,SKU-TY-003,Plush Bear Medium,Toys,1,6.49,North
ORD-02534,2026-05-30,ST-021,SKU-BE-001,Aloe Vera Gel 200ml,Beauty,3,2.49,West
ORD-02105,2026-05-14,ST-020,SKU-TY-005,Remote Control Car,Toys,1,16.99,Central
ORD-03799,2026-07-13,ST-017,SKU-GR-002,Green Tea Box 25pk,Grocery,2,2.49,North
ORD-01362,2026-04-17,ST-013,SKU-BE-002,Sunscreen SPF 50,Beauty,1,5.49,South
ORD-02977,2026-06-15,ST-020,SKU-TY-002,Building Blocks 100pc,Toys,1,12.99,Central
ORD-01604,2026-04-26,ST-007,SKU-TY-005,Remote Control Car,Toys,1,16.99,South
ORD-00478,2026-03-17,ST-017,SKU-BE-005,Lip Balm Pack of 3,Beauty,2,1.49,West
ORD-01635,2026-04-27,ST-009,SKU-AP-004,Wool Socks 3-pack,Apparel,1,3.49,South
ORD-00453,2026-03-16,ST-024,SKU-GR-002,Green Tea Box 25pk,Grocery,1,2.49,West
ORD-02575,2026-06-01,ST-019,SKU-AP-004,Wool Socks 3-pack,Apparel,1,3.49,North
ORD-00789,2026-03-28,ST-010,SKU-ST-002,Gel Pen Pack of 10,Stationery,1,1.49,North
ORD-03813,2026-07-14,ST-018,SKU-EL-001,Wireless Earbuds,Electronics,1,18.49,West
ORD-04701,2026-08-14,ST-003,SKU-EL-001,Wireless Earbuds,Electronics,2,18.49,North
ORD-00106,2026-03-04,ST-009,SKU-ST-001,Notebook A5 Ruled,Stationery,1,1.29,West
ORD-02747,2026-06-07,ST-008,SKU-BE-002,Sunscreen SPF 50,Beauty,1,5.49,Central
ORD-02586,2026-06-01,ST-020,SKU-ST-004,Sticky Notes Set,Stationery,4,,Central
ORD-00515,2026-03-18,ST-006,SKU-AP-003,Denim Jacket,Apparel,2,23.99,South
ORD-05088,2026-08-27,ST-005,SKU-AP-002,Running Shoes,Apparel,5,29.99,South
ORD-04869,2026-08-20,ST-001,SKU-GR-002,Green Tea Box 25pk,Grocery,1,2.49,North
ORD-02989,2026-06-15,ST-001,SKU-BE-002,Sunscreen SPF 50,Beauty,1,5.49,Central
ORD-01434,2026-04-20,ST-015,SKU-TY-001,Wooden Puzzle Set,Toys,1,7.99,Central
ORD-01948,2026-05-08,ST-004,SKU-ST-003,Desk Organizer,Stationery,1,5.99,East
ORD-00058,2026-03-02,ST-003,SKU-BE-005,Lip Balm Pack of 3,Beauty,5,1.49,North
ORD-04880,2026-08-20,ST-014,SKU-EL-001,Wireless Earbuds,Electronics,1,18.49,South
ORD-04515,2026-08-08,ST-014,SKU-EL-004,Power Bank 10000mAh,Electronics,3,12.99,West
ORD-03839,2026-07-15,ST-016,SKU-ST-003,Desk Organizer,Stationery,2,5.99,South
ORD-04803,2026-08-18,ST-003,SKU-ST-004,Sticky Notes Set,Stationery,1,0.99,North
ORD-04171,2026-07-26,ST-016,SKU-GR-005,Dark Chocolate Bar,Grocery,3,1.79,East
ORD-03510,2026-07-04,ST-009,SKU-EL-004,Power Bank 10000mAh,Electronics,5,12.99,South
ORD-02225,2026-05-19,ST-003,SKU-EL-005,Smartwatch Band,Electronics,1,7.99,Central
ORD-00952,2026-04-02,ST-022,SKU-HM-004,Non-stick Pan 24cm,Home,1,9.99,North
ORD-04805,2026-08-18,ST-015,SKU-AP-001,Cotton T-Shirt,Apparel,2,4.99,West
ORD-01758,2026-05-01,ST-016,SKU-AP-005,Rain Jacket,Apparel,1,18.99,North
ORD-02757,2026-06-07,ST-018,SKU-GR-001,Organic Almonds 500g,Grocery,4,6.49,North
ORD-03908,2026-07-17,ST-023,SKU-GR-001,Organic Almonds 500g,Grocery,2,6.49,North
ORD-03241,2026-06-24,ST-001,SKU-HM-002,LED Desk Lamp,Home,1,11.99,East
ORD-00740,2026-03-26,ST-008,SKU-ST-004,Sticky Notes Set,Stationery,1,0.99,North
ORD-04789,2026-08-17,ST-007,SKU-BE-002,Sunscreen SPF 50,Beauty,2,5.49,North
ORD-03476,2026-07-03,ST-024,SKU-EL-004,Power Bank 10000mAh,Electronics,4,12.99,North
ORD-03948,2026-07-18,ST-002,SKU-GR-005,Dark Chocolate Bar,Grocery,2,1.79,West
ORD-01845,2026-05-04,ST-004,SKU-GR-003,Extra Virgin Olive Oil 1L,Grocery,2,8.99,West
ORD-04013,2026-07-20,ST-022,SKU-HM-003,Cotton Bedsheet Set,Home,4,14.99,West
ORD-00677,2026-03-24,ST-002,SKU-BE-004,Hand Cream 100ml,Beauty,2,1.99,North
ORD-01949,2026-05-08,ST-013,SKU-GR-002,Green Tea Box 25pk,Grocery,1,2.49,Central
ORD-03400,2026-06-30,ST-019,SKU-EL-005,Smartwatch Band,Electronics,5,7.99,South
ORD-03285,2026-06-26,ST-006,SKU-AP-001,Cotton T-Shirt,Apparel,4,4.99,East
ORD-04065,2026-07-22,ST-023,SKU-HM-001,Ceramic Mug Set,Home,3,5.99,South
ORD-01396,2026-04-18,ST-012,SKU-AP-002,Running Shoes,Apparel,4,29.99,East
ORD-04442,2026-08-05,ST-001,SKU-HM-001,Ceramic Mug Set,Home,4,5.99,West
ORD-00510,2026-03-18,ST-023,SKU-HM-001,Ceramic Mug Set,Home,-1,5.99,North
ORD-02737,2026-06-06,ST-005,SKU-HM-003,Cotton Bedsheet Set,Home,1,14.99,North
ORD-00319,2026-03-11,ST-002,SKU-ST-001,Notebook A5 Ruled,Stationery,,1.29,East
ORD-00590,2026-03-21,ST-018,SKU-EL-005,Smartwatch Band,Electronics,1,7.99,North
ORD-03724,2026-07-11,ST-002,SKU-BE-004,Hand Cream 100ml,Beauty,1,1.99,North
ORD-01302,2026-04-15,ST-008,SKU-BE-004,Hand Cream 100ml,Beauty,2,1.99,West
ORD-01213,2026-04-12,ST-024,SKU-TY-001,Wooden Puzzle Set,Toys,1,7.99,East
ORD-01211,2026-04-11,ST-020,SKU-HM-003,Cotton Bedsheet Set,Home,2,14.99,Central
ORD-03177,2026-06-22,ST-009,SKU-ST-001,Notebook A5 Ruled,Stationery,5,1.29,West
ORD-03267,2026-06-25,ST-020,SKU-EL-001,Wireless Earbuds,Electronics,4,18.49,South
ORD-05068,2026-08-26,ST-003,SKU-HM-003,Cotton Bedsheet Set,Home,2,14.99,East
ORD-01627,2026-04-27,ST-021,SKU-ST-002,Gel Pen Pack of 10,Stationery,1,1.49,North
ORD-02537,2026-05-30,ST-010,SKU-AP-001,Cotton T-Shirt,Apparel,4,4.99,South
ORD-01066,2026-04-06,ST-024,SKU-HM-005,Storage Basket Set,Home,1,6.99,South
ORD-04296,2026-07-31,ST-023,SKU-AP-001,Cotton T-Shirt,Apparel,1,4.99,East
ORD-03171,2026-06-22,ST-015,SKU-GR-004,Whole Wheat Pasta 1kg,Grocery,1,1.99,South
ORD-04739,2026-08-15,ST-008,SKU-BE-003,Shampoo 400ml,Beauty,2,3.49,East
ORD-01405,2026-04-19,ST-017,SKU-GR-002,Green Tea Box 25pk,Grocery,2,2.49,West
ORD-01672,2026-04-28,ST-016,SKU-TY-002,Building Blocks 100pc,Toys,1,12.99,Central
ORD-01960,2026-05-08,ST-002,SKU-AP-002,Running Shoes,Apparel,1,29.99,West
ORD-00087,2026-03-03,ST-021,SKU-ST-003,Desk Organizer,Stationery,2,5.99,West
ORD-01511,2026-04-23,ST-004,SKU-ST-002,Gel Pen Pack of 10,Stationery,2,1.49,South
ORD-04165,2026-07-25,ST-023,SKU-TY-003,Plush Bear Medium,Toys,1,,North
ORD-01751,2026-05-01,ST-018,SKU-BE-003,Shampoo 400ml,Beauty,4,3.49,Central
ORD-01108,2026-04-08,ST-001,SKU-TY-005,Remote Control Car,Toys,1,16.99,West
ORD-01687,2026-04-29,ST-024,SKU-AP-004,Wool Socks 3-pack,Apparel,2,3.49,West
ORD-04855,2026-08-19,ST-017,SKU-HM-005,Storage Basket Set,Home,2,6.99,East
ORD-00940,2026-04-02,ST-020,SKU-BE-003,Shampoo 400ml,Beauty,3,3.49,Central
ORD-04484,2026-08-07,ST-014,SKU-HM-005,Storage Basket Set,Home,1,6.99,West
ORD-00441,2026-03-16,ST-013,SKU-TY-005,Remote Control Car,Toys,2,16.99,North
ORD-04967,2026-08-23,ST-017,SKU-GR-001,Organic Almonds 500g,Grocery,1,6.49,East
ORD-03830,2026-07-15,ST-001,SKU-ST-004,Sticky Notes Set,Stationery,2,0.99,North
ORD-04670,2026-08-13,ST-020,SKU-GR-003,Extra Virgin Olive Oil 1L,Grocery,3,8.99,South
ORD-05062,2026-08-26,ST-003,SKU-BE-004,Hand Cream 100ml,Beauty,4,1.99,Central
ORD-02170,2026-05-16,ST-019,SKU-BE-002,Sunscreen SPF 50,Beauty,1,5.49,West
ORD-02168,2026-05-16,ST-001,SKU-BE-003,Shampoo 400ml,Beauty,1,3.49,East
ORD-02949,2026-06-14,ST-023,SKU-AP-001,Cotton T-Shirt,Apparel,1,4.99,South
ORD-04705,2026-08-14,ST-019,SKU-AP-002,Running Shoes,Apparel,1,29.99,South
ORD-04837,2026-08-19,ST-015,SKU-BE-003,Shampoo 400ml,Beauty,2,3.49,South
ORD-04740,2026-08-15,ST-006,SKU-GR-002,Green Tea Box 25pk,Grocery,3,2.49,South
ORD-02752,2026-06-07,ST-001,SKU-HM-005,Storage Basket Set,Home,2,6.99,South
ORD-03345,2026-06-28,ST-009,SKU-BE-004,Hand Cream 100ml,Beauty,1,1.99,Central
ORD-02355,2026-05-23,ST-021,SKU-BE-001,Aloe Vera Gel 200ml,Beauty,4,2.49,East
ORD-01564,2026-04-25,ST-006,SKU-ST-001,Notebook A5 Ruled,Stationery,1,1.29,South
ORD-00829,2026-03-29,ST-018,SKU-AP-002,Running Shoes,Apparel,1,29.99,Central
ORD-01258,2026-04-13,ST-009,SKU-EL-003,Bluetooth Speaker,Electronics,4,24.99,South
ORD-04783,2026-08-17,ST-002,SKU-ST-004,Sticky Notes Set,Stationery,4,0.99,North
ORD-03913,2026-07-17,ST-011,SKU-EL-005,Smartwatch Band,Electronics,2,7.99,West
ORD-02532,2026-05-30,ST-018,SKU-ST-004,Sticky Notes Set,Stationery,5,0.99,West
ORD-03136,2026-06-20,ST-007,SKU-AP-003,Denim Jacket,Apparel,1,23.99,North
ORD-02892,2026-06-12,ST-011,SKU-GR-001,Organic Almonds 500g,Grocery,1,6.49,Central
ORD-02236,2026-05-19,ST-019,SKU-BE-005,Lip Balm Pack of 3,Beauty,4,1.49,North
ORD-04578,2026-08-10,ST-010,SKU-TY-003,Plush Bear Medium,Toys,2,6.49,South
ORD-04106,2026-07-23,ST-012,SKU-EL-002,USB-C Charger 30W,Electronics,2,8.99,West
ORD-04926,2026-08-22,ST-015,SKU-GR-002,Green Tea Box 25pk,Grocery,3,2.49,West
ORD-01578,2026-04-25,ST-023,SKU-ST-001,Notebook A5 Ruled,Stationery,1,1.29,Central
ORD-03957,2026-07-19,ST-005,SKU-AP-002,Running Shoes,Apparel,4,29.99,South
ORD-04878,2026-08-20,ST-016,SKU-TY-005,Remote Control Car,Toys,1,16.99,East
ORD-01800,2026-05-03,ST-021,SKU-BE-002,Sunscreen SPF 50,Beauty,1,5.49,East
ORD-01670,2026-04-28,ST-013,SKU-EL-001,Wireless Earbuds,Electronics,4,18.49,North
ORD-03902,2026-07-17,ST-007,SKU-GR-003,Extra Virgin Olive Oil 1L,Grocery,4,8.99,Central
ORD-03421,2026-07-01,ST-019,SKU-TY-003,Plush Bear Medium,Toys,1,6.49,East
ORD-00581,2026-03-20,ST-007,SKU-TY-003,Plush Bear Medium,Toys,1,6.49,South
ORD-03507,2026-07-04,ST-018,SKU-EL-001,Wireless Earbuds,Electronics,2,18.49,South
ORD-03945,2026-07-18,ST-009,SKU-AP-005,Rain Jacket,Apparel,1,18.99,South
ORD-01933,2026-05-08,ST-017,SKU-TY-004,Board Game Family Pack,Toys,,14.99,North
ORD-02886,2026-06-12,ST-023,SKU-AP-002,Running Shoes,Apparel,4,29.99,South
ORD-02046,2026-05-12,ST-013,SKU-ST-002,Gel Pen Pack of 10,Stationery,1,1.49,West
ORD-03173,2026-06-22,ST-018,SKU-BE-004,Hand Cream 100ml,Beauty,2,1.99,North
ORD-03823,2026-07-14,ST-019,SKU-EL-004,Power Bank 10000mAh,Electronics,1,12.99,North
ORD-03820,2026-07-14,ST-003,SKU-TY-001,Wooden Puzzle Set,Toys,1,7.99,North
ORD-04960,2026-08-23,ST-017,SKU-ST-004,Sticky Notes Set,Stationery,5,0.99,East
ORD-00654,2026-03-23,ST-007,SKU-ST-003,Desk Organizer,Stationery,2,5.99,North
ORD-00349,2026-03-12,ST-012,SKU-GR-003,Extra Virgin Olive Oil 1L,Grocery,4,8.99,South
ORD-04551,2026-08-09,ST-016,SKU-HM-003,Cotton Bedsheet Set,Home,1,14.99,East
ORD-00904,2026-03-31,ST-010,SKU-BE-001,,Beauty,5,2.49,North
ORD-00267,2026-03-10,ST-006,SKU-ST-001,Notebook A5 Ruled,Stationery,1,1.29,South
ORD-00157,2026-03-06,ST-004,SKU-EL-005,Smartwatch Band,Electronics,4,7.99,North
ORD-03000,2026-06-16,ST-011,SKU-EL-002,USB-C Charger 30W,Electronics,5,8.99,East
ORD-01942,2026-05-08,ST-024,SKU-ST-003,Desk Organizer,Stationery,1,5.99,East
ORD-03463,2026-07-02,ST-015,SKU-HM-001,Ceramic Mug Set,Home,1,5.99,Central
ORD-00987,2026-04-03,ST-022,SKU-EL-002,USB-C Charger 30W,Electronics,2,8.99,West
ORD-04932,2026/08/22,ST-021,SKU-BE-002,Sunscreen SPF 50,Beauty,1,5.49,Central
ORD-00401,2026-03-14,ST-018,SKU-TY-001,Wooden Puzzle Set,Toys,2,7.99,South
ORD-01525,2026-04-23,ST-022,SKU-ST-002,Gel Pen Pack of 10,Stationery,1,1.49,West
ORD-01915,2026-05-07,ST-016,SKU-AP-004,Wool Socks 3-pack,Apparel,4,3.49,Central
ORD-04807,2026-08-18,ST-020,SKU-AP-001,Cotton T-Shirt,Apparel,4,4.99,Central
ORD-04166,2026-07-25,ST-010,SKU-AP-003,Denim Jacket,Apparel,1,23.99,East
ORD-03327,2026-06-27,ST-024,SKU-EL-004,Power Bank 10000mAh,Electronics,2,12.99,West
ORD-01169,2026-04-10,ST-021,SKU-TY-002,Building Blocks 100pc,Toys,1,12.99,East
ORD-01116,2026-04-08,ST-004,SKU-BE-001,Aloe Vera Gel 200ml,Beauty,2,2.49,South
ORD-02496,2026-05-28,ST-014,SKU-EL-004,Power Bank 10000mAh,Electronics,1,12.99,Central
ORD-01992,2026-05-09,ST-007,SKU-GR-002,Green Tea Box 25pk,Grocery,1,2.49,Central
ORD-02097,2026-05-13,ST-011,SKU-AP-003,Denim Jacket,Apparel,2,23.99,Central
ORD-03259,2026/06/25,ST-005,SKU-GR-005,Dark Chocolate Bar,Grocery,5,1.79,North
ORD-00661,2026-03-23,ST-014,SKU-HM-004,Non-stick Pan 24cm,Home,2,9.99,South
ORD-04087,2026-07-23,ST-019,SKU-AP-002,Running Shoes,Apparel,1,29.99,Central
ORD-04830,2026-08-19,ST-011,SKU-AP-001,Cotton T-Shirt,Apparel,-1,4.99,East
ORD-01715,2026-04-30,ST-006,SKU-AP-003,Denim Jacket,Apparel,3,23.99,West
ORD-00864,2026-03-30,ST-019,SKU-GR-004,Whole Wheat Pasta 1kg,Grocery,4,1.99,North
ORD-01585,2026-04-26,ST-013,SKU-TY-005,Remote Control Car,Toys,2,16.99,Central
ORD-04109,2026-07-23,ST-004,SKU-AP-003,Denim Jacket,Apparel,1,23.99,North
ORD-00764,2026-03-27,ST-003,SKU-AP-002,Running Shoes,Apparel,2,29.99,North
ORD-03695,2026-07-11,ST-024,SKU-EL-004,Power Bank 10000mAh,Electronics,5,12.99,South
ORD-02948,2026-06-14,ST-020,SKU-EL-001,Wireless Earbuds,Electronics,1,18.49,Central
ORD-00690,2026-03-24,ST-011,SKU-TY-005,Remote Control Car,Toys,1,16.99,East
ORD-04492,2026-08-07,ST-019,SKU-HM-002,LED Desk Lamp,Home,4,11.99,East
ORD-03883,2026-07-16,ST-019,SKU-BE-004,Hand Cream 100ml,Beauty,5,1.99,South
ORD-01849,2026-05-05,ST-008,SKU-GR-004,Whole Wheat Pasta 1kg,Grocery,3,1.99,South
ORD-04398,2026-08-03,ST-004,SKU-HM-001,Ceramic Mug Set,Home,1,5.99,North
ORD-00746,2026-03-27,ST-016,SKU-BE-002,Sunscreen SPF 50,Beauty,1,5.49,South
ORD-01421,2026-04-20,ST-004,SKU-BE-001,Aloe Vera Gel 200ml,Beauty,1,2.49,West
ORD-03738,2026-07-12,ST-007,SKU-TY-002,Building Blocks 100pc,Toys,3,12.99,Central
ORD-04751,2026-08-16,ST-018,SKU-HM-004,Non-stick Pan 24cm,Home,3,9.99,South
ORD-02210,2026-05-18,ST-003,SKU-GR-005,Dark Chocolate Bar,Grocery,5,1.79,West
ORD-03497,2026-07-04,ST-015,SKU-HM-004,Non-stick Pan 24cm,Home,1,9.99,East
ORD-00203,2026-03-08,ST-016,SKU-GR-004,Whole Wheat Pasta 1kg,Grocery,2,1.99,East
ORD-02719,2026-06-06,ST-022,SKU-GR-002,Green Tea Box 25pk,Grocery,3,2.49,Central
ORD-03615,2026-07-07,ST-005,SKU-GR-001,Organic Almonds 500g,Grocery,5,6.49,East
ORD-01577,2026-04-25,ST-019,SKU-EL-005,Smartwatch Band,Electronics,1,7.99,North
ORD-02848,2026-06-10,ST-010,SKU-GR-004,Whole Wheat Pasta 1kg,Grocery,3,1.99,East
ORD-01636,2026-04-27,ST-016,SKU-EL-001,Wireless Earbuds,Electronics,4,18.49,South
ORD-03244,2026-06-24,ST-008,SKU-BE-004,Hand Cream 100ml,Beauty,1,1.99,West
ORD-03930,2026-07-18,ST-023,SKU-BE-002,Sunscreen SPF 50,Beauty,2,5.49,East
ORD-02763,2026-06-07,ST-017,SKU-TY-001,Wooden Puzzle Set,Toys,5,7.99,East
ORD-00344,2026-03-12,ST-007,SKU-ST-002,Gel Pen Pack of 10,Stationery,1,1.49,South
ORD-00630,2026-03-22,ST-001,SKU-TY-005,Remote Control Car,Toys,2,16.99,West
ORD-00658,2026-03-23,ST-004,SKU-AP-004,,Apparel,1,3.49,East
ORD-04173,2026-07-26,ST-012,SKU-AP-002,Running Shoes,Apparel,2,29.99,West
ORD-02163,2026-05-16,ST-006,SKU-ST-003,Desk Organizer,Stationery,1,5.99,South
ORD-00660,2026-03-23,ST-008,SKU-GR-004,Whole Wheat Pasta 1kg,Grocery,1,1.99,West
ORD-01514,2026-04-23,ST-012,SKU-HM-003,Cotton Bedsheet Set,Home,1,14.99,Central
ORD-01029,2026-04-05,ST-024,SKU-ST-003,Desk Organizer,Stationery,1,5.99,North
ORD-02726,2026-06-06,ST-015,SKU-EL-004,Power Bank 10000mAh,Electronics,5,12.99,East
ORD-00213,2026-03-08,ST-009,SKU-EL-001,Wireless Earbuds,Electronics,1,18.49,West
ORD-00270,2026-03-10,ST-013,SKU-ST-003,Desk Organizer,Stationery,1,5.99,North
ORD-04393,2026-08-03,ST-021,SKU-EL-004,Power Bank 10000mAh,Electronics,2,12.99,East
ORD-04421,2026-08-04,ST-008,SKU-BE-005,Lip Balm Pack of 3,Beauty,4,1.49,East
ORD-01278,2026-04-14,ST-023,SKU-BE-001,Aloe Vera Gel 200ml,Beauty,2,2.49,North
ORD-01209,2026-04-11,ST-014,SKU-HM-005,Storage Basket Set,Home,1,6.99,Central
ORD-00462,2026-03-16,ST-006,SKU-ST-001,Notebook A5 Ruled,Stationery,1,1.29,South
ORD-04405,2026-08-04,ST-005,SKU-BE-005,Lip Balm Pack of 3,Beauty,4,1.49,South
ORD-04560,2026-08-09,ST-015,SKU-TY-001,Wooden Puzzle Set,Toys,1,7.99,North
ORD-05066,2026-08-26,ST-001,SKU-BE-004,Hand Cream 100ml,Beauty,3,1.99,East
ORD-01575,2026-04-25,ST-002,SKU-AP-002,Running Shoes,Apparel,5,29.99,East
ORD-02967,2026-06-15,ST-008,SKU-ST-001,Notebook A5 Ruled,Stationery,1,1.29,North
ORD-00052,2026-03-02,ST-015,SKU-BE-005,Lip Balm Pack of 3,Beauty,1,1.49,West
ORD-01065,2026-04-06,ST-017,SKU-BE-002,Sunscreen SPF 50,Beauty,3,5.49,Central
ORD-01024,2026-04-05,ST-005,SKU-TY-004,Board Game Family Pack,Toys,4,14.99,North
ORD-04354,2026-08-02,ST-010,SKU-BE-002,Sunscreen SPF 50,Beauty,1,5.49,North
ORD-00596,2026-03-21,ST-018,SKU-TY-004,Board Game Family Pack,Toys,5,14.99,West
ORD-04607,2026-08-11,ST-020,SKU-ST-002,Gel Pen Pack of 10,Stationery,5,1.49,East
ORD-00197,2026-03-07,ST-004,SKU-BE-003,Shampoo 400ml,Beauty,2,3.49,South
ORD-03134,2026-06-20,ST-009,SKU-EL-001,Wireless Earbuds,Electronics,1,18.49,North
ORD-01709,2026-04-30,ST-024,SKU-ST-001,Notebook A5 Ruled,Stationery,4,1.29,South
ORD-03158,2026-06-21,ST-012,SKU-HM-004,Non-stick Pan 24cm,Home,2,9.99,West
ORD-02868,2026-06-11,ST-002,SKU-TY-003,Plush Bear Medium,Toys,2,6.49,Central
ORD-04629,2026-08-12,ST-022,SKU-AP-005,Rain Jacket,Apparel,4,18.99,East
ORD-03170,2026-06-22,ST-019,SKU-TY-003,Plush Bear Medium,Toys,5,6.49,North
ORD-01280,2026-04-14,ST-017,SKU-AP-003,Denim Jacket,Apparel,2,23.99,Central
ORD-04752,2026-08-16,ST-005,SKU-BE-003,Shampoo 400ml,Beauty,4,3.49,West
ORD-03360,2026-06-28,ST-015,SKU-TY-002,Building Blocks 100pc,Toys,4,12.99,Central
ORD-00508,2026-03-18,ST-014,SKU-ST-004,Sticky Notes Set,Stationery,1,0.99,West
ORD-04821,2026-08-18,ST-015,SKU-AP-002,Running Shoes,Apparel,5,29.99,East
ORD-00288,2026-03-10,ST-020,SKU-GR-001,Organic Almonds 500g,Grocery,5,6.49,South
ORD-04009,2026-07-20,ST-012,SKU-ST-003,Desk Organizer,Stationery,4,5.99,East
ORD-04827,2026-08-19,ST-008,SKU-TY-005,Remote Control Car,Toys,1,16.99,West
ORD-03622,2026-07-08,ST-017,SKU-HM-004,Non-stick Pan 24cm,Home,1,9.99,West
ORD-04873,2026-08-20,ST-012,SKU-HM-003,Cotton Bedsheet Set,Home,1,14.99,North
ORD-03905,2026-07-17,ST-020,SKU-BE-002,Sunscreen SPF 50,Beauty,4,5.49,West
ORD-03038,2026-06-17,ST-024,SKU-TY-002,Building Blocks 100pc,Toys,2,12.99,North
ORD-03765,2026-07-13,ST-015,SKU-EL-003,Bluetooth Speaker,Electronics,4,24.99,West
ORD-02442,2026-05-26,ST-003,SKU-BE-004,Hand Cream 100ml,Beauty,1,1.99,East
ORD-00084,2026-03-03,ST-015,SKU-BE-005,Lip Balm Pack of 3,Beauty,1,1.49,North
ORD-00737,2026-03-26,ST-024,SKU-AP-005,Rain Jacket,Apparel,1,18.99,West
ORD-00559,2026-03-20,ST-001,SKU-HM-004,Non-stick Pan 24cm,Home,1,9.99,East
ORD-04306,2026-07-31,ST-019,SKU-ST-002,Gel Pen Pack of 10,Stationery,5,1.49,South
ORD-04032,2026-07-21,ST-011,SKU-ST-004,Sticky Notes Set,Stationery,5,0.99,West
ORD-03636,2026-07-08,ST-006,SKU-AP-002,Running Shoes,Apparel,1,29.99,East
ORD-03330,2026-06-27,ST-009,SKU-ST-002,Gel Pen Pack of 10,Stationery,1,1.49,North
ORD-03056,2026-06-18,ST-015,SKU-BE-005,Lip Balm Pack of 3,Beauty,2,1.49,Central
ORD-04081,2026-07-23,ST-013,SKU-BE-004,Hand Cream 100ml,Beauty,1,1.99,East
ORD-03227,2026-06-24,ST-003,SKU-BE-005,Lip Balm Pack of 3,Beauty,2,1.49,West
ORD-01883,2026-05-06,ST-012,SKU-BE-002,Sunscreen SPF 50,Beauty,1,5.49,South
ORD-02334,2026-05-22,ST-023,SKU-BE-002,Sunscreen SPF 50,Beauty,2,5.49,West
ORD-04549,2026-08-09,ST-018,SKU-GR-005,Dark Chocolate Bar,Grocery,3,1.79,South
ORD-03986,2026-07-20,ST-014,SKU-GR-001,Organic Almonds 500g,Grocery,4,6.49,South
ORD-00909,2026-04-01,ST-011,SKU-HM-004,Non-stick Pan 24cm,Home,5,9.99,North
ORD-01465,2026-04-21,ST-022,SKU-HM-001,Ceramic Mug Set,Home,1,5.99,South
ORD-04568,2026-08-10,ST-024,SKU-HM-002,LED Desk Lamp,Home,3,11.99,South
ORD-00565,2026-03-20,ST-018,SKU-TY-003,Plush Bear Medium,Toys,3,6.49,West
ORD-01857,2026-05-05,ST-003,SKU-TY-002,Building Blocks 100pc,Toys,2,12.99,West
ORD-00104,2026-03-04,ST-002,SKU-EL-005,Smartwatch Band,Electronics,2,7.99,South
ORD-00713,2026-03-25,ST-001,SKU-AP-003,Denim Jacket,Apparel,2,23.99,West
ORD-02736,2026-06-06,ST-017,SKU-ST-004,Sticky Notes Set,Stationery,4,0.99,East
ORD-02580,2026-06-01,ST-008,SKU-TY-005,Remote Control Car,Toys,2,16.99,East
ORD-02833,2026-06-10,ST-006,SKU-TY-003,Plush Bear Medium,Toys,2,6.49,West
ORD-01977,2026-05-09,ST-009,SKU-BE-002,Sunscreen SPF 50,Beauty,4,5.49,East
ORD-04146,2026-07-25,ST-006,SKU-HM-003,Cotton Bedsheet Set,Home,1,14.99,Central
ORD-03791,2026-07-13,ST-015,SKU-GR-005,Dark Chocolate Bar,Grocery,5,1.79,West
ORD-00238,2026-03-09,ST-021,SKU-EL-004,Power Bank 10000mAh,Electronics,5,12.99,South
ORD-00353,2026-03-12,ST-005,SKU-TY-004,Board Game Family Pack,Toys,4,14.99,South
ORD-00345,2026-03-12,ST-002,SKU-HM-004,Non-stick Pan 24cm,Home,3,9.99,North
ORD-04684,2026-08-14,ST-004,SKU-TY-001,Wooden Puzzle Set,Toys,5,7.99,North
ORD-03014,2026-06-16,ST-021,SKU-AP-004,Wool Socks 3-pack,Apparel,1,3.49,North
ORD-04963,2026-08-23,ST-022,SKU-BE-003,Shampoo 400ml,Beauty,1,3.49,Central
ORD-03584,2026-07-06,ST-023,SKU-GR-004,Whole Wheat Pasta 1kg,Grocery,2,1.99,South
ORD-03104,2026-06-19,ST-022,SKU-ST-002,Gel Pen Pack of 10,Stationery,1,1.49,North
ORD-01580,2026-04-26,ST-011,SKU-AP-001,Cotton T-Shirt,Apparel,1,4.99,South
ORD-02224,2026-05-19,ST-012,SKU-TY-005,Remote Control Car,Toys,3,16.99,South
ORD-03978,2026-07-19,ST-005,SKU-GR-004,Whole Wheat Pasta 1kg,Grocery,1,1.99,South
ORD-00088,2026-03-03,ST-004,SKU-AP-005,Rain Jacket,Apparel,5,18.99,East
ORD-04792,2026-08-17,ST-018,SKU-AP-002,Running Shoes,Apparel,1,29.99,West
ORD-02990,2026-06-15,ST-015,SKU-BE-001,Aloe Vera Gel 200ml,Beauty,5,2.49,South
ORD-03429,2026-07-01,ST-023,SKU-EL-001,Wireless Earbuds,Electronics,1,18.49,South
ORD-00967,2026-04-03,ST-016,SKU-TY-002,Building Blocks 100pc,Toys,2,12.99,South
ORD-04304,2026-07-31,ST-012,SKU-GR-004,Whole Wheat Pasta 1kg,Grocery,2,1.99,Central
ORD-01555,2026-04-24,ST-001,SKU-AP-005,Rain Jacket,Apparel,1,18.99,West
ORD-03763,2026-07-12,ST-016,SKU-HM-005,Storage Basket Set,Home,2,6.99,North
ORD-03406,2026-06-30,ST-016,SKU-ST-001,Notebook A5 Ruled,Stationery,2,1.29,West
ORD-02041,2026-05-11,ST-004,SKU-TY-002,Building Blocks 100pc,Toys,3,12.99,Central
ORD-02882,2026-06-12,ST-014,SKU-BE-002,Sunscreen SPF 50,Beauty,1,5.49,North
ORD-04563,2026-08-10,ST-003,SKU-HM-003,Cotton Bedsheet Set,Home,3,14.99,Central
ORD-02615,2026-06-02,ST-020,SKU-GR-005,Dark Chocolate Bar,Grocery,5,1.79,East
ORD-03286,2026-06-26,ST-008,SKU-TY-004,Board Game Family Pack,Toys,2,14.99,West
ORD-02699,2026-06-05,ST-022,SKU-ST-004,Sticky Notes Set,Stationery,3,0.99,South
ORD-03368,2026-06-29,ST-011,SKU-GR-003,Extra Virgin Olive Oil 1L,Grocery,3,8.99,Central
ORD-02569,2026-05-31,ST-017,SKU-TY-005,Remote Control Car,Toys,1,16.99,Central
ORD-02621,2026-06-02,ST-009,SKU-BE-005,Lip Balm Pack of 3,Beauty,1,1.49,North
ORD-04788,2026/08/17,ST-017,SKU-BE-004,Hand Cream 100ml,Beauty,3,1.99,West
ORD-03886,2026-07-16,ST-002,SKU-TY-002,Building Blocks 100pc,Toys,2,12.99,North
ORD-01711,2026-04-30,ST-013,SKU-GR-002,Green Tea Box 25pk,Grocery,2,2.49,Central
ORD-00225,2026-03-08,ST-013,SKU-AP-002,Running Shoes,Apparel,1,29.99,East
ORD-04286,2026-07-30,ST-018,SKU-BE-004,Hand Cream 100ml,Beauty,1,1.99,West
ORD-02471,2026-05-27,ST-022,SKU-HM-001,Ceramic Mug Set,Home,4,5.99,North
ORD-00482,2026-03-17,ST-022,SKU-AP-005,Rain Jacket,Apparel,5,18.99,West
ORD-04101,2026-07-23,ST-012,SKU-AP-003,Denim Jacket,Apparel,2,23.99,South
ORD-00457,2026-03-16,ST-009,SKU-GR-005,Dark Chocolate Bar,Grocery,1,1.79,East
ORD-01791,2026-05-03,ST-014,SKU-EL-002,USB-C Charger 30W,Electronics,1,8.99,South
ORD-01896,2026-05-06,ST-022,SKU-BE-004,Hand Cream 100ml,Beauty,1,1.99,North
ORD-00518,2026-03-18,ST-002,SKU-TY-002,Building Blocks 100pc,Toys,4,12.99,West
ORD-02883,2026-06-12,ST-013,SKU-HM-002,LED Desk Lamp,Home,1,11.99,Central
ORD-00406,2026-03-14,ST-008,SKU-HM-002,LED Desk Lamp,Home,2,11.99,South
ORD-03785,2026-07-13,ST-011,SKU-AP-004,Wool Socks 3-pack,Apparel,1,3.49,North
ORD-03836,2026-07-15,ST-010,SKU-GR-001,Organic Almonds 500g,Grocery,5,6.49,North
ORD-03023,2026-06-17,ST-009,SKU-TY-002,Building Blocks 100pc,Toys,5,12.99,North
ORD-01198,2026-04-11,ST-008,SKU-AP-001,Cotton T-Shirt,Apparel,4,4.99,West
ORD-01690,2026-04-29,ST-018,SKU-BE-004,Hand Cream 100ml,Beauty,5,1.99,West
ORD-01407,2026-04-19,ST-012,SKU-GR-005,Dark Chocolate Bar,Grocery,3,1.79,Central
ORD-00828,2026-03-29,ST-011,SKU-TY-003,Plush Bear Medium,Toys,2,6.49,Central
ORD-04859,2026-08-20,ST-008,SKU-AP-004,Wool Socks 3-pack,Apparel,4,3.49,North
ORD-03262,2026-06-25,ST-014,SKU-HM-005,Storage Basket Set,Home,1,6.99,South
ORD-02270,2026-05-20,ST-019,SKU-AP-005,Rain Jacket,Apparel,1,18.99,South
ORD-00937,2026-04-01,ST-016,SKU-EL-003,Bluetooth Speaker,Electronics,1,24.99,East
ORD-01244,2026-04-13,ST-005,SKU-AP-005,Rain Jacket,Apparel,2,18.99,East
ORD-01563,2026-04-25,ST-017,SKU-TY-004,Board Game Family Pack,Toys,2,14.99,West
ORD-02871,2026-06-11,ST-004,SKU-BE-003,Shampoo 400ml,Beauty,5,3.49,West
ORD-04121,2026-07-24,ST-008,SKU-AP-003,Denim Jacket,Apparel,1,,Central
ORD-01547,2026-04-24,ST-005,SKU-EL-005,Smartwatch Band,Electronics,1,7.99,West
ORD-03009,2026-06-16,ST-017,SKU-AP-001,Cotton T-Shirt,Apparel,2,4.99,West
ORD-02420,2026-05-25,ST-011,SKU-BE-004,Hand Cream 100ml,Beauty,4,1.99,South
ORD-00675,2026-03-24,ST-019,SKU-BE-001,Aloe Vera Gel 200ml,Beauty,2,2.49,East
ORD-04136,2026-07-24,ST-007,SKU-EL-005,Smartwatch Band,Electronics,5,7.99,North
ORD-03757,2026-07-12,ST-011,SKU-TY-001,Wooden Puzzle Set,Toys,3,7.99,Central
ORD-04958,2026-08-23,ST-012,SKU-ST-004,Sticky Notes Set,Stationery,5,0.99,East
ORD-00022,2026-03-01,ST-004,SKU-EL-004,Power Bank 10000mAh,Electronics,2,12.99,West
ORD-01208,2026-04-11,ST-021,SKU-EL-001,Wireless Earbuds,Electronics,1,18.49,East
ORD-03530,2026-07-05,ST-017,SKU-EL-004,Power Bank 10000mAh,Electronics,5,12.99,South
ORD-01603,2026-04-26,ST-023,SKU-ST-002,Gel Pen Pack of 10,Stationery,1,1.49,Central
ORD-01073,2026-04-06,ST-004,SKU-BE-001,Aloe Vera Gel 200ml,Beauty,2,2.49,Central
ORD-00823,2026-03-29,ST-016,SKU-TY-001,Wooden Puzzle Set,Toys,3,7.99,South
ORD-00742,2026-03-26,ST-008,SKU-TY-004,Board Game Family Pack,Toys,2,14.99,North
ORD-02941,2026-06-14,ST-020,SKU-ST-001,Notebook A5 Ruled,Stationery,3,1.29,South
ORD-02307,2026-05-21,ST-018,SKU-AP-004,Wool Socks 3-pack,Apparel,5,3.49,Central
ORD-04952,2026-08-23,ST-018,SKU-BE-005,Lip Balm Pack of 3,Beauty,1,1.49,Central
ORD-01862,2026-05-05,ST-011,SKU-TY-003,Plush Bear Medium,Toys,2,6.49,South
ORD-01010,2026-04-04,ST-003,SKU-TY-001,Wooden Puzzle Set,Toys,2,7.99,West
ORD-03049,2026-06-17,ST-004,SKU-GR-005,Dark Chocolate Bar,Grocery,4,1.79,Central
ORD-00941,2026-04-02,ST-021,SKU-TY-002,Building Blocks 100pc,Toys,2,12.99,West
ORD-03483,2026-07-03,ST-016,SKU-BE-004,Hand Cream 100ml,Beauty,3,1.99,West
ORD-02840,2026-06-10,ST-016,SKU-ST-003,Desk Organizer,Stationery,1,5.99,North
ORD-01448,2026-04-21,ST-008,SKU-BE-005,Lip Balm Pack of 3,Beauty,1,1.49,West
ORD-00938,2026-04-01,ST-021,SKU-EL-002,USB-C Charger 30W,Electronics,2,8.99,West
ORD-02410,2026-05-25,ST-024,SKU-EL-004,Power Bank 10000mAh,Electronics,4,12.99,North
ORD-00563,2026-03-20,ST-017,SKU-ST-001,Notebook A5 Ruled,Stationery,,1.29,East
ORD-00811,2026-03-28,ST-017,SKU-AP-002,Running Shoes,Apparel,5,29.99,South
ORD-03119,2026-06-20,ST-008,SKU-BE-004,Hand Cream 100ml,Beauty,1,1.99,North
ORD-02927,2026-06-13,ST-019,SKU-GR-004,Whole Wheat Pasta 1kg,Grocery,1,1.99,North
ORD-03667,2026-07-09,ST-022,SKU-TY-001,Wooden Puzzle Set,Toys,4,7.99,East
ORD-03956,2026-07-19,ST-016,SKU-BE-001,Aloe Vera Gel 200ml,Beauty,5,2.49,East
ORD-02598,2026-06-02,ST-024,SKU-EL-002,USB-C Charger 30W,Electronics,2,8.99,West
ORD-01886,2026-05-06,ST-008,SKU-EL-005,Smartwatch Band,Electronics,1,7.99,North
ORD-04118,2026-07-24,ST-006,SKU-BE-002,Sunscreen SPF 50,Beauty,1,5.49,Central
ORD-03526,2026-07-04,ST-013,SKU-GR-002,Green Tea Box 25pk,Grocery,1,2.49,West
ORD-02070,2026-05-13,ST-024,SKU-BE-003,Shampoo 400ml,Beauty,1,3.49,South
ORD-00244,2026-03-09,ST-010,SKU-HM-001,Ceramic Mug Set,Home,1,5.99,North
ORD-03974,2026-07-19,ST-018,SKU-GR-002,Green Tea Box 25pk,Grocery,5,2.49,North
ORD-03378,2026-06-29,ST-003,SKU-EL-003,Bluetooth Speaker,Electronics,2,24.99,Central
ORD-04090,2026-07-23,ST-021,SKU-EL-001,Wireless Earbuds,Electronics,3,18.49,East
ORD-02078,2026-05-13,ST-016,SKU-BE-005,Lip Balm Pack of 3,Beauty,5,1.49,North
ORD-01040,2026-04-05,ST-020,SKU-TY-001,Wooden Puzzle Set,Toys,2,7.99,East
ORD-00103,2026-03-04,ST-006,SKU-ST-003,Desk Organizer,Stationery,2,5.99,West
ORD-03142,2026-06-21,ST-021,SKU-TY-005,Remote Control Car,Toys,1,16.99,South
ORD-04545,2026-08-09,ST-005,SKU-BE-003,Shampoo 400ml,Beauty,3,3.49,South
ORD-00773,2026-03-27,ST-003,SKU-GR-001,Organic Almonds 500g,Grocery,1,6.49,West
ORD-01823,2026-05-04,ST-008,SKU-GR-002,Green Tea Box 25pk,Grocery,5,2.49,South
ORD-01704,2026-04-29,ST-007,SKU-AP-004,Wool Socks 3-pack,Apparel,1,3.49,East
ORD-03060,2026-06-18,ST-016,SKU-AP-001,Cotton T-Shirt,Apparel,1,4.99,East
ORD-00212,2026-03-08,ST-005,SKU-HM-004,Non-stick Pan 24cm,Home,1,9.99,South
ORD-00731,2026-03-26,ST-010,SKU-EL-002,USB-C Charger 30W,Electronics,1,8.99,West
ORD-00352,2026-03-12,ST-005,SKU-EL-002,USB-C Charger 30W,Electronics,3,8.99,East
ORD-00765,2026-03-27,ST-005,SKU-AP-003,Denim Jacket,Apparel,2,23.99,East
ORD-00207,2026-03-08,ST-020,SKU-TY-002,Building Blocks 100pc,Toys,5,12.99,North
ORD-04219,2026-07-28,ST-012,SKU-TY-002,Building Blocks 100pc,Toys,2,12.99,East
ORD-04357,2026-08-02,ST-021,SKU-EL-002,USB-C Charger 30W,Electronics,4,8.99,Central
ORD-00350,2026-03-12,ST-021,SKU-TY-001,Wooden Puzzle Set,Toys,2,7.99,Central
ORD-03715,2026-07-11,ST-022,SKU-EL-001,Wireless Earbuds,Electronics,1,18.49,North
ORD-01740,2026-05-01,ST-014,SKU-HM-003,Cotton Bedsheet Set,Home,1,14.99,Central
ORD-04930,2026-08-22,ST-022,SKU-HM-003,Cotton Bedsheet Set,Home,1,14.99,North
ORD-00714,2026-03-25,ST-024,SKU-TY-002,Building Blocks 100pc,Toys,1,12.99,North
ORD-04020,2026-07-20,ST-021,SKU-EL-003,Bluetooth Speaker,Electronics,1,24.99,West
ORD-02032,2026-05-11,ST-009,SKU-BE-002,Sunscreen SPF 50,Beauty,2,5.49,West
ORD-04460,2026-08-06,ST-016,SKU-ST-002,Gel Pen Pack of 10,Stationery,1,1.49,West
ORD-01333,2026-04-16,ST-021,SKU-AP-004,Wool Socks 3-pack,Apparel,1,3.49,South
ORD-05028,2026-08-25,ST-019,SKU-ST-003,Desk Organizer,Stationery,5,5.99,West
ORD-00346,2026-03-12,ST-009,SKU-EL-004,Power Bank 10000mAh,Electronics,1,12.99,South
ORD-04988,2026-08-24,ST-005,SKU-AP-005,Rain Jacket,Apparel,4,18.99,North
ORD-04343,2026-08-02,ST-007,SKU-TY-005,Remote Control Car,Toys,2,16.99,East
ORD-03001,2026-06-16,ST-020,SKU-BE-001,Aloe Vera Gel 200ml,Beauty,4,2.49,East
ORD-01456,2026-04-21,ST-013,SKU-BE-004,Hand Cream 100ml,Beauty,1,1.99,South
ORD-00710,2026-03-25,ST-021,SKU-TY-005,Remote Control Car,Toys,1,16.99,West
ORD-04061,2026-07-22,ST-013,SKU-TY-001,Wooden Puzzle Set,Toys,2,7.99,North
ORD-04950,2026-08-23,ST-012,SKU-TY-003,Plush Bear Medium,Toys,5,6.49,South
ORD-02972,2026-06-15,ST-018,SKU-HM-001,Ceramic Mug Set,Home,2,5.99,South
ORD-01165,2026-04-10,ST-002,SKU-AP-003,Denim Jacket,Apparel,5,23.99,East
ORD-02240,2026-05-19,ST-008,SKU-ST-001,Notebook A5 Ruled,Stationery,1,1.29,Central
ORD-03866,2026-07-16,ST-010,SKU-TY-003,Plush Bear Medium,Toys,2,6.49,West
ORD-01430,2026-04-20,ST-016,SKU-HM-001,Ceramic Mug Set,Home,1,5.99,West
ORD-04623,2026-08-11,ST-022,SKU-EL-001,Wireless Earbuds,Electronics,1,18.49,West
ORD-01201,2026-04-11,ST-003,SKU-ST-004,Sticky Notes Set,Stationery,1,0.99,North
ORD-02011,2026-05-10,ST-002,SKU-AP-002,Running Shoes,Apparel,2,29.99,East
ORD-01789,2026-05-03,ST-014,SKU-BE-004,Hand Cream 100ml,Beauty,2,1.99,East
ORD-02305,2026-05-21,ST-018,SKU-AP-001,Cotton T-Shirt,Apparel,1,4.99,Central
ORD-01306,2026-04-15,ST-018,SKU-EL-005,Smartwatch Band,Electronics,1,7.99,North
ORD-03027,2026-06-17,ST-014,SKU-BE-004,Hand Cream 100ml,Beauty,3,1.99,South
ORD-00539,2026-03-19,ST-017,SKU-BE-001,Aloe Vera Gel 200ml,Beauty,2,2.49,Central
ORD-03975,2026-07-19,ST-010,SKU-ST-002,,Stationery,1,1.49,West
ORD-00717,2026-03-25,ST-012,SKU-HM-005,Storage Basket Set,Home,1,6.99,North
ORD-03876,2026-07-16,ST-004,SKU-BE-004,Hand Cream 100ml,Beauty,4,1.99,Central
ORD-03458,2026-07-02,ST-003,SKU-TY-003,Plush Bear Medium,Toys,5,6.49,North
ORD-00882,2026-03-31,ST-020,SKU-GR-004,Whole Wheat Pasta 1kg,Grocery,2,1.99,South
ORD-02674,2026-06-04,ST-018,SKU-EL-002,USB-C Charger 30W,Electronics,1,8.99,South
ORD-00471,2026-03-17,ST-019,SKU-ST-003,Desk Organizer,Stationery,5,5.99,North
ORD-01734,2026-05-01,ST-019,SKU-EL-003,Bluetooth Speaker,Electronics,1,24.99,South
ORD-01911,2026-05-07,ST-001,SKU-GR-002,Green Tea Box 25pk,Grocery,4,2.49,North
ORD-03356,2026-06-28,ST-018,SKU-EL-004,Power Bank 10000mAh,Electronics,3,12.99,South
ORD-01787,2026-05-03,ST-009,SKU-TY-002,Building Blocks 100pc,Toys,1,12.99,South
ORD-00862,2026-03-30,ST-016,SKU-TY-005,Remote Control Car,Toys,5,16.99,East
ORD-00624,2026-03-22,ST-001,SKU-BE-005,Lip Balm Pack of 3,Beauty,2,1.49,East
ORD-01069,2026-04-06,ST-024,SKU-TY-005,Remote Control Car,Toys,2,16.99,North
ORD-00210,2026-03-08,ST-017,SKU-GR-002,Green Tea Box 25pk,Grocery,5,2.49,East
ORD-03671,2026-07-09,ST-004,SKU-EL-001,Wireless Earbuds,Electronics,5,18.49,North
ORD-02587,2026-06-01,ST-016,SKU-EL-003,Bluetooth Speaker,Electronics,3,24.99,South
ORD-01993,2026-05-09,ST-014,SKU-TY-005,Remote Control Car,Toys,1,16.99,Central
ORD-01136,2026-04-09,ST-013,SKU-EL-002,USB-C Charger 30W,Electronics,1,8.99,North
ORD-00023,2026-03-01,ST-024,SKU-EL-001,Wireless Earbuds,Electronics,1,18.49,Central
ORD-04345,2026-08-02,ST-002,SKU-AP-002,Running Shoes,Apparel,4,29.99,South
ORD-04846,2026-08-19,ST-002,SKU-GR-002,Green Tea Box 25pk,Grocery,5,2.49,Central
ORD-02274,2026-05-20,ST-003,SKU-HM-003,Cotton Bedsheet Set,Home,3,14.99,West
ORD-03164,2026-06-22,ST-006,SKU-TY-004,Board Game Family Pack,Toys,1,14.99,East
ORD-04055,2026-07-22,ST-003,SKU-GR-004,Whole Wheat Pasta 1kg,Grocery,3,1.99,West
ORD-01897,2026-05-06,ST-022,SKU-HM-001,Ceramic Mug Set,Home,1,5.99,West
ORD-00430,2026-03-15,ST-018,SKU-BE-002,Sunscreen SPF 50,Beauty,2,5.49,North
ORD-03052,2026-06-18,ST-013,SKU-AP-002,Running Shoes,Apparel,1,29.99,Central
ORD-01742,2026-05-01,ST-021,SKU-AP-004,Wool Socks 3-pack,Apparel,2,3.49,North
ORD-01083,2026-04-07,ST-010,SKU-HM-002,LED Desk Lamp,Home,1,11.99,Central
ORD-01822,2026-05-04,ST-023,SKU-HM-005,Storage Basket Set,Home,1,6.99,West
ORD-01602,2026-04-26,ST-019,SKU-EL-003,Bluetooth Speaker,Electronics,2,24.99,North
ORD-00755,2026-03-27,ST-019,SKU-AP-004,Wool Socks 3-pack,Apparel,1,3.49,South
ORD-01382,2026-04-18,ST-007,SKU-EL-005,Smartwatch Band,Electronics,2,7.99,West
ORD-00200,2026-03-07,ST-019,SKU-BE-002,Sunscreen SPF 50,Beauty,1,5.49,South
ORD-00633,2026-03-22,ST-006,SKU-TY-002,Building Blocks 100pc,Toys,1,12.99,North
ORD-01426,2026-04-20,ST-006,SKU-AP-003,Denim Jacket,Apparel,2,23.99,Central
ORD-00577,2026-03-20,ST-014,SKU-BE-001,Aloe Vera Gel 200ml,Beauty,4,2.49,West
ORD-01053,2026-04-06,ST-002,SKU-EL-004,Power Bank 10000mAh,Electronics,1,12.99,Central
ORD-01846,2026/05/05,ST-017,SKU-EL-004,Power Bank 10000mAh,Electronics,2,12.99,South
ORD-00534,2026-03-19,ST-001,SKU-TY-001,Wooden Puzzle Set,Toys,1,7.99,North
ORD-04627,2026-08-12,ST-011,SKU-BE-004,Hand Cream 100ml,Beauty,2,1.99,North
ORD-00784,2026-03-28,ST-010,SKU-EL-003,Bluetooth Speaker,Electronics,2,24.99,Central
ORD-03814,2026-07-14,ST-008,SKU-BE-003,Shampoo 400ml,Beauty,3,3.49,South
ORD-04246,2026-07-28,ST-018,SKU-GR-002,Green Tea Box 25pk,Grocery,2,2.49,South
ORD-01833,2026-05-04,ST-015,SKU-EL-001,Wireless Earbuds,Electronics,2,18.49,West
ORD-02194,2026-05-18,ST-010,SKU-GR-005,Dark Chocolate Bar,Grocery,2,1.79,West
ORD-00122,2026-03-04,ST-001,SKU-HM-002,LED Desk Lamp,Home,1,11.99,North
ORD-01900,2026-05-06,ST-014,SKU-TY-004,Board Game Family Pack,Toys,1,14.99,South
ORD-03118,2026-06-20,ST-002,SKU-GR-001,Organic Almonds 500g,Grocery,1,6.49,Central
ORD-03226,2026-06-24,ST-010,SKU-HM-001,Ceramic Mug Set,Home,5,5.99,South
ORD-02960,2026-06-14,ST-003,SKU-GR-004,Whole Wheat Pasta 1kg,Grocery,2,1.99,North
ORD-02453,2026-05-26,ST-014,SKU-AP-002,Running Shoes,Apparel,1,29.99,West
ORD-02582,2026-06-01,ST-021,SKU-TY-005,Remote Control Car,Toys,1,16.99,South
ORD-00260,2026-03-09,ST-011,SKU-TY-004,Board Game Family Pack,Toys,1,14.99,South
ORD-03253,2026-06-25,ST-007,SKU-GR-005,Dark Chocolate Bar,Grocery,1,1.79,West
ORD-00993,2026-04-03,ST-010,SKU-ST-001,Notebook A5 Ruled,Stationery,2,1.29,North
ORD-03098,2026-06-19,ST-017,SKU-BE-001,Aloe Vera Gel 200ml,Beauty,4,2.49,Central
ORD-03381,2026-06-29,ST-014,SKU-EL-005,Smartwatch Band,Electronics,2,7.99,West
ORD-04970,2026-08-23,ST-009,SKU-AP-004,Wool Socks 3-pack,Apparel,3,3.49,East
ORD-01952,2026-05-08,ST-024,SKU-ST-002,Gel Pen Pack of 10,Stationery,1,1.49,West
ORD-01930,2026-05-07,ST-001,SKU-AP-003,Denim Jacket,Apparel,1,23.99,Central
ORD-00869,2026-03-30,ST-015,SKU-GR-002,Green Tea Box 25pk,Grocery,1,2.49,North
ORD-00340,2026-03-12,ST-024,SKU-AP-004,Wool Socks 3-pack,Apparel,2,3.49,East
ORD-00700,2026-03-25,ST-005,SKU-BE-001,Aloe Vera Gel 200ml,Beauty,4,2.49,South
ORD-03438,2026-07-02,ST-011,SKU-HM-004,Non-stick Pan 24cm,Home,3,9.99,North
ORD-01756,2026-05-01,ST-012,SKU-HM-001,Ceramic Mug Set,Home,2,5.99,North
ORD-01582,2026-04-26,ST-012,SKU-HM-005,Storage Basket Set,Home,2,6.99,West
ORD-02008,2026-05-10,ST-008,SKU-AP-004,Wool Socks 3-pack,Apparel,2,3.49,Central
ORD-00653,2026-03-23,ST-006,SKU-HM-005,Storage Basket Set,Home,1,6.99,West
ORD-04412,2026-08-04,ST-011,SKU-EL-005,Smartwatch Band,Electronics,2,7.99,North
ORD-01105,2026-04-07,ST-016,SKU-ST-004,Sticky Notes Set,Stationery,2,0.99,North
ORD-01484,2026-04-22,ST-003,SKU-ST-002,Gel Pen Pack of 10,Stationery,5,1.49,Central
ORD-04647,2026-08-13,ST-003,SKU-ST-001,Notebook A5 Ruled,Stationery,1,1.29,South
ORD-03282,2026-06-26,ST-023,SKU-TY-001,Wooden Puzzle Set,Toys,4,7.99,Central
ORD-01314,2026-04-15,ST-004,SKU-ST-001,Notebook A5 Ruled,Stationery,1,1.29,West
ORD-03343,2026-06-28,ST-016,SKU-AP-003,Denim Jacket,Apparel,4,23.99,East
ORD-01284,2026-04-14,ST-016,SKU-BE-003,Shampoo 400ml,Beauty,1,3.49,West
ORD-02894,2026-06-12,ST-014,SKU-AP-005,Rain Jacket,Apparel,2,18.99,South
ORD-04116,2026-07-24,ST-002,SKU-TY-005,Remote Control Car,Toys,5,16.99,East
ORD-03699,2026-07-11,ST-004,SKU-AP-002,Running Shoes,Apparel,1,29.99,North
ORD-03288,2026-06-26,ST-018,SKU-BE-005,Lip Balm Pack of 3,Beauty,,1.49,Central
ORD-03375,2026-06-29,ST-005,SKU-AP-005,Rain Jacket,Apparel,,18.99,West
ORD-03019,2026-06-17,ST-012,SKU-EL-003,Bluetooth Speaker,Electronics,,24.99,North
ORD-03748,2026-07-12,ST-009,SKU-GR-004,Whole Wheat Pasta 1kg,Grocery,2,1.99,East
ORD-02187,2026-05-17,ST-016,SKU-BE-005,Lip Balm Pack of 3,Beauty,1,1.49,North
ORD-04761,2026-08-16,ST-010,SKU-BE-002,Sunscreen SPF 50,Beauty,5,5.49,South
ORD-04041,2026-07-21,ST-005,SKU-GR-005,Dark Chocolate Bar,Grocery,1,1.79,West
ORD-02807,2026-06-09,ST-003,SKU-TY-002,Building Blocks 100pc,Toys,2,12.99,West
ORD-02114,2026-05-14,ST-011,SKU-TY-001,Wooden Puzzle Set,Toys,1,7.99,North
ORD-02137,2026-05-15,ST-011,SKU-GR-001,Organic Almonds 500g,Grocery,3,6.49,North
ORD-03995,2026-07-20,ST-020,SKU-TY-002,Building Blocks 100pc,Toys,1,12.99,Central
ORD-01156,2026-04-10,ST-005,SKU-EL-004,Power Bank 10000mAh,Electronics,2,12.99,West
ORD-02588,2026-06-01,ST-023,SKU-HM-004,Non-stick Pan 24cm,Home,2,9.99,West
ORD-03204,2026-06-23,ST-008,SKU-GR-001,Organic Almonds 500g,Grocery,5,6.49,Central
ORD-02215,2026-05-18,ST-017,SKU-TY-002,Building Blocks 100pc,Toys,4,12.99,East
ORD-01568,2026-04-25,ST-020,SKU-ST-002,Gel Pen Pack of 10,Stationery,1,1.49,South
ORD-04546,2026-08-09,ST-006,SKU-TY-005,Remote Control Car,Toys,2,16.99,East
ORD-03969,2026-07-19,ST-014,SKU-GR-003,Extra Virgin Olive Oil 1L,Grocery,1,8.99,West
ORD-03787,2026-07-13,ST-004,SKU-EL-003,Bluetooth Speaker,Electronics,3,24.99,North
ORD-03697,2026-07-11,ST-008,SKU-BE-004,Hand Cream 100ml,Beauty,2,1.99,North
ORD-03258,2026-06-25,ST-010,SKU-GR-004,Whole Wheat Pasta 1kg,Grocery,2,1.99,North
ORD-03013,2026-06-16,ST-011,SKU-TY-004,Board Game Family Pack,Toys,2,14.99,South
ORD-03329,2026-06-27,ST-015,SKU-BE-001,Aloe Vera Gel 200ml,Beauty,3,2.49,South
ORD-04877,2026-08-20,ST-005,SKU-EL-001,Wireless Earbuds,Electronics,3,18.49,Central
ORD-01149,2026-04-09,ST-016,SKU-EL-005,Smartwatch Band,Electronics,5,7.99,South
ORD-04470,2026-08-06,ST-012,SKU-ST-003,Desk Organizer,Stationery,1,5.99,Central
ORD-00348,2026-03-12,ST-011,SKU-GR-003,Extra Virgin Olive Oil 1L,Grocery,4,8.99,West
ORD-04896,2026-08-21,ST-013,SKU-HM-005,Storage Basket Set,Home,3,6.99,Central
ORD-04889,2026-08-20,ST-020,SKU-GR-002,Green Tea Box 25pk,Grocery,1,2.49,Central
ORD-00061,2026-03-02,ST-017,SKU-BE-004,Hand Cream 100ml,Beauty,2,1.99,North
ORD-00120,2026-03-04,ST-012,SKU-EL-003,Bluetooth Speaker,Electronics,5,24.99,East
ORD-05016,2026-08-25,ST-023,SKU-GR-005,Dark Chocolate Bar,Grocery,3,1.79,South
ORD-01202,2026-04-11,ST-009,SKU-AP-002,Running Shoes,Apparel,1,29.99,North
ORD-03230,2026-06-24,ST-011,SKU-BE-001,Aloe Vera Gel 200ml,Beauty,3,2.49,West
ORD-01780,2026-05-02,ST-024,SKU-ST-003,Desk Organizer,Stationery,3,5.99,Central
ORD-03372,2026-06-29,ST-017,SKU-ST-001,Notebook A5 Ruled,Stationery,3,1.29,Central
ORD-02020,2026-05-11,ST-002,SKU-ST-001,Notebook A5 Ruled,Stationery,2,1.29,West
ORD-02143,2026-05-15,ST-003,SKU-GR-001,Organic Almonds 500g,Grocery,1,6.49,South
ORD-01453,2026-04-21,ST-006,SKU-HM-005,Storage Basket Set,Home,2,6.99,North
ORD-04826,2026-08-19,ST-014,SKU-TY-005,Remote Control Car,Toys,1,16.99,East
ORD-04734,2026-08-15,ST-008,SKU-AP-001,Cotton T-Shirt,Apparel,1,4.99,East
ORD-02900,2026-06-12,ST-010,SKU-BE-005,Lip Balm Pack of 3,Beauty,4,1.49,North
ORD-03571,2026-07-06,ST-009,SKU-EL-004,Power Bank 10000mAh,Electronics,1,12.99,South
ORD-01566,2026-04-25,ST-007,SKU-AP-003,Denim Jacket,Apparel,3,23.99,Central
ORD-04585,2026-08-10,ST-001,SKU-HM-001,Ceramic Mug Set,Home,1,5.99,South
ORD-04416,2026-08-04,ST-015,SKU-BE-002,Sunscreen SPF 50,Beauty,4,5.49,North
ORD-02392,2026-05-24,ST-002,SKU-GR-004,Whole Wheat Pasta 1kg,Grocery,4,1.99,North
ORD-00558,2026-03-20,ST-016,SKU-EL-003,Bluetooth Speaker,Electronics,2,24.99,West
ORD-05012,2026-08-24,ST-014,SKU-ST-004,Sticky Notes Set,Stationery,1,0.99,West
ORD-02016,2026-05-10,ST-014,SKU-TY-005,Remote Control Car,Toys,4,16.99,Central
ORD-04632,2026-08-12,ST-010,SKU-EL-003,Bluetooth Speaker,Electronics,3,24.99,West
ORD-01190,2026-04-11,ST-015,SKU-AP-001,Cotton T-Shirt,Apparel,1,4.99,North
ORD-03246,2026-06-24,ST-002,SKU-GR-003,Extra Virgin Olive Oil 1L,Grocery,1,8.99,South
ORD-00378,2026-03-13,ST-009,SKU-GR-004,Whole Wheat Pasta 1kg,Grocery,1,1.99,East
ORD-04479,2026-08-07,ST-015,SKU-EL-004,Power Bank 10000mAh,Electronics,1,12.99,East
ORD-03309,2026-06-27,ST-022,SKU-BE-004,Hand Cream 100ml,Beauty,3,1.99,West
ORD-01320,2026-04-15,ST-013,SKU-ST-004,Sticky Notes Set,Stationery,2,0.99,East
ORD-04497,2026-08-07,ST-023,SKU-AP-004,Wool Socks 3-pack,Apparel,5,3.49,North
ORD-03156,2026-06-21,ST-010,SKU-EL-002,USB-C Charger 30W,Electronics,1,8.99,West
ORD-01270,2026-04-14,ST-001,SKU-BE-004,Hand Cream 100ml,Beauty,2,1.99,West
ORD-00971,2026-04-03,ST-024,SKU-ST-004,Sticky Notes Set,Stationery,1,0.99,South
ORD-01663,2026-04-28,ST-018,SKU-EL-001,Wireless Earbuds,Electronics,2,18.49,South
ORD-00580,2026-03-20,ST-001,SKU-TY-004,Board Game Family Pack,Toys,2,14.99,North
ORD-03067,2026-06-18,ST-019,SKU-BE-005,Lip Balm Pack of 3,Beauty,5,1.49,South
ORD-01080,2026-04-06,ST-013,SKU-EL-005,,Electronics,1,7.99,West
ORD-04870,2026-08-20,ST-022,SKU-TY-004,Board Game Family Pack,Toys,1,14.99,East
ORD-01104,2026-04-07,ST-002,SKU-AP-004,Wool Socks 3-pack,Apparel,5,3.49,West
ORD-01879,2026-05-06,ST-003,SKU-TY-002,Building Blocks 100pc,Toys,1,12.99,East
ORD-00068,2026-03-03,ST-001,SKU-GR-005,Dark Chocolate Bar,Grocery,5,1.79,North
ORD-03980,2026-07-19,ST-022,SKU-TY-005,Remote Control Car,Toys,3,16.99,Central
ORD-04503,2026-08-07,ST-019,SKU-BE-003,Shampoo 400ml,Beauty,1,3.49,North
ORD-00718,2026-03-25,ST-003,SKU-ST-001,Notebook A5 Ruled,Stationery,2,1.29,South
ORD-01524,2026-04-23,ST-016,SKU-TY-001,Wooden Puzzle Set,Toys,3,7.99,East
ORD-03209,2026-06-23,ST-012,SKU-HM-003,Cotton Bedsheet Set,Home,1,14.99,Central
ORD-04060,2026-07-22,ST-019,SKU-EL-002,USB-C Charger 30W,Electronics,4,8.99,Central
ORD-01297,2026-04-15,ST-013,SKU-BE-002,Sunscreen SPF 50,Beauty,1,5.49,South
ORD-02604,2026-06-02,ST-012,SKU-ST-001,Notebook A5 Ruled,Stationery,1,1.29,West
ORD-00338,2026-03-12,ST-007,SKU-BE-005,Lip Balm Pack of 3,Beauty,4,1.49,Central
ORD-03720,2026-07-11,ST-001,SKU-EL-005,Smartwatch Band,Electronics,1,7.99,Central
ORD-03688,2026-07-10,ST-011,SKU-TY-001,Wooden Puzzle Set,Toys,2,7.99,South
ORD-05058,2026-08-26,ST-014,SKU-ST-001,Notebook A5 Ruled,Stationery,3,1.29,North
ORD-02862,2026-06-11,ST-007,SKU-GR-004,Whole Wheat Pasta 1kg,Grocery,5,1.99,South
ORD-03704,2026-07-11,ST-009,SKU-HM-002,LED Desk Lamp,Home,5,11.99,South
ORD-02725,2026-06-06,ST-013,SKU-BE-004,Hand Cream 100ml,Beauty,1,1.99,South
ORD-00557,2026-03-20,ST-017,SKU-EL-005,Smartwatch Band,Electronics,3,7.99,West
ORD-02017,2026-05-10,ST-015,SKU-TY-001,Wooden Puzzle Set,Toys,1,7.99,North
ORD-00209,2026-03-08,ST-018,SKU-ST-003,Desk Organizer,Stationery,3,5.99,South
ORD-04756,2026-08-16,ST-002,SKU-HM-001,Ceramic Mug Set,Home,1,5.99,North
ORD-04233,2026-07-28,ST-003,SKU-AP-003,Denim Jacket,Apparel,1,23.99,North
ORD-03188,2026-06-22,ST-022,SKU-BE-002,Sunscreen SPF 50,Beauty,1,5.49,Central
ORD-04293,2026-07-31,ST-011,SKU-ST-004,Sticky Notes Set,Stationery,2,0.99,North
ORD-02331,2026-05-22,ST-002,SKU-GR-002,Green Tea Box 25pk,Grocery,5,2.49,West
ORD-03236,2026-06-24,ST-005,SKU-AP-005,Rain Jacket,Apparel,1,18.99,South
ORD-02309,2026-05-22,ST-012,SKU-EL-002,USB-C Charger 30W,Electronics,5,8.99,South
ORD-01167,2026-04-10,ST-001,SKU-BE-005,Lip Balm Pack of 3,Beauty,1,,Central
ORD-04459,2026-08-06,ST-002,SKU-BE-001,Aloe Vera Gel 200ml,Beauty,4,2.49,North
ORD-04785,2026-08-17,ST-014,SKU-AP-002,Running Shoes,Apparel,1,29.99,South
ORD-01632,2026-04-27,ST-024,SKU-AP-005,Rain Jacket,Apparel,4,18.99,South
ORD-03550,2026-07-05,ST-010,SKU-TY-001,Wooden Puzzle Set,Toys,1,7.99,South
ORD-00852,2026-03-30,ST-022,SKU-AP-005,Rain Jacket,Apparel,4,18.99,East
ORD-02349,2026-05-23,ST-012,SKU-GR-002,Green Tea Box 25pk,Grocery,2,2.49,South
ORD-03030,2026-06-17,ST-017,SKU-BE-004,Hand Cream 100ml,Beauty,1,1.99,North
ORD-04927,2026-08-22,ST-002,SKU-EL-001,Wireless Earbuds,Electronics,2,18.49,West
ORD-04404,2026-08-04,ST-016,SKU-GR-003,Extra Virgin Olive Oil 1L,Grocery,1,8.99,West
ORD-04376,2026-08-03,ST-009,SKU-ST-001,Notebook A5 Ruled,Stationery,1,1.29,Central
ORD-02592,2026-06-01,ST-016,SKU-EL-002,USB-C Charger 30W,Electronics,2,8.99,Central
ORD-00532,2026-03-19,ST-015,SKU-ST-003,Desk Organizer,Stationery,5,5.99,East
ORD-01293,2026-04-15,ST-011,SKU-BE-002,Sunscreen SPF 50,Beauty,4,5.49,East
ORD-00701,2026-03-25,ST-010,SKU-GR-002,Green Tea Box 25pk,Grocery,1,2.49,South
ORD-01286,2026-04-14,ST-007,SKU-BE-004,Hand Cream 100ml,Beauty,1,1.99,East
ORD-00619,2026-03-22,ST-010,SKU-BE-003,Shampoo 400ml,Beauty,2,3.49,Central
ORD-00013,2026-03-01,ST-015,SKU-TY-003,Plush Bear Medium,Toys,2,6.49,North
ORD-00486,2026-03-17,ST-024,SKU-GR-001,Organic Almonds 500g,Grocery,2,6.49,South
ORD-01909,2026-05-07,ST-024,SKU-TY-003,Plush Bear Medium,Toys,2,6.49,Central
ORD-04989,2026-08-24,ST-018,SKU-ST-004,Sticky Notes Set,Stationery,1,0.99,West
ORD-04147,2026-07-25,ST-018,SKU-AP-003,Denim Jacket,Apparel,3,23.99,South
ORD-00644,2026-03-23,ST-020,SKU-EL-002,USB-C Charger 30W,Electronics,3,8.99,Central
ORD-03637,2026-07-08,ST-015,SKU-ST-003,Desk Organizer,Stationery,1,5.99,North
ORD-03792,2026-07-13,ST-008,SKU-HM-005,Storage Basket Set,Home,1,6.99,Central
ORD-00582,2026-03-20,ST-024,SKU-ST-003,Desk Organizer,Stationery,3,5.99,Central
ORD-04316,2026-07-31,ST-015,SKU-TY-003,Plush Bear Medium,Toys,2,6.49,South
ORD-04290,2026-07-31,ST-007,SKU-AP-005,Rain Jacket,Apparel,1,18.99,Central
ORD-01063,2026-04-06,ST-013,SKU-AP-002,Running Shoes,Apparel,4,29.99,North
ORD-03225,2026-06-24,ST-009,SKU-EL-005,Smartwatch Band,Electronics,1,7.99,West
ORD-04294,2026-07-31,ST-005,SKU-BE-003,Shampoo 400ml,Beauty,-1,3.49,West
ORD-04226,2026-07-28,ST-012,SKU-HM-004,Non-stick Pan 24cm,Home,4,9.99,West
ORD-03851,2026-07-15,ST-003,SKU-TY-001,Wooden Puzzle Set,Toys,2,7.99,Central
ORD-01494,2026-04-22,ST-024,SKU-BE-004,Hand Cream 100ml,Beauty,4,1.99,South
ORD-03895,2026-07-17,ST-005,SKU-EL-003,Bluetooth Speaker,Electronics,2,24.99,East
ORD-03755,2026-07-12,ST-008,SKU-HM-001,Ceramic Mug Set,Home,2,5.99,East
ORD-00583,2026-03-20,ST-011,SKU-EL-002,USB-C Charger 30W,Electronics,2,8.99,North
ORD-03007,2026-06-16,ST-013,SKU-GR-004,Whole Wheat Pasta 1kg,Grocery,1,1.99,South
ORD-01708,2026-04-30,ST-021,SKU-GR-005,Dark Chocolate Bar,Grocery,2,1.79,West
ORD-01510,2026-04-23,ST-006,SKU-EL-004,Power Bank 10000mAh,Electronics,3,12.99,East
ORD-05085,2026-08-27,ST-022,SKU-HM-005,Storage Basket Set,Home,1,6.99,South
ORD-03178,2026-06-22,ST-015,SKU-EL-003,Bluetooth Speaker,Electronics,1,24.99,East
ORD-00294,2026-03-10,ST-001,SKU-BE-004,Hand Cream 100ml,Beauty,5,1.99,North
ORD-04798,2026-08-17,ST-013,SKU-ST-004,Sticky Notes Set,Stationery,5,0.99,North
ORD-03943,2026-07-18,ST-008,SKU-HM-001,Ceramic Mug Set,Home,4,5.99,East
ORD-03341,2026-06-28,ST-017,SKU-HM-005,Storage Basket Set,Home,4,6.99,North
ORD-00396,2026-03-14,ST-018,SKU-GR-003,Extra Virgin Olive Oil 1L,Grocery,3,8.99,South
ORD-00743,2026-03-27,ST-010,SKU-ST-004,Sticky Notes Set,Stationery,5,0.99,North
ORD-01759,2026-05-01,ST-021,SKU-TY-002,Building Blocks 100pc,Toys,4,12.99,East
ORD-01533,2026-04-24,ST-018,SKU-TY-001,Wooden Puzzle Set,Toys,2,7.99,Central
ORD-01802,2026-05-03,ST-020,SKU-BE-004,Hand Cream 100ml,Beauty,1,1.99,East
ORD-00275,2026-03-10,ST-024,SKU-HM-002,LED Desk Lamp,Home,1,11.99,North
ORD-01978,2026-05-09,ST-020,SKU-GR-001,Organic Almonds 500g,Grocery,2,6.49,West
ORD-01361,2026-04-17,ST-013,SKU-HM-005,Storage Basket Set,Home,5,6.99,West
ORD-01750,2026-05-01,ST-014,SKU-EL-002,USB-C Charger 30W,Electronics,2,8.99,North
ORD-03928,2026-07-18,ST-009,SKU-TY-002,Building Blocks 100pc,Toys,2,12.99,West
ORD-02260,2026-05-20,ST-002,SKU-BE-005,Lip Balm Pack of 3,Beauty,5,1.49,East
ORD-04076,2026-07-23,ST-019,SKU-HM-004,,Home,5,9.99,South
ORD-03127,2026-06-20,ST-002,SKU-ST-001,Notebook A5 Ruled,Stationery,1,1.29,South
ORD-03600,2026-07-07,ST-020,SKU-BE-001,Aloe Vera Gel 200ml,Beauty,1,2.49,East
ORD-02744,2026-06-06,ST-003,SKU-GR-005,Dark Chocolate Bar,Grocery,1,1.79,Central
ORD-04386,2026-08-03,ST-013,SKU-HM-003,Cotton Bedsheet Set,Home,2,14.99,West
ORD-01026,2026-04-05,ST-001,SKU-GR-001,Organic Almonds 500g,Grocery,2,6.49,South
ORD-01245,2026-04-13,ST-010,SKU-EL-003,Bluetooth Speaker,Electronics,1,24.99,South
ORD-03862,2026-07-16,ST-019,SKU-EL-001,Wireless Earbuds,Electronics,2,18.49,South
ORD-02965,2026-06-15,ST-023,SKU-TY-004,Board Game Family Pack,Toys,3,14.99,West
ORD-04942,2026-08-22,ST-014,SKU-ST-003,Desk Organizer,Stationery,1,5.99,Central
ORD-00173,2026-03-07,ST-003,SKU-AP-003,Denim Jacket,Apparel,1,23.99,West
ORD-04387,2026-08-03,ST-008,SKU-GR-005,Dark Chocolate Bar,Grocery,2,1.79,West
ORD-03499,2026-07-04,ST-003,SKU-TY-001,Wooden Puzzle Set,Toys,4,7.99,North
ORD-04022,2026-07-21,ST-021,SKU-GR-002,Green Tea Box 25pk,Grocery,3,2.49,North
ORD-04206,2026-07-27,ST-001,SKU-BE-005,Lip Balm Pack of 3,Beauty,3,1.49,North
ORD-01439,2026-04-20,ST-021,SKU-TY-003,Plush Bear Medium,Toys,1,6.49,Central
ORD-03086,2026-06-19,ST-016,SKU-EL-005,Smartwatch Band,Electronics,3,7.99,Central
ORD-04507,2026-08-07,ST-010,SKU-GR-002,Green Tea Box 25pk,Grocery,1,2.49,West
ORD-02523,2026-05-29,ST-017,SKU-TY-003,Plush Bear Medium,Toys,1,6.49,East
ORD-03566,2026-07-06,ST-012,SKU-GR-005,Dark Chocolate Bar,Grocery,1,1.79,South
ORD-00827,2026-03-29,ST-022,SKU-HM-001,Ceramic Mug Set,Home,4,5.99,Central
ORD-04269,2026-07-30,ST-018,SKU-BE-004,Hand Cream 100ml,Beauty,4,1.99,East
ORD-04528,2026-08-08,ST-016,SKU-BE-002,Sunscreen SPF 50,Beauty,1,5.49,Central
ORD-00753,2026-03-27,ST-009,SKU-AP-002,Running Shoes,Apparel,4,29.99,West
ORD-02472,2026-05-27,ST-004,SKU-GR-005,Dark Chocolate Bar,Grocery,1,1.79,Central
ORD-00883,2026/03/31,ST-001,SKU-HM-003,Cotton Bedsheet Set,Home,4,14.99,Central
ORD-03318,2026-06-27,ST-011,SKU-TY-002,Building Blocks 100pc,Toys,1,12.99,West
ORD-04205,2026-07-27,ST-021,SKU-ST-001,Notebook A5 Ruled,Stationery,1,1.29,West
ORD-04797,2026-08-17,ST-013,SKU-AP-005,Rain Jacket,Apparel,1,18.99,Central
ORD-03939,2026-07-18,ST-009,SKU-AP-001,Cotton T-Shirt,Apparel,2,4.99,North
ORD-00564,2026-03-20,ST-018,SKU-EL-004,Power Bank 10000mAh,Electronics,3,12.99,East
ORD-01752,2026-05-01,ST-019,SKU-ST-004,Sticky Notes Set,Stationery,2,0.99,South
ORD-00134,2026-03-05,ST-002,SKU-HM-005,Storage Basket Set,Home,5,6.99,South
ORD-00292,2026-03-10,ST-001,SKU-TY-003,Plush Bear Medium,Toys,1,6.49,East
ORD-03707,2026-07-11,ST-020,SKU-TY-003,Plush Bear Medium,Toys,1,6.49,North
ORD-03160,2026-06-21,ST-014,SKU-EL-001,Wireless Earbuds,Electronics,2,18.49,East
ORD-03797,2026-07-13,ST-023,SKU-ST-002,Gel Pen Pack of 10,Stationery,1,1.49,Central
ORD-04584,2026-08-10,ST-007,SKU-HM-005,Storage Basket Set,Home,1,6.99,South
ORD-02528,2026-05-29,ST-007,SKU-BE-001,Aloe Vera Gel 200ml,Beauty,1,2.49,Central
ORD-00631,2026-03-22,ST-020,SKU-BE-001,Aloe Vera Gel 200ml,Beauty,2,2.49,North
ORD-01571,2026-04-25,ST-005,SKU-ST-002,Gel Pen Pack of 10,Stationery,2,1.49,North
ORD-00556,2026-03-20,ST-017,SKU-EL-004,Power Bank 10000mAh,Electronics,2,12.99,North
ORD-03012,2026-06-16,ST-007,SKU-EL-004,Power Bank 10000mAh,Electronics,1,12.99,North
ORD-03071,2026-06-18,ST-020,SKU-BE-005,Lip Balm Pack of 3,Beauty,2,1.49,East
ORD-03467,2026-07-03,ST-019,SKU-AP-002,Running Shoes,Apparel,1,29.99,South
ORD-03690,2026-07-10,ST-017,SKU-TY-004,Board Game Family Pack,Toys,2,14.99,Central
ORD-04339,2026-08-01,ST-024,SKU-BE-004,Hand Cream 100ml,Beauty,1,1.99,South
ORD-02296,2026-05-21,ST-008,SKU-ST-001,Notebook A5 Ruled,Stationery,1,1.29,East
ORD-02463,2026-05-27,ST-008,SKU-HM-003,Cotton Bedsheet Set,Home,4,14.99,East
ORD-00655,2026-03-23,ST-004,SKU-GR-003,Extra Virgin Olive Oil 1L,Grocery,1,8.99,Central
ORD-04319,2026-08-01,ST-020,SKU-ST-003,Desk Organizer,Stationery,1,5.99,North
ORD-03106,2026-06-19,ST-015,SKU-ST-004,Sticky Notes Set,Stationery,4,0.99,South
ORD-02329,2026-05-22,ST-013,SKU-GR-003,Extra Virgin Olive Oil 1L,Grocery,3,8.99,Central
ORD-00063,2026-03-02,ST-001,SKU-TY-002,Building Blocks 100pc,Toys,5,12.99,East
ORD-02791,2026-06-08,ST-002,SKU-HM-001,Ceramic Mug Set,Home,3,5.99,North
ORD-02337,2026-05-22,ST-001,SKU-ST-003,Desk Organizer,Stationery,1,5.99,West
ORD-01967,2026-05-08,ST-012,SKU-TY-004,Board Game Family Pack,Toys,4,14.99,Central
ORD-03003,2026-06-16,ST-021,SKU-EL-004,Power Bank 10000mAh,Electronics,2,12.99,North
ORD-01550,2026-04-24,ST-014,SKU-BE-004,Hand Cream 100ml,Beauty,1,1.99,Central
ORD-00426,2026-03-15,ST-003,SKU-BE-001,Aloe Vera Gel 200ml,Beauty,4,2.49,Central
ORD-04352,2026-08-02,ST-020,SKU-BE-005,Lip Balm Pack of 3,Beauty,5,1.49,Central
ORD-03477,2026-07-03,ST-020,SKU-BE-004,Hand Cream 100ml,Beauty,4,1.99,North
ORD-03109,2026-06-20,ST-016,SKU-AP-004,Wool Socks 3-pack,Apparel,4,3.49,Central
ORD-03080,2026-06-19,ST-002,SKU-AP-001,Cotton T-Shirt,Apparel,2,4.99,East
ORD-04609,2026-08-11,ST-023,SKU-HM-003,Cotton Bedsheet Set,Home,1,14.99,North
ORD-04089,2026-07-23,ST-019,SKU-HM-004,Non-stick Pan 24cm,Home,1,9.99,West
ORD-01498,2026-04-22,ST-019,SKU-EL-002,USB-C Charger 30W,Electronics,5,8.99,East
ORD-03185,2026-06-22,ST-021,SKU-GR-003,Extra Virgin Olive Oil 1L,Grocery,1,8.99,East
ORD-02191,2026-05-17,ST-013,SKU-EL-004,Power Bank 10000mAh,Electronics,4,12.99,Central
ORD-00466,2026-03-16,ST-003,SKU-HM-001,Ceramic Mug Set,Home,4,5.99,Central
ORD-01477,2026-04-22,ST-003,SKU-TY-005,Remote Control Car,Toys,2,16.99,South
ORD-02589,2026-06-01,ST-012,SKU-AP-003,Denim Jacket,Apparel,3,23.99,West
ORD-01640,2026-04-27,ST-022,SKU-EL-001,Wireless Earbuds,Electronics,1,18.49,North
ORD-00969,2026-04-03,ST-014,SKU-ST-002,Gel Pen Pack of 10,Stationery,2,1.49,South
ORD-04414,2026-08-04,ST-006,SKU-HM-002,LED Desk Lamp,Home,5,11.99,Central
ORD-04700,2026-08-14,ST-008,SKU-EL-002,USB-C Charger 30W,Electronics,4,8.99,West
ORD-03691,2026-07-10,ST-022,SKU-TY-003,Plush Bear Medium,Toys,1,6.49,Central
ORD-04451,2026-08-06,ST-002,SKU-HM-001,Ceramic Mug Set,Home,1,5.99,East
ORD-00756,2026-03-27,ST-007,SKU-AP-005,Rain Jacket,Apparel,2,18.99,North
ORD-00587,2026-03-21,ST-020,SKU-EL-002,USB-C Charger 30W,Electronics,4,8.99,North
ORD-05099,2026-08-27,ST-007,SKU-BE-003,Shampoo 400ml,Beauty,3,3.49,West
ORD-01212,2026-04-12,ST-009,SKU-HM-002,LED Desk Lamp,Home,2,11.99,North
ORD-04787,2026-08-17,ST-014,SKU-BE-003,Shampoo 400ml,Beauty,1,3.49,Central
ORD-00741,2026-03-26,ST-010,SKU-TY-004,Board Game Family Pack,Toys,3,14.99,South
ORD-02811,2026-06-09,ST-009,SKU-TY-005,Remote Control Car,Toys,4,16.99,East
ORD-02500,2026-05-28,ST-001,SKU-EL-001,Wireless Earbuds,Electronics,2,18.49,Central
ORD-00281,2026-03-10,ST-019,SKU-BE-002,Sunscreen SPF 50,Beauty,1,5.49,South
ORD-02559,2026-05-31,ST-006,SKU-TY-004,Board Game Family Pack,Toys,,14.99,West
ORD-02906,2026-06-12,ST-024,SKU-HM-001,Ceramic Mug Set,Home,3,5.99,Central
ORD-02964,2026-06-14,ST-021,SKU-EL-003,Bluetooth Speaker,Electronics,1,24.99,South
ORD-01305,2026-04-15,ST-014,SKU-BE-005,Lip Balm Pack of 3,Beauty,2,1.49,East
ORD-00611,2026-03-21,ST-009,SKU-ST-003,Desk Organizer,Stationery,3,5.99,East
ORD-01559,2026-04-25,ST-024,SKU-BE-003,Shampoo 400ml,Beauty,1,3.49,West
ORD-00187,2026-03-07,ST-020,SKU-TY-001,Wooden Puzzle Set,Toys,1,7.99,West
ORD-00781,2026-03-28,ST-006,SKU-HM-002,LED Desk Lamp,Home,5,11.99,West
ORD-02111,2026-05-14,ST-007,SKU-EL-002,USB-C Charger 30W,Electronics,1,8.99,East
ORD-02365,2026-05-23,ST-024,SKU-AP-003,Denim Jacket,Apparel,1,23.99,Central
ORD-00990,2026-04-03,ST-004,SKU-BE-003,Shampoo 400ml,Beauty,2,3.49,West
ORD-01247,2026-04-13,ST-017,SKU-GR-005,Dark Chocolate Bar,Grocery,2,1.79,West
ORD-02743,2026-06-06,ST-006,SKU-HM-001,Ceramic Mug Set,Home,,5.99,North
ORD-00204,2026-03-08,ST-013,SKU-GR-001,Organic Almonds 500g,Grocery,3,6.49,Central
ORD-04634,2026-08-12,ST-019,SKU-HM-001,Ceramic Mug Set,Home,3,5.99,Central
ORD-02427,2026-05-25,ST-003,SKU-BE-002,Sunscreen SPF 50,Beauty,1,5.49,West
ORD-00679,2026-03-24,ST-004,SKU-GR-001,Organic Almonds 500g,Grocery,3,6.49,West
ORD-02378,2026-05-24,ST-006,SKU-AP-003,Denim Jacket,Apparel,2,23.99,East
ORD-03409,2026-06-30,ST-010,SKU-EL-001,Wireless Earbuds,Electronics,2,18.49,South
ORD-01816,2026-05-04,ST-024,SKU-TY-003,Plush Bear Medium,Toys,1,6.49,South
ORD-03367,2026-06-29,ST-022,SKU-BE-003,Shampoo 400ml,Beauty,1,3.49,North
ORD-00504,2026-03-18,ST-001,SKU-HM-005,Storage Basket Set,Home,1,6.99,Central
ORD-02230,2026-05-19,ST-006,SKU-HM-005,Storage Basket Set,Home,2,6.99,East
ORD-04666,2026-08-13,ST-017,SKU-AP-003,Denim Jacket,Apparel,4,23.99,South
ORD-04735,2026-08-15,ST-007,SKU-GR-002,Green Tea Box 25pk,Grocery,2,2.49,Central
ORD-04027,2026-07-21,ST-015,SKU-ST-004,Sticky Notes Set,Stationery,1,0.99,North
ORD-04242,2026-07-28,ST-024,SKU-ST-002,Gel Pen Pack of 10,Stationery,2,1.49,Central
ORD-04102,2026-07-23,ST-008,SKU-BE-003,Shampoo 400ml,Beauty,4,3.49,Central
ORD-01675,2026-04-28,ST-013,SKU-TY-002,Building Blocks 100pc,Toys,3,12.99,Central
ORD-02740,2026-06-06,ST-016,SKU-HM-005,Storage Basket Set,Home,3,6.99,North
ORD-00703,2026-03-25,ST-016,SKU-GR-003,Extra Virgin Olive Oil 1L,Grocery,1,8.99,North
ORD-00697,2026-03-25,ST-006,SKU-AP-005,Rain Jacket,Apparel,1,18.99,South
ORD-04437,2026-08-05,ST-006,SKU-ST-004,Sticky Notes Set,Stationery,3,0.99,Central
ORD-02526,2026-05-29,ST-012,SKU-AP-004,Wool Socks 3-pack,Apparel,3,3.49,North
ORD-03442,2026-07-02,ST-024,SKU-EL-002,USB-C Charger 30W,Electronics,4,8.99,East
ORD-02042,2026-05-11,ST-020,SKU-BE-003,Shampoo 400ml,Beauty,2,3.49,East
ORD-04800,2026-08-18,ST-021,SKU-HM-005,Storage Basket Set,Home,1,6.99,Central
ORD-03809,2026-07-14,ST-019,SKU-GR-002,Green Tea Box 25pk,Grocery,1,2.49,East
ORD-00419,2026-03-15,ST-002,SKU-TY-003,Plush Bear Medium,Toys,2,,North
ORD-00065,2026-03-02,ST-015,SKU-ST-004,Sticky Notes Set,Stationery,5,0.99,North
ORD-04295,2026-07-31,ST-004,SKU-ST-002,Gel Pen Pack of 10,Stationery,5,1.49,West
ORD-01607,2026-04-26,ST-015,SKU-GR-005,Dark Chocolate Bar,Grocery,4,1.79,North
ORD-01048,2026-04-05,ST-007,SKU-GR-003,Extra Virgin Olive Oil 1L,Grocery,2,8.99,West
ORD-03944,2026-07-18,ST-012,SKU-HM-001,Ceramic Mug Set,Home,2,5.99,Central
ORD-02634,2026-06-03,ST-009,SKU-ST-002,Gel Pen Pack of 10,Stationery,2,1.49,North
ORD-04831,2026-08-19,ST-012,SKU-EL-003,Bluetooth Speaker,Electronics,2,24.99,East
ORD-01831,2026-05-04,ST-005,SKU-TY-003,Plush Bear Medium,Toys,3,6.49,West
ORD-00988,2026-04-03,ST-014,SKU-TY-005,Remote Control Car,Toys,1,16.99,North
ORD-02828,2026-06-10,ST-014,SKU-GR-005,Dark Chocolate Bar,Grocery,2,1.79,East
ORD-03812,2026-07-14,ST-006,SKU-AP-002,Running Shoes,Apparel,5,29.99,South
ORD-04198,2026-07-27,ST-019,SKU-EL-002,USB-C Charger 30W,Electronics,3,8.99,North
ORD-02295,2026-05-21,ST-023,SKU-HM-003,Cotton Bedsheet Set,Home,1,14.99,North
ORD-01612,2026-04-26,ST-021,SKU-EL-001,Wireless Earbuds,Electronics,2,18.49,Central
ORD-00299,2026-03-10,ST-006,SKU-EL-001,Wireless Earbuds,Electronics,4,18.49,South
ORD-00772,2026-03-27,ST-016,SKU-EL-001,Wireless Earbuds,Electronics,1,18.49,East
ORD-03026,2026-06-17,ST-001,SKU-EL-005,Smartwatch Band,Electronics,4,7.99,East
ORD-01056,2026-04-06,ST-021,SKU-BE-002,Sunscreen SPF 50,Beauty,1,5.49,North
ORD-01535,2026-04-24,ST-017,SKU-HM-005,Storage Basket Set,Home,1,6.99,East
ORD-02157,2026-05-16,ST-016,SKU-AP-001,Cotton T-Shirt,Apparel,1,4.99,West
ORD-02524,2026-05-29,ST-010,SKU-EL-001,Wireless Earbuds,Electronics,1,18.49,West
ORD-02413,2026-05-25,ST-007,SKU-TY-001,Wooden Puzzle Set,Toys,2,7.99,East
ORD-04025,2026-07-21,ST-012,SKU-TY-003,Plush Bear Medium,Toys,3,6.49,North
ORD-05096,2026-08-27,ST-024,SKU-TY-003,Plush Bear Medium,Toys,2,6.49,South
ORD-04042,2026-07-21,ST-024,SKU-ST-004,Sticky Notes Set,Stationery,5,0.99,East
ORD-03062,2026-06-18,ST-003,SKU-EL-005,Smartwatch Band,Electronics,5,7.99,Central
ORD-01723,2026-04-30,ST-016,SKU-EL-001,Wireless Earbuds,Electronics,2,18.49,East
ORD-00996,2026-04-03,ST-009,SKU-HM-003,Cotton Bedsheet Set,Home,1,14.99,Central
ORD-02058,2026-05-12,ST-022,SKU-AP-004,Wool Socks 3-pack,Apparel,1,3.49,South
ORD-01855,2026-05-05,ST-019,SKU-EL-002,USB-C Charger 30W,Electronics,3,8.99,West
ORD-01357,2026-04-17,ST-005,SKU-HM-004,Non-stick Pan 24cm,Home,2,9.99,East
ORD-02457,2026-05-27,ST-007,SKU-ST-003,Desk Organizer,Stationery,1,5.99,East
ORD-01170,2026-04-10,ST-023,SKU-EL-001,Wireless Earbuds,Electronics,5,18.49,North
ORD-03175,2026-06-22,ST-006,SKU-AP-005,Rain Jacket,Apparel,1,18.99,East
ORD-00804,2026-03-28,ST-012,SKU-GR-002,Green Tea Box 25pk,Grocery,5,2.49,West
ORD-02297,2026-05-21,ST-012,SKU-ST-003,Desk Organizer,Stationery,5,5.99,East
ORD-01335,2026-04-16,ST-012,SKU-TY-002,Building Blocks 100pc,Toys,5,12.99,East
ORD-04946,2026-08-23,ST-024,SKU-EL-004,Power Bank 10000mAh,Electronics,1,12.99,North
ORD-03938,2026-07-18,ST-014,SKU-HM-001,Ceramic Mug Set,Home,4,5.99,South
ORD-04261,2026-07-29,ST-005,SKU-AP-005,Rain Jacket,Apparel,2,18.99,South
ORD-04337,2026-08-01,ST-003,SKU-AP-004,Wool Socks 3-pack,Apparel,5,3.49,East
ORD-02108,2026-05-14,ST-021,SKU-TY-004,Board Game Family Pack,Toys,4,14.99,East
ORD-00678,2026-03-24,ST-019,SKU-BE-005,Lip Balm Pack of 3,Beauty,5,1.49,East
ORD-03749,2026-07-12,ST-001,SKU-ST-003,Desk Organizer,Stationery,2,5.99,Central
ORD-02199,2026-05-18,ST-011,SKU-AP-004,Wool Socks 3-pack,Apparel,1,3.49,East
ORD-00800,2026-03-28,ST-008,SKU-GR-003,Extra Virgin Olive Oil 1L,Grocery,1,8.99,East
ORD-02206,2026-05-18,ST-015,SKU-AP-005,Rain Jacket,Apparel,3,18.99,North
ORD-01093,2026-04-07,ST-005,SKU-AP-005,Rain Jacket,Apparel,5,18.99,North
ORD-02303,2026-05-21,ST-011,SKU-GR-002,Green Tea Box 25pk,Grocery,1,2.49,North
ORD-04264,2026-07-29,ST-007,SKU-GR-002,Green Tea Box 25pk,Grocery,1,2.49,Central
ORD-03881,2026-07-16,ST-004,SKU-ST-004,Sticky Notes Set,Stationery,5,0.99,East
ORD-04945,2026-08-22,ST-009,SKU-HM-003,Cotton Bedsheet Set,Home,1,14.99,North
ORD-01695,2026-04-29,ST-020,SKU-GR-003,Extra Virgin Olive Oil 1L,Grocery,3,8.99,South
ORD-03363,2026-06-29,ST-005,SKU-AP-002,Running Shoes,Apparel,2,29.99,West
ORD-01428,2026-04-20,ST-013,SKU-EL-004,Power Bank 10000mAh,Electronics,1,12.99,East
ORD-01576,2026-04-25,ST-016,SKU-ST-003,Desk Organizer,Stationery,2,5.99,South
ORD-03766,2026-07-13,ST-018,SKU-TY-005,Remote Control Car,Toys,1,16.99,East
ORD-00356,2026-03-12,ST-019,SKU-GR-003,Extra Virgin Olive Oil 1L,Grocery,1,8.99,South
ORD-04929,2026-08-22,ST-009,SKU-EL-003,Bluetooth Speaker,Electronics,3,24.99,South
ORD-03880,2026-07-16,ST-021,SKU-GR-004,Whole Wheat Pasta 1kg,Grocery,2,1.99,South
ORD-00407,2026-03-14,ST-019,SKU-TY-001,Wooden Puzzle Set,Toys,1,7.99,East
ORD-00992,2026-04-03,ST-002,SKU-HM-005,Storage Basket Set,Home,2,6.99,West
ORD-03059,2026-06-18,ST-008,SKU-ST-004,Sticky Notes Set,Stationery,5,0.99,Central
ORD-01373,2026-04-17,ST-018,SKU-TY-004,Board Game Family Pack,Toys,1,14.99,East
ORD-03987,2026-07-20,ST-006,SKU-AP-003,Denim Jacket,Apparel,2,23.99,North
ORD-01725,2026-04-30,ST-019,SKU-BE-003,Shampoo 400ml,Beauty,1,3.49,Central
ORD-02958,2026-06-14,ST-013,SKU-TY-004,Board Game Family Pack,Toys,1,14.99,Central
ORD-03718,2026-07-11,ST-009,SKU-BE-002,Sunscreen SPF 50,Beauty,1,5.49,West
ORD-03970,2026-07-19,ST-006,SKU-GR-001,Organic Almonds 500g,Grocery,3,6.49,East
ORD-01408,2026-04-19,ST-010,SKU-GR-001,Organic Almonds 500g,Grocery,1,6.49,South
ORD-04011,2026/07/20,ST-018,SKU-HM-003,Cotton Bedsheet Set,Home,1,14.99,East
ORD-00897,2026-03-31,ST-004,SKU-GR-002,Green Tea Box 25pk,Grocery,4,2.49,Central
ORD-00172,2026-03-07,ST-001,SKU-GR-001,Organic Almonds 500g,Grocery,2,6.49,North
ORD-04133,2026-07-24,ST-004,SKU-GR-002,Green Tea Box 25pk,Grocery,5,2.49,West
ORD-04080,2026-07-23,ST-022,SKU-HM-004,Non-stick Pan 24cm,Home,-4,9.99,North
ORD-00455,2026-03-16,ST-001,SKU-GR-001,Organic Almonds 500g,Grocery,2,6.49,South
ORD-03326,2026-06-27,ST-020,SKU-TY-002,Building Blocks 100pc,Toys,1,12.99,Central
ORD-04748,2026-08-16,ST-023,SKU-TY-001,Wooden Puzzle Set,Toys,2,7.99,East
ORD-00568,2026-03-20,ST-024,SKU-BE-002,Sunscreen SPF 50,Beauty,1,5.49,East
ORD-00720,2026-03-25,ST-022,SKU-AP-004,Wool Socks 3-pack,Apparel,4,3.49,West
ORD-03116,2026-06-20,ST-013,SKU-TY-003,Plush Bear Medium,Toys,4,6.49,East
ORD-03331,2026-06-27,ST-014,SKU-EL-001,Wireless Earbuds,Electronics,1,18.49,North
ORD-03867,2026-07-16,ST-001,SKU-GR-003,Extra Virgin Olive Oil 1L,Grocery,2,8.99,West
ORD-03642,2026-07-08,ST-019,SKU-ST-004,Sticky Notes Set,Stationery,5,0.99,West
ORD-03875,2026-07-16,ST-018,SKU-ST-003,Desk Organizer,Stationery,5,5.99,North
ORD-01221,2026-04-12,ST-001,SKU-BE-005,Lip Balm Pack of 3,Beauty,4,1.49,Central
ORD-04347,2026-08-02,ST-010,SKU-GR-004,Whole Wheat Pasta 1kg,Grocery,1,1.99,North
ORD-05043,2026-08-25,ST-012,SKU-GR-004,Whole Wheat Pasta 1kg,Grocery,3,1.99,West
ORD-04037,2026-07-21,ST-019,SKU-BE-002,Sunscreen SPF 50,Beauty,,5.49,East
ORD-04435,2026-08-05,ST-018,SKU-GR-001,Organic Almonds 500g,Grocery,2,6.49,Central
ORD-04531,2026-08-08,ST-007,SKU-HM-005,Storage Basket Set,Home,4,6.99,East
ORD-02877,2026-06-11,ST-010,SKU-ST-003,Desk Organizer,Stationery,5,5.99,East
ORD-04808,2026-08-18,ST-023,SKU-ST-004,Sticky Notes Set,Stationery,2,0.99,East
ORD-02292,2026-05-21,ST-019,SKU-BE-002,Sunscreen SPF 50,Beauty,1,5.49,North
ORD-00010,2026-03-01,ST-022,SKU-TY-005,Remote Control Car,Toys,3,16.99,East
ORD-03619,2026-07-08,ST-024,SKU-ST-003,Desk Organizer,Stationery,1,5.99,South
ORD-02889,2026-06-12,ST-004,SKU-GR-003,Extra Virgin Olive Oil 1L,Grocery,1,8.99,South
ORD-03850,2026-07-15,ST-014,SKU-EL-004,Power Bank 10000mAh,Electronics,1,12.99,South
ORD-04371,2026-08-03,ST-016,SKU-EL-004,Power Bank 10000mAh,Electronics,1,12.99,South
ORD-01853,2026-05-05,ST-006,SKU-EL-001,Wireless Earbuds,Electronics,3,18.49,East
ORD-03994,2026-07-20,ST-015,SKU-GR-005,Dark Chocolate Bar,Grocery,2,1.79,East
ORD-00359,2026-03-12,ST-004,SKU-TY-004,Board Game Family Pack,Toys,1,14.99,East
ORD-00962,2026-04-02,ST-004,SKU-HM-005,Storage Basket Set,Home,5,6.99,North
ORD-03471,2026-07-03,ST-015,SKU-BE-002,Sunscreen SPF 50,Beauty,1,5.49,West
ORD-00523,2026-03-19,ST-012,SKU-GR-004,Whole Wheat Pasta 1kg,Grocery,5,1.99,West
ORD-01046,2026-04-05,ST-011,SKU-ST-001,Notebook A5 Ruled,Stationery,1,1.29,East
ORD-03294,2026-06-26,ST-010,SKU-GR-001,Organic Almonds 500g,Grocery,4,6.49,North
ORD-01070,2026-04-06,ST-023,SKU-GR-001,Organic Almonds 500g,Grocery,1,6.49,West
ORD-00855,2026-03-30,ST-015,SKU-ST-004,Sticky Notes Set,Stationery,,0.99,South
ORD-01035,2026-04-05,ST-017,SKU-GR-001,Organic Almonds 500g,Grocery,1,6.49,West
ORD-04187,2026-07-26,ST-007,SKU-AP-003,Denim Jacket,Apparel,1,23.99,Central
ORD-04991,2026-08-24,ST-014,SKU-ST-003,Desk Organizer,Stationery,2,5.99,South
ORD-00506,2026-03-18,ST-016,SKU-HM-001,Ceramic Mug Set,Home,4,5.99,West
ORD-01317,2026-04-15,ST-015,SKU-TY-003,Plush Bear Medium,Toys,1,6.49,East
ORD-03495,2026-07-04,ST-010,SKU-AP-005,Rain Jacket,Apparel,5,18.99,North
ORD-03940,2026-07-18,ST-009,SKU-TY-004,Board Game Family Pack,Toys,1,14.99,East
ORD-00258,2026-03-09,ST-007,SKU-BE-005,Lip Balm Pack of 3,Beauty,1,1.49,North
ORD-02759,2026-06-07,ST-014,SKU-HM-003,Cotton Bedsheet Set,Home,2,14.99,Central
ORD-02408,2026-05-25,ST-002,SKU-BE-004,Hand Cream 100ml,Beauty,5,1.99,West
ORD-01921,2026-05-07,ST-022,SKU-EL-005,Smartwatch Band,Electronics,1,7.99,South
ORD-04228,2026-07-28,ST-018,SKU-TY-005,Remote Control Car,Toys,3,16.99,West
ORD-01804,2026-05-03,ST-009,SKU-BE-005,Lip Balm Pack of 3,Beauty,1,1.49,East
ORD-01946,2026-05-08,ST-016,SKU-HM-002,LED Desk Lamp,Home,1,11.99,East
ORD-04595,2026-08-11,ST-014,SKU-GR-003,Extra Virgin Olive Oil 1L,Grocery,4,8.99,North
ORD-04809,2026-08-18,ST-015,SKU-EL-003,Bluetooth Speaker,Electronics,1,24.99,East
ORD-00091,2026-03-03,ST-024,SKU-TY-001,Wooden Puzzle Set,Toys,1,7.99,East
ORD-03751,2026-07-12,ST-016,SKU-GR-004,Whole Wheat Pasta 1kg,Grocery,5,1.99,North
ORD-01815,2026-05-04,ST-001,SKU-BE-004,Hand Cream 100ml,Beauty,3,1.99,East
ORD-00039,2026-03-02,ST-014,SKU-AP-002,Running Shoes,Apparel,2,29.99,South
ORD-02443,2026-05-26,ST-003,SKU-HM-001,Ceramic Mug Set,Home,2,5.99,East
ORD-01380,2026-04-18,ST-024,SKU-EL-002,USB-C Charger 30W,Electronics,3,8.99,East
ORD-04937,2026-08-22,ST-002,SKU-GR-002,Green Tea Box 25pk,Grocery,1,2.49,South
ORD-02015,2026-05-10,ST-012,SKU-GR-003,Extra Virgin Olive Oil 1L,Grocery,1,8.99,North
ORD-03321,2026-06-27,ST-022,SKU-EL-001,Wireless Earbuds,Electronics,1,18.49,South
ORD-02250,2026-05-20,ST-024,SKU-AP-002,Running Shoes,Apparel,3,,East
ORD-03869,2026-07-16,ST-007,SKU-EL-005,Smartwatch Band,Electronics,2,7.99,East
ORD-02072,2026-05-13,ST-004,SKU-EL-005,Smartwatch Band,Electronics,1,7.99,West
ORD-02850,2026-06-10,ST-014,SKU-HM-001,Ceramic Mug Set,Home,1,5.99,Central
ORD-03907,2026-07-17,ST-024,SKU-EL-003,Bluetooth Speaker,Electronics,4,24.99,East
ORD-04885,2026-08-20,ST-019,SKU-BE-005,Lip Balm Pack of 3,Beauty,3,1.49,Central
ORD-01344,2026-04-17,ST-007,SKU-BE-002,Sunscreen SPF 50,Beauty,2,5.49,West
ORD-00780,2026-03-28,ST-022,SKU-AP-002,Running Shoes,Apparel,4,29.99,North
ORD-00136,2026-03-05,ST-011,SKU-ST-004,Sticky Notes Set,Stationery,1,0.99,Central
ORD-03906,2026-07-17,ST-011,SKU-AP-003,Denim Jacket,Apparel,1,23.99,West
ORD-04490,2026-08-07,ST-007,SKU-GR-001,Organic Almonds 500g,Grocery,2,6.49,Central
ORD-03818,2026-07-14,ST-001,SKU-ST-001,Notebook A5 Ruled,Stationery,2,1.29,East
ORD-01531,2026-04-23,ST-008,SKU-AP-002,Running Shoes,Apparel,2,29.99,Central
ORD-05014,2026-08-24,ST-009,SKU-AP-002,Running Shoes,Apparel,5,29.99,North
ORD-03573,2026-07-06,ST-008,SKU-EL-003,Bluetooth Speaker,Electronics,5,24.99,East
ORD-00899,2026-03-31,ST-018,SKU-HM-005,Storage Basket Set,Home,1,6.99,East
ORD-00550,2026-03-20,ST-006,SKU-TY-002,Building Blocks 100pc,Toys,2,12.99,Central
ORD-01728,2026-04-30,ST-009,SKU-HM-003,Cotton Bedsheet Set,Home,4,14.99,South
ORD-00635,2026-03-22,ST-013,SKU-GR-002,Green Tea Box 25pk,Grocery,1,2.49,East
ORD-04099,2026-07-23,ST-003,SKU-AP-004,Wool Socks 3-pack,Apparel,4,3.49,North
ORD-04464,2026-08-06,ST-013,SKU-ST-001,Notebook A5 Ruled,Stationery,1,1.29,Central
ORD-04776,2026-08-16,ST-008,SKU-GR-005,Dark Chocolate Bar,Grocery,3,1.79,Central
ORD-04887,2026-08-20,ST-005,SKU-HM-002,LED Desk Lamp,Home,4,11.99,East
ORD-00965,2026-04-03,ST-002,SKU-ST-003,Desk Organizer,Stationery,3,5.99,Central
ORD-03020,2026-06-17,ST-022,SKU-HM-003,Cotton Bedsheet Set,Home,3,14.99,North
ORD-02284,2026-05-21,ST-020,SKU-AP-005,Rain Jacket,Apparel,1,18.99,North
ORD-03740,2026-07-12,ST-005,SKU-EL-004,Power Bank 10000mAh,Electronics,2,12.99,North
ORD-04466,2026-08-06,ST-021,SKU-TY-004,Board Game Family Pack,Toys,1,14.99,West
ORD-02776,2026-06-08,ST-010,SKU-BE-001,Aloe Vera Gel 200ml,Beauty,2,2.49,Central
ORD-00243,2026-03-09,ST-008,SKU-GR-005,Dark Chocolate Bar,Grocery,5,1.79,North
ORD-04823,2026-08-18,ST-009,SKU-ST-002,Gel Pen Pack of 10,Stationery,1,1.49,West
ORD-03347,2026-06-28,ST-015,SKU-GR-002,Green Tea Box 25pk,Grocery,2,2.49,Central
ORD-01422,2026-04-20,ST-010,SKU-ST-003,Desk Organizer,Stationery,1,5.99,West
ORD-03221,2026-06-24,ST-007,SKU-TY-002,Building Blocks 100pc,Toys,2,12.99,South
ORD-00502,2026-03-18,ST-024,SKU-AP-004,Wool Socks 3-pack,Apparel,5,3.49,North
ORD-04366,2026-08-03,ST-004,SKU-EL-004,Power Bank 10000mAh,Electronics,4,12.99,East
ORD-01989,2026-05-09,ST-001,SKU-HM-002,LED Desk Lamp,Home,2,11.99,Central
ORD-03036,2026-06-17,ST-019,SKU-AP-005,Rain Jacket,Apparel,3,18.99,East
ORD-04565,2026-08-10,ST-017,SKU-HM-004,Non-stick Pan 24cm,Home,1,9.99,East
ORD-02126,2026-05-15,ST-019,SKU-EL-004,Power Bank 10000mAh,Electronics,1,12.99,West
ORD-02543,2026-05-30,ST-004,SKU-BE-004,Hand Cream 100ml,Beauty,5,1.99,West
ORD-01219,2026/04/12,ST-002,SKU-TY-005,Remote Control Car,Toys,1,16.99,East
ORD-01965,2026-05-08,ST-015,SKU-TY-003,Plush Bear Medium,Toys,2,6.49,North
ORD-00240,2026-03-09,ST-001,SKU-BE-004,Hand Cream 100ml,Beauty,2,1.99,North
ORD-02353,2026-05-23,ST-014,SKU-TY-003,Plush Bear Medium,Toys,2,6.49,North
ORD-01536,2026-04-24,ST-020,SKU-ST-004,Sticky Notes Set,Stationery,5,0.99,West
ORD-04839,2026-08-19,ST-003,SKU-EL-004,Power Bank 10000mAh,Electronics,1,12.99,West
ORD-00541,2026-03-19,ST-002,SKU-ST-002,Gel Pen Pack of 10,Stationery,4,1.49,Central
ORD-00475,2026-03-17,ST-004,SKU-BE-003,Shampoo 400ml,Beauty,,3.49,South
ORD-01017,2026-04-04,ST-001,SKU-GR-004,Whole Wheat Pasta 1kg,Grocery,4,1.99,Central
ORD-03822,2026-07-14,ST-007,SKU-HM-001,Ceramic Mug Set,Home,4,5.99,Central
ORD-04428,2026-08-05,ST-011,SKU-TY-003,Plush Bear Medium,Toys,5,6.49,East
ORD-02000,2026-05-10,ST-015,SKU-BE-005,Lip Balm Pack of 3,Beauty,1,1.49,North
ORD-01739,2026-05-01,ST-015,SKU-TY-005,Remote Control Car,Toys,5,16.99,North
ORD-00079,2026-03-03,ST-007,SKU-HM-005,Storage Basket Set,Home,3,6.99,East
ORD-05009,2026-08-24,ST-020,SKU-BE-003,Shampoo 400ml,Beauty,2,3.49,Central
ORD-04480,2026-08-07,ST-009,SKU-ST-001,Notebook A5 Ruled,Stationery,2,1.29,South
ORD-01319,2026-04-15,ST-021,SKU-HM-005,Storage Basket Set,Home,3,6.99,North
ORD-03597,2026-07-07,ST-006,SKU-EL-003,Bluetooth Speaker,Electronics,2,24.99,West
ORD-00980,2026-04-03,ST-017,SKU-BE-004,Hand Cream 100ml,Beauty,5,1.99,Central
ORD-01111,2026-04-08,ST-017,SKU-EL-001,Wireless Earbuds,Electronics,1,18.49,North
ORD-00206,2026-03-08,ST-012,SKU-GR-002,Green Tea Box 25pk,Grocery,5,2.49,West
ORD-01882,2026-05-06,ST-015,SKU-HM-003,Cotton Bedsheet Set,Home,1,14.99,East
ORD-01057,2026-04-06,ST-023,SKU-ST-001,Notebook A5 Ruled,Stationery,4,1.29,Central
ORD-03634,2026-07-08,ST-012,SKU-GR-001,Organic Almonds 500g,Grocery,2,6.49,Central
ORD-02382,2026-05-24,ST-011,SKU-TY-003,Plush Bear Medium,Toys,,6.49,West
ORD-02631,2026-06-03,ST-009,SKU-AP-001,Cotton T-Shirt,Apparel,5,4.99,North
ORD-01783,2026-05-02,ST-014,SKU-BE-004,Hand Cream 100ml,Beauty,1,1.99,East
ORD-02846,2026-06-10,ST-022,SKU-HM-001,Ceramic Mug Set,Home,3,5.99,South
ORD-02201,2026-05-18,ST-018,SKU-EL-004,Power Bank 10000mAh,Electronics,4,,West
ORD-03734,2026-07-12,ST-017,SKU-AP-003,Denim Jacket,Apparel,2,23.99,East
ORD-03370,2026-06-29,ST-024,SKU-AP-004,Wool Socks 3-pack,Apparel,4,3.49,North
ORD-03743,2026-07-12,ST-007,SKU-BE-002,Sunscreen SPF 50,Beauty,2,5.49,West
ORD-01180,2026-04-10,ST-022,SKU-GR-003,Extra Virgin Olive Oil 1L,Grocery,1,8.99,East
ORD-04351,2026-08-02,ST-001,SKU-TY-005,Remote Control Car,Toys,3,16.99,West
ORD-05098,2026-08-27,ST-019,SKU-TY-001,Wooden Puzzle Set,Toys,3,7.99,South
ORD-02109,2026-05-14,ST-013,SKU-TY-003,Plush Bear Medium,Toys,1,6.49,West
ORD-03082,2026-06-19,ST-012,SKU-HM-003,Cotton Bedsheet Set,Home,3,14.99,West
ORD-02031,2026-05-11,ST-015,SKU-BE-002,Sunscreen SPF 50,Beauty,1,5.49,East
ORD-02320,2026-05-22,ST-005,SKU-TY-003,Plush Bear Medium,Toys,1,6.49,South
ORD-03257,2026-06-25,ST-023,SKU-TY-004,Board Game Family Pack,Toys,1,14.99,Central
ORD-04259,2026-07-29,ST-018,SKU-AP-003,Denim Jacket,Apparel,1,23.99,Central
ORD-04471,2026-08-06,ST-006,SKU-BE-001,Aloe Vera Gel 200ml,Beauty,1,2.49,East
ORD-04779,2026-08-17,ST-019,SKU-AP-001,Cotton T-Shirt,Apparel,4,4.99,West
ORD-00412,2026-03-14,ST-019,SKU-HM-004,Non-stick Pan 24cm,Home,4,9.99,Central
ORD-00782,2026-03-28,ST-011,SKU-HM-002,LED Desk Lamp,Home,1,11.99,East
ORD-04071,2026-07-22,ST-011,SKU-TY-004,Board Game Family Pack,Toys,1,14.99,Central
ORD-03756,2026-07-12,ST-021,SKU-GR-003,Extra Virgin Olive Oil 1L,Grocery,2,8.99,East
ORD-00533,2026-03-19,ST-021,SKU-EL-003,Bluetooth Speaker,Electronics,1,24.99,East
ORD-04919,2026-08-21,ST-003,SKU-AP-002,Running Shoes,Apparel,5,29.99,East
ORD-04747,2026-08-16,ST-022,SKU-TY-003,Plush Bear Medium,Toys,2,6.49,West
ORD-04605,2026-08-11,ST-013,SKU-GR-004,Whole Wheat Pasta 1kg,Grocery,1,,West
ORD-01781,2026-05-02,ST-020,SKU-BE-001,Aloe Vera Gel 200ml,Beauty,5,2.49,East
ORD-01061,2026-04-06,ST-005,SKU-BE-005,Lip Balm Pack of 3,Beauty,-2,1.49,South
ORD-03479,2026-07-03,ST-009,SKU-GR-005,Dark Chocolate Bar,Grocery,1,1.79,West
ORD-00035,2026-03-02,ST-022,SKU-ST-003,Desk Organizer,Stationery,1,5.99,South
ORD-01959,2026-05-08,ST-012,SKU-GR-005,Dark Chocolate Bar,Grocery,1,1.79,West
ORD-01502,2026-04-22,ST-021,SKU-HM-002,LED Desk Lamp,Home,2,11.99,North
ORD-05061,2026-08-26,ST-011,SKU-AP-004,Wool Socks 3-pack,Apparel,3,3.49,East
ORD-01553,2026-04-24,ST-019,SKU-HM-004,Non-stick Pan 24cm,Home,3,9.99,West
ORD-04318,2026-07-31,ST-022,SKU-EL-002,USB-C Charger 30W,Electronics,1,8.99,West
ORD-03832,2026-07-15,ST-020,SKU-GR-004,Whole Wheat Pasta 1kg,Grocery,1,1.99,South
ORD-00185,2026-03-07,ST-010,SKU-ST-003,Desk Organizer,Stationery,5,5.99,South
ORD-03117,2026-06-20,ST-013,SKU-HM-004,Non-stick Pan 24cm,Home,2,9.99,West
ORD-04495,2026-08-07,ST-008,SKU-AP-001,Cotton T-Shirt,Apparel,2,4.99,South
ORD-02386,2026-05-24,ST-005,SKU-EL-002,USB-C Charger 30W,Electronics,3,8.99,Central
ORD-01118,2026-04-08,ST-024,SKU-ST-001,Notebook A5 Ruled,Stationery,1,1.29,North
ORD-00362,2026-03-13,ST-022,SKU-ST-001,Notebook A5 Ruled,Stationery,2,1.29,East
ORD-02077,2026-05-13,ST-017,SKU-EL-002,USB-C Charger 30W,Electronics,1,8.99,Central
ORD-05069,2026-08-26,ST-021,SKU-EL-002,USB-C Charger 30W,Electronics,4,8.99,East
ORD-04979,2026-08-24,ST-021,SKU-EL-002,USB-C Charger 30W,Electronics,1,8.99,East
ORD-00499,2026-03-18,ST-008,SKU-BE-004,Hand Cream 100ml,Beauty,2,1.99,Central
ORD-02128,2026-05-15,ST-004,SKU-ST-003,Desk Organizer,Stationery,2,5.99,East
ORD-01903,2026-05-06,ST-017,SKU-EL-002,USB-C Charger 30W,Electronics,1,8.99,West
ORD-04072,2026-07-22,ST-014,SKU-HM-001,Ceramic Mug Set,Home,4,5.99,West
ORD-04457,2026-08-06,ST-011,SKU-GR-003,Extra Virgin Olive Oil 1L,Grocery,3,8.99,North
ORD-03420,2026-07-01,ST-001,SKU-HM-002,LED Desk Lamp,Home,5,11.99,Central
ORD-02164,2026-05-16,ST-014,SKU-AP-003,Denim Jacket,Apparel,1,23.99,East
ORD-01139,2026-04-09,ST-006,SKU-BE-003,Shampoo 400ml,Beauty,1,3.49,South
ORD-02217,2026-05-19,ST-015,SKU-EL-004,Power Bank 10000mAh,Electronics,2,12.99,Central
ORD-00445,2026-03-16,ST-022,SKU-EL-002,USB-C Charger 30W,Electronics,4,8.99,North
ORD-04462,2026-08-06,ST-005,SKU-AP-005,Rain Jacket,Apparel,1,18.99,Central
ORD-02680,2026-06-04,ST-003,SKU-BE-004,Hand Cream 100ml,Beauty,2,1.99,East
ORD-00744,2026-03-27,ST-008,SKU-GR-002,Green Tea Box 25pk,Grocery,4,2.49,East
ORD-04123,2026-07-24,ST-005,SKU-TY-004,Board Game Family Pack,Toys,2,14.99,North
ORD-02447,2026-05-26,ST-010,SKU-AP-005,Rain Jacket,Apparel,1,18.99,West
ORD-02052,2026-05-12,ST-024,SKU-EL-004,Power Bank 10000mAh,Electronics,1,12.99,South
ORD-04373,2026-08-03,ST-011,SKU-ST-001,Notebook A5 Ruled,Stationery,1,1.29,South
ORD-01507,2026-04-23,ST-003,SKU-GR-002,Green Tea Box 25pk,Grocery,2,2.49,South
ORD-04506,2026-08-07,ST-011,SKU-HM-004,Non-stick Pan 24cm,Home,3,9.99,West
ORD-01945,2026-05-08,ST-007,SKU-TY-002,Building Blocks 100pc,Toys,1,12.99,Central
ORD-05040,2026-08-25,ST-022,SKU-BE-005,Lip Balm Pack of 3,Beauty,5,1.49,North
ORD-01889,2026-05-06,ST-003,SKU-AP-005,Rain Jacket,Apparel,2,18.99,Central
ORD-03527,2026-07-04,ST-012,SKU-EL-003,Bluetooth Speaker,Electronics,2,24.99,East
ORD-01041,2026-04-05,ST-008,SKU-AP-005,Rain Jacket,Apparel,3,18.99,South
ORD-02479,2026-05-28,ST-016,SKU-BE-002,Sunscreen SPF 50,Beauty,2,5.49,North
ORD-01369,2026-04-17,ST-018,SKU-TY-002,Building Blocks 100pc,Toys,2,12.99,Central
ORD-04894,2026-08-20,ST-017,SKU-TY-005,Remote Control Car,Toys,1,16.99,East
ORD-00059,2026-03-02,ST-007,SKU-HM-005,Storage Basket Set,Home,5,6.99,East
ORD-03914,2026-07-17,ST-011,SKU-EL-001,Wireless Earbuds,Electronics,1,18.49,North
ORD-05076,2026-08-27,ST-017,SKU-ST-002,Gel Pen Pack of 10,Stationery,2,1.49,South
ORD-01238,2026-04-13,ST-024,SKU-GR-003,Extra Virgin Olive Oil 1L,Grocery,1,8.99,South
ORD-02607,2026-06-02,ST-020,SKU-AP-001,Cotton T-Shirt,Apparel,1,4.99,North
ORD-04822,2026-08-18,ST-018,SKU-HM-002,LED Desk Lamp,Home,2,11.99,South
ORD-02795,2026-06-08,ST-016,SKU-TY-003,Plush Bear Medium,Toys,4,6.49,South
ORD-03415,2026-07-01,ST-006,SKU-TY-002,Building Blocks 100pc,Toys,5,12.99,South
ORD-02435,2026-05-26,ST-003,SKU-HM-001,Ceramic Mug Set,Home,4,5.99,South
ORD-01076,2026-04-06,ST-005,SKU-AP-005,Rain Jacket,Apparel,2,18.99,East
ORD-00520,2026-03-18,ST-023,SKU-TY-003,Plush Bear Medium,Toys,2,6.49,South
ORD-03430,2026-07-01,ST-022,SKU-HM-003,Cotton Bedsheet Set,Home,1,14.99,Central
ORD-02036,2026-05-11,ST-024,SKU-AP-001,Cotton T-Shirt,Apparel,1,4.99,East
ORD-00689,2026-03-24,ST-014,SKU-ST-003,Desk Organizer,Stationery,5,5.99,North
ORD-03572,2026-07-06,ST-011,SKU-HM-003,Cotton Bedsheet Set,Home,5,14.99,Central
ORD-00254,2026-03-09,ST-006,SKU-AP-005,Rain Jacket,Apparel,4,18.99,West
ORD-01343,2026-04-16,ST-006,SKU-GR-005,Dark Chocolate Bar,Grocery,2,1.79,West
ORD-01764,2026-05-02,ST-016,SKU-EL-005,Smartwatch Band,Electronics,2,7.99,West
ORD-03466,2026-07-02,ST-022,SKU-EL-003,Bluetooth Speaker,Electronics,4,24.99,North
ORD-03480,2026-07-03,ST-003,SKU-AP-004,Wool Socks 3-pack,Apparel,1,3.49,West
ORD-02545,2026-05-30,ST-023,SKU-EL-001,Wireless Earbuds,Electronics,3,18.49,South
ORD-01488,2026-04-22,ST-001,SKU-AP-005,Rain Jacket,Apparel,5,18.99,East
ORD-00824,2026-03-29,ST-013,SKU-HM-004,Non-stick Pan 24cm,Home,2,9.99,Central
ORD-03159,2026-06-21,ST-016,SKU-TY-004,Board Game Family Pack,Toys,5,14.99,East
ORD-01685,2026-04-29,ST-022,SKU-GR-004,Whole Wheat Pasta 1kg,Grocery,2,1.99,East
ORD-00083,2026-03-03,ST-018,SKU-HM-002,LED Desk Lamp,Home,2,11.99,North
ORD-00374,2026-03-13,ST-003,SKU-HM-003,Cotton Bedsheet Set,Home,3,14.99,Central
ORD-03408,2026-06-30,ST-022,SKU-AP-001,Cotton T-Shirt,Apparel,5,4.99,North
ORD-01790,2026-05-03,ST-005,SKU-GR-001,Organic Almonds 500g,Grocery,1,6.49,West
ORD-00942,2026-04-02,ST-011,SKU-TY-002,Building Blocks 100pc,Toys,1,12.99,North
ORD-02019,2026-05-11,ST-012,SKU-TY-002,Building Blocks 100pc,Toys,2,12.99,West
ORD-02422,2026-05-25,ST-019,SKU-GR-004,Whole Wheat Pasta 1kg,Grocery,2,1.99,East
ORD-03920,2026-07-17,ST-005,SKU-TY-003,Plush Bear Medium,Toys,1,6.49,Central
ORD-02423,2026-05-25,ST-023,SKU-EL-004,Power Bank 10000mAh,Electronics,4,12.99,North
ORD-05035,2026-08-25,ST-012,SKU-EL-002,USB-C Charger 30W,Electronics,5,8.99,Central
ORD-05078,2026-08-27,ST-002,SKU-GR-005,Dark Chocolate Bar,Grocery,2,1.79,Central
ORD-05024,2026-08-25,ST-001,SKU-ST-002,Gel Pen Pack of 10,Stationery,5,1.49,South
ORD-03245,2026-06-24,ST-006,SKU-ST-004,Sticky Notes Set,Stationery,3,0.99,Central
ORD-02903,2026-06-12,ST-010,SKU-TY-001,Wooden Puzzle Set,Toys,4,7.99,Central
ORD-04703,2026-08-14,ST-010,SKU-BE-003,Shampoo 400ml,Beauty,2,3.49,Central
ORD-01562,2026-04-25,ST-005,SKU-EL-001,Wireless Earbuds,Electronics,5,18.49,West
ORD-00569,2026-03-20,ST-015,SKU-AP-005,Rain Jacket,Apparel,2,18.99,North
ORD-02086,2026-05-13,ST-003,SKU-TY-002,Building Blocks 100pc,Toys,2,12.99,East
ORD-01558,2026-04-25,ST-012,SKU-ST-002,Gel Pen Pack of 10,Stationery,1,1.49,East
ORD-02672,2026-06-04,ST-022,SKU-GR-004,Whole Wheat Pasta 1kg,Grocery,4,1.99,South
ORD-04220,2026-07-28,ST-005,SKU-ST-003,Desk Organizer,Stationery,4,5.99,Central
ORD-01256,2026-04-13,ST-018,SKU-BE-001,Aloe Vera Gel 200ml,Beauty,3,2.49,West
ORD-03853,2026-07-15,ST-023,SKU-BE-001,Aloe Vera Gel 200ml,Beauty,1,2.49,West
ORD-02659,2026-06-04,ST-001,SKU-HM-003,Cotton Bedsheet Set,Home,2,14.99,South
ORD-01668,2026-04-28,ST-016,SKU-ST-004,Sticky Notes Set,Stationery,1,0.99,South
ORD-03387,2026-06-30,ST-008,SKU-HM-001,Ceramic Mug Set,Home,2,5.99,East
ORD-04390,2026-08-03,ST-002,SKU-AP-001,Cotton T-Shirt,Apparel,5,4.99,East
ORD-04916,2026-08-21,ST-002,SKU-TY-005,Remote Control Car,Toys,2,16.99,North
ORD-02976,2026-06-15,ST-006,SKU-BE-003,Shampoo 400ml,Beauty,4,3.49,West
ORD-00593,2026-03-21,ST-003,SKU-HM-003,Cotton Bedsheet Set,Home,1,14.99,Central
ORD-01988,2026-05-09,ST-004,SKU-BE-003,Shampoo 400ml,Beauty,4,3.49,East
ORD-02908,2026-06-12,ST-007,SKU-BE-001,Aloe Vera Gel 200ml,Beauty,4,2.49,West
ORD-01475,2026-04-21,ST-018,SKU-AP-003,Denim Jacket,Apparel,5,23.99,East
ORD-04192,2026-07-27,ST-016,SKU-GR-001,Organic Almonds 500g,Grocery,3,6.49,South
ORD-00986,2026-04-03,ST-012,SKU-HM-002,LED Desk Lamp,Home,5,11.99,East
ORD-02179,2026-05-17,ST-022,SKU-HM-005,Storage Basket Set,Home,4,6.99,Central
ORD-05093,2026-08-27,ST-002,SKU-AP-002,Running Shoes,Apparel,1,29.99,East
ORD-02842,2026-06-10,ST-014,SKU-HM-005,Storage Basket Set,Home,3,6.99,West
ORD-04161,2026-07-25,ST-021,SKU-EL-004,Power Bank 10000mAh,Electronics,4,12.99,South
ORD-00160,2026/03/06,ST-010,SKU-EL-001,Wireless Earbuds,Electronics,2,18.49,East
ORD-02381,2026-05-24,ST-009,SKU-ST-004,Sticky Notes Set,Stationery,2,0.99,Central
ORD-00086,2026-03-03,ST-008,SKU-EL-002,USB-C Charger 30W,Electronics,5,8.99,East
ORD-03452,2026-07-02,ST-021,SKU-ST-004,Sticky Notes Set,Stationery,3,0.99,Central
ORD-03401,2026-06-30,ST-015,SKU-EL-004,Power Bank 10000mAh,Electronics,2,12.99,South
ORD-02916,2026-06-13,ST-007,SKU-TY-005,Remote Control Car,Toys,1,16.99,North
ORD-02773,2026-06-08,ST-022,SKU-HM-003,Cotton Bedsheet Set,Home,4,14.99,East
ORD-00715,2026-03-25,ST-005,SKU-BE-004,Hand Cream 100ml,Beauty,5,1.99,Central
ORD-01747,2026-05-01,ST-012,SKU-AP-005,Rain Jacket,Apparel,1,18.99,North
ORD-00544,2026-03-19,ST-009,SKU-HM-002,LED Desk Lamp,Home,1,11.99,North
ORD-04481,2026-08-07,ST-004,SKU-GR-002,Green Tea Box 25pk,Grocery,1,2.49,South
ORD-04573,2026-08-10,ST-021,SKU-GR-001,Organic Almonds 500g,Grocery,1,6.49,Central
ORD-03085,2026-06-19,ST-019,SKU-ST-004,Sticky Notes Set,Stationery,1,0.99,Central
ORD-03816,2026-07-14,ST-020,SKU-TY-004,Board Game Family Pack,Toys,1,14.99,South
ORD-00546,2026-03-19,ST-016,SKU-TY-001,Wooden Puzzle Set,Toys,2,7.99,East
ORD-05084,2026-08-27,ST-017,SKU-BE-002,Sunscreen SPF 50,Beauty,1,5.49,East
ORD-01366,2026-04-17,ST-017,SKU-ST-004,Sticky Notes Set,Stationery,1,0.99,North
ORD-00802,2026-03-28,ST-017,SKU-GR-005,Dark Chocolate Bar,Grocery,1,1.79,Central
ORD-04990,2026-08-24,ST-005,SKU-GR-001,Organic Almonds 500g,Grocery,1,6.49,South
ORD-04174,2026-07-26,ST-006,SKU-EL-003,Bluetooth Speaker,Electronics,1,24.99,East
ORD-02255,2026-05-20,ST-014,SKU-TY-005,Remote Control Car,Toys,2,16.99,Central
ORD-04533,2026-08-09,ST-023,SKU-EL-002,USB-C Charger 30W,Electronics,5,8.99,South
ORD-00727,2026-03-26,ST-006,SKU-TY-001,Wooden Puzzle Set,Toys,5,7.99,Central
ORD-01414,2026-04-19,ST-012,SKU-TY-004,Board Game Family Pack,Toys,2,14.99,East
ORD-03621,2026-07-08,ST-016,SKU-TY-004,Board Game Family Pack,Toys,5,14.99,North
ORD-01658,2026-04-28,ST-009,SKU-EL-005,Smartwatch Band,Electronics,1,7.99,West
ORD-03965,2026-07-19,ST-007,SKU-AP-001,Cotton T-Shirt,Apparel,2,4.99,East
ORD-00570,2026-03-20,ST-005,SKU-TY-002,Building Blocks 100pc,Toys,2,12.99,South
ORD-03403,2026-06-30,ST-011,SKU-ST-003,Desk Organizer,Stationery,1,5.99,West
ORD-00731,2026-03-26,ST-010,SKU-EL-002,USB-C Charger 30W,Electronics,5,8.99,West
ORD-00395,2026-03-14,ST-001,SKU-HM-002,LED Desk Lamp,Home,4,11.99,Central
ORD-04271,2026-07-30,ST-005,SKU-AP-003,Denim Jacket,Apparel,1,23.99,North
ORD-02118,2026-05-14,ST-017,SKU-GR-003,Extra Virgin Olive Oil 1L,Grocery,5,8.99,North
ORD-03675,2026-07-10,ST-014,SKU-AP-004,Wool Socks 3-pack,Apparel,5,3.49,West
ORD-03647,2026-07-08,ST-018,SKU-HM-005,Storage Basket Set,Home,1,6.99,North
ORD-03095,2026-06-19,ST-001,SKU-HM-003,Cotton Bedsheet Set,Home,4,14.99,North
ORD-04124,2026-07-24,ST-002,SKU-EL-001,Wireless Earbuds,Electronics,1,18.49,North
ORD-00514,2026-03-18,ST-013,SKU-TY-001,Wooden Puzzle Set,Toys,1,7.99,South
ORD-04642,2026-08-12,ST-001,SKU-AP-005,Rain Jacket,Apparel,5,18.99,East
ORD-04083,2026-07-23,ST-007,SKU-EL-003,Bluetooth Speaker,Electronics,2,24.99,South
ORD-03393,2026-06-30,ST-021,SKU-EL-005,Smartwatch Band,Electronics,1,7.99,West
ORD-00121,2026-03-04,ST-019,SKU-TY-004,Board Game Family Pack,Toys,1,14.99,North
ORD-01367,2026-04-17,ST-009,SKU-HM-004,Non-stick Pan 24cm,Home,3,9.99,West
ORD-00155,2026-03-06,ST-001,SKU-GR-003,Extra Virgin Olive Oil 1L,Grocery,1,8.99,Central
ORD-02102,2026-05-13,ST-002,SKU-GR-005,Dark Chocolate Bar,Grocery,2,1.79,West
ORD-03609,2026-07-07,ST-008,SKU-GR-001,Organic Almonds 500g,Grocery,3,6.49,South
ORD-05045,2026-08-25,ST-011,SKU-HM-003,Cotton Bedsheet Set,Home,5,14.99,West
ORD-03320,2026-06-27,ST-021,SKU-GR-001,Organic Almonds 500g,Grocery,3,6.49,West
ORD-00707,2026-03-25,ST-018,SKU-BE-001,Aloe Vera Gel 200ml,Beauty,5,2.49,South
ORD-00894,2026-03-31,ST-020,SKU-BE-003,Shampoo 400ml,Beauty,3,3.49,South
ORD-00166,2026-03-06,ST-014,SKU-ST-004,Sticky Notes Set,Stationery,1,0.99,West
ORD-01416,2026-04-19,ST-014,SKU-HM-003,Cotton Bedsheet Set,Home,1,14.99,North
ORD-02563,2026-05-31,ST-003,SKU-AP-003,Denim Jacket,Apparel,5,23.99,North
ORD-04729,2026-08-15,ST-015,SKU-ST-003,Desk Organizer,Stationery,1,5.99,North
ORD-03543,2026-07-05,ST-021,SKU-HM-002,LED Desk Lamp,Home,2,11.99,Central
ORD-04224,2026-07-28,ST-002,SKU-GR-002,Green Tea Box 25pk,Grocery,4,2.49,East
ORD-00688,2026-03-24,ST-012,SKU-BE-002,Sunscreen SPF 50,Beauty,1,5.49,South
ORD-00995,2026-04-03,ST-003,SKU-EL-003,Bluetooth Speaker,Electronics,5,24.99,South
ORD-04186,2026-07-26,ST-023,SKU-HM-004,Non-stick Pan 24cm,Home,1,9.99,West
ORD-02491,2026-05-28,ST-012,SKU-ST-003,Desk Organizer,Stationery,1,5.99,South
ORD-04641,2026-08-12,ST-021,SKU-BE-005,Lip Balm Pack of 3,Beauty,1,1.49,East
ORD-05091,2026-08-27,ST-016,SKU-ST-001,Notebook A5 Ruled,Stationery,2,1.29,East
ORD-01388,2026-04-18,ST-022,SKU-HM-003,Cotton Bedsheet Set,Home,3,14.99,South
ORD-05033,2026-08-25,ST-018,SKU-BE-002,Sunscreen SPF 50,Beauty,1,5.49,Central
ORD-01826,2026-05-04,ST-018,SKU-ST-001,Notebook A5 Ruled,Stationery,1,1.29,South
ORD-04320,2026-08-01,ST-014,SKU-TY-001,Wooden Puzzle Set,Toys,3,7.99,East
ORD-00355,2026-03-12,ST-008,SKU-ST-004,Sticky Notes Set,Stationery,1,0.99,East
ORD-03722,2026-07-11,ST-003,SKU-EL-002,USB-C Charger 30W,Electronics,5,8.99,Central
ORD-04272,2026-07-30,ST-002,SKU-TY-004,Board Game Family Pack,Toys,5,14.99,North
ORD-00922,2026-04-01,ST-011,SKU-BE-005,,Beauty,4,1.49,Central
ORD-01829,2026-05-04,ST-001,SKU-AP-001,Cotton T-Shirt,Apparel,2,4.99,South
ORD-04606,2026-08-11,ST-006,SKU-HM-002,LED Desk Lamp,Home,1,11.99,North
ORD-02991,2026-06-15,ST-019,SKU-HM-001,Ceramic Mug Set,Home,1,5.99,Central
ORD-03533,2026-07-05,ST-006,SKU-EL-005,Smartwatch Band,Electronics,1,7.99,Central
ORD-00424,2026-03-15,ST-021,SKU-BE-004,Hand Cream 100ml,Beauty,1,1.99,Central
ORD-00792,2026-03-28,ST-022,SKU-TY-003,Plush Bear Medium,Toys,1,6.49,East
ORD-00808,2026-03-28,ST-016,SKU-BE-005,Lip Balm Pack of 3,Beauty,-5,1.49,Central
ORD-01611,2026-04-26,ST-016,SKU-GR-003,,Grocery,2,8.99,North
ORD-01938,2026-05-08,ST-018,SKU-GR-004,Whole Wheat Pasta 1kg,Grocery,3,1.99,East
ORD-04331,2026-08-01,ST-020,SKU-EL-002,USB-C Charger 30W,Electronics,2,8.99,North
ORD-02219,2026-05-19,ST-021,SKU-BE-003,Shampoo 400ml,Beauty,1,3.49,South
ORD-03752,2026-07-12,ST-016,SKU-EL-003,Bluetooth Speaker,Electronics,3,24.99,East
ORD-00481,2026-03-17,ST-003,SKU-BE-004,Hand Cream 100ml,Beauty,1,1.99,South
ORD-04021,2026-07-21,ST-012,SKU-ST-004,Sticky Notes Set,Stationery,1,0.99,Central
ORD-04765,2026-08-16,ST-007,SKU-GR-004,Whole Wheat Pasta 1kg,Grocery,4,1.99,North
ORD-03884,2026-07-16,ST-022,SKU-BE-003,Shampoo 400ml,Beauty,3,3.49,North
ORD-02375,2026-05-24,ST-014,SKU-ST-003,Desk Organizer,Stationery,3,5.99,Central
ORD-04240,2026-07-28,ST-024,SKU-EL-005,Smartwatch Band,Electronics,3,7.99,Central
ORD-04194,2026-07-27,ST-005,SKU-GR-002,Green Tea Box 25pk,Grocery,1,2.49,East
ORD-02075,2026-05-13,ST-013,SKU-EL-003,Bluetooth Speaker,Electronics,3,24.99,West
ORD-02636,2026-06-03,ST-009,SKU-HM-005,Storage Basket Set,Home,1,6.99,West
ORD-01398,2026-04-18,ST-012,SKU-ST-002,Gel Pen Pack of 10,Stationery,1,1.49,South
ORD-00902,2026-03-31,ST-001,SKU-AP-002,Running Shoes,Apparel,2,29.99,Central
ORD-02844,2026-06-10,ST-024,SKU-GR-004,Whole Wheat Pasta 1kg,Grocery,3,1.99,Central
ORD-03220,2026-06-24,ST-021,SKU-BE-004,Hand Cream 100ml,Beauty,1,1.99,East
ORD-01737,2026-05-01,ST-002,SKU-GR-003,Extra Virgin Olive Oil 1L,Grocery,1,8.99,West
ORD-01544,2026-04-24,ST-022,SKU-GR-004,Whole Wheat Pasta 1kg,Grocery,2,1.99,East
ORD-05086,2026-08-27,ST-011,SKU-EL-004,Power Bank 10000mAh,Electronics,1,12.99,South
ORD-01824,2026-05-04,ST-003,SKU-HM-005,Storage Basket Set,Home,1,6.99,East
ORD-04730,2026-08-15,ST-001,SKU-GR-003,Extra Virgin Olive Oil 1L,Grocery,1,8.99,North
ORD-04816,2026-08-18,ST-018,SKU-HM-002,LED Desk Lamp,Home,5,11.99,North
ORD-01596,2026-04-26,ST-007,SKU-ST-002,Gel Pen Pack of 10,Stationery,2,1.49,East
ORD-03143,2026-06-21,ST-008,SKU-ST-001,Notebook A5 Ruled,Stationery,2,1.29,West
ORD-03163,2026-06-22,ST-009,SKU-GR-003,Extra Virgin Olive Oil 1L,Grocery,3,8.99,South
ORD-02783,2026-06-08,ST-012,SKU-TY-005,Remote Control Car,Toys,2,16.99,South
ORD-00324,2026-03-11,ST-015,SKU-BE-001,Aloe Vera Gel 200ml,Beauty,1,2.49,Central
ORD-05054,2026-08-26,ST-022,SKU-BE-003,Shampoo 400ml,Beauty,5,3.49,East
ORD-01620,2026-04-27,ST-024,SKU-TY-001,Wooden Puzzle Set,Toys,1,7.99,South
ORD-01999,2026-05-10,ST-011,SKU-EL-002,USB-C Charger 30W,Electronics,2,8.99,East
ORD-02265,2026-05-20,ST-001,SKU-HM-002,LED Desk Lamp,Home,1,11.99,East
ORD-05042,2026-08-25,ST-015,SKU-ST-004,Sticky Notes Set,Stationery,2,0.99,West
ORD-00647,2026-03-23,ST-015,SKU-EL-001,Wireless Earbuds,Electronics,-2,18.49,East
ORD-03162,2026-06-21,ST-021,SKU-ST-004,Sticky Notes Set,Stationery,2,0.99,Central
ORD-03124,2026-06-20,ST-005,SKU-EL-003,Bluetooth Speaker,Electronics,5,24.99,South
ORD-03512,2026-07-04,ST-018,SKU-AP-001,Cotton T-Shirt,Apparel,1,4.99,North
ORD-03894,2026-07-17,ST-008,SKU-AP-005,Rain Jacket,Apparel,3,18.99,West
ORD-00070,2026-03-03,ST-009,SKU-HM-003,Cotton Bedsheet Set,Home,1,14.99,Central
ORD-00788,2026-03-28,ST-015,SKU-ST-001,Notebook A5 Ruled,Stationery,2,1.29,East
ORD-03599,2026-07-07,ST-013,SKU-HM-003,Cotton Bedsheet Set,Home,1,14.99,West
ORD-03840,2026-07-15,ST-019,SKU-TY-003,Plush Bear Medium,Toys,2,6.49,East
ORD-01155,2026-04-10,ST-017,SKU-TY-001,Wooden Puzzle Set,Toys,1,7.99,Central
ORD-02121,2026-05-14,ST-018,SKU-GR-002,Green Tea Box 25pk,Grocery,5,2.49,East
ORD-00118,2026-03-04,ST-010,SKU-GR-002,Green Tea Box 25pk,Grocery,1,2.49,West
ORD-04303,2026-07-31,ST-012,SKU-TY-005,Remote Control Car,Toys,2,16.99,North
ORD-03689,2026-07-10,ST-016,SKU-ST-001,Notebook A5 Ruled,Stationery,1,1.29,East
ORD-01263,2026-04-14,ST-007,SKU-GR-004,Whole Wheat Pasta 1kg,Grocery,2,1.99,South
ORD-00142,2026-03-05,ST-004,SKU-ST-002,Gel Pen Pack of 10,Stationery,1,1.49,North
ORD-04521,2026-08-08,ST-005,SKU-GR-001,Organic Almonds 500g,Grocery,1,6.49,West
ORD-03712,2026-07-11,ST-014,SKU-AP-001,Cotton T-Shirt,Apparel,2,4.99,West
ORD-01154,2026-04-10,ST-024,SKU-ST-002,Gel Pen Pack of 10,Stationery,2,1.49,North
ORD-04184,2026-07-26,ST-009,SKU-ST-003,Desk Organizer,Stationery,2,5.99,North
ORD-01457,2026-04-21,ST-004,SKU-EL-002,USB-C Charger 30W,Electronics,2,8.99,South
ORD-00096,2026-03-04,ST-004,SKU-BE-003,Shampoo 400ml,Beauty,5,3.49,Central
ORD-04602,2026-08-11,ST-016,SKU-BE-003,Shampoo 400ml,Beauty,3,3.49,West
ORD-02870,2026-06-11,ST-015,SKU-TY-004,Board Game Family Pack,Toys,5,14.99,South
ORD-02514,2026-05-29,ST-004,SKU-ST-001,Notebook A5 Ruled,Stationery,2,1.29,East
ORD-01749,2026-05-01,ST-003,SKU-HM-004,Non-stick Pan 24cm,Home,1,9.99,Central
ORD-03677,2026-07-10,ST-022,SKU-EL-004,Power Bank 10000mAh,Electronics,1,12.99,South
ORD-04654,2026-08-13,ST-001,SKU-HM-001,Ceramic Mug Set,Home,2,5.99,West
ORD-04336,2026-08-01,ST-022,SKU-AP-004,Wool Socks 3-pack,Apparel,2,3.49,South
ORD-01432,2026-04-20,ST-020,SKU-GR-001,Organic Almonds 500g,Grocery,1,6.49,North
ORD-03972,2026-07-19,ST-001,SKU-EL-001,Wireless Earbuds,Electronics,2,18.49,East
ORD-03296,2026-06-26,ST-023,SKU-GR-002,Green Tea Box 25pk,Grocery,-5,2.49,East
ORD-02945,2026-06-14,ST-010,SKU-EL-003,Bluetooth Speaker,Electronics,5,24.99,South
ORD-02617,2026-06-02,ST-011,SKU-TY-003,Plush Bear Medium,Toys,-2,6.49,West
ORD-00796,2026-03-28,ST-023,SKU-AP-002,Running Shoes,Apparel,5,29.99,North
ORD-00249,2026-03-09,ST-013,SKU-TY-005,Remote Control Car,Toys,2,16.99,Central
ORD-04449,2026-08-05,ST-024,SKU-AP-001,Cotton T-Shirt,Apparel,1,4.99,South
ORD-04838,2026-08-19,ST-023,SKU-EL-004,Power Bank 10000mAh,Electronics,1,12.99,West
ORD-00033,2026-03-01,ST-007,SKU-ST-001,Notebook A5 Ruled,Stationery,1,1.29,West
ORD-03140,2026-06-21,ST-024,SKU-BE-002,Sunscreen SPF 50,Beauty,2,5.49,South
ORD-00373,2026-03-13,ST-016,SKU-EL-001,Wireless Earbuds,Electronics,2,18.49,Central
ORD-02474,2026-05-27,ST-007,SKU-EL-005,Smartwatch Band,Electronics,1,7.99,West
ORD-03210,2026-06-23,ST-016,SKU-GR-003,Extra Virgin Olive Oil 1L,Grocery,2,8.99,Central
ORD-03606,2026-07-07,ST-011,SKU-ST-004,Sticky Notes Set,Stationery,2,0.99,South
ORD-03135,2026-06-20,ST-014,SKU-BE-003,Shampoo 400ml,Beauty,3,3.49,South
ORD-04638,2026-08-12,ST-023,SKU-TY-001,Wooden Puzzle Set,Toys,1,7.99,North
ORD-03149,2026-06-21,ST-012,SKU-TY-005,Remote Control Car,Toys,2,16.99,West
ORD-02937,2026-06-13,ST-023,SKU-EL-005,Smartwatch Band,Electronics,2,7.99,West
ORD-01185,2026-04-10,ST-019,SKU-EL-001,Wireless Earbuds,Electronics,4,18.49,South
ORD-00859,2026-03-30,ST-004,SKU-HM-001,Ceramic Mug Set,Home,3,5.99,South
ORD-02087,2026-05-13,ST-006,SKU-TY-002,Building Blocks 100pc,Toys,2,12.99,Central
ORD-03979,2026-07-19,ST-001,SKU-HM-004,Non-stick Pan 24cm,Home,1,9.99,East
ORD-00794,2026-03-28,ST-009,SKU-BE-002,Sunscreen SPF 50,Beauty,3,5.49,East
ORD-03198,2026-06-23,ST-007,SKU-GR-001,Organic Almonds 500g,Grocery,4,,Central
ORD-02440,2026-05-26,ST-017,SKU-ST-001,Notebook A5 Ruled,Stationery,2,1.29,South
ORD-01025,2026-04-05,ST-003,SKU-GR-001,Organic Almonds 500g,Grocery,2,6.49,East
ORD-02560,2026-05-31,ST-010,SKU-BE-001,Aloe Vera Gel 200ml,Beauty,4,2.49,West
ORD-03444,2026-07-02,ST-020,SKU-ST-002,Gel Pen Pack of 10,Stationery,2,1.49,Central
ORD-02608,2026-06-02,ST-019,SKU-EL-005,Smartwatch Band,Electronics,1,7.99,East
ORD-02147,2026-05-16,ST-023,SKU-TY-001,Wooden Puzzle Set,Toys,1,7.99,East
ORD-03486,2026-07-03,ST-011,SKU-AP-005,Rain Jacket,Apparel,1,18.99,Central
ORD-04063,2026-07-22,ST-010,SKU-ST-003,Desk Organizer,Stationery,5,5.99,North
ORD-03494,2026-07-04,ST-004,SKU-HM-002,LED Desk Lamp,Home,4,11.99,North
ORD-04231,2026-07-28,ST-005,SKU-ST-001,Notebook A5 Ruled,Stationery,1,1.29,Central
ORD-00525,2026-03-19,ST-024,SKU-BE-001,Aloe Vera Gel 200ml,Beauty,5,2.49,South
ORD-01199,2026-04-11,ST-005,SKU-AP-005,Rain Jacket,Apparel,3,18.99,Central
ORD-01812,2026-05-04,ST-021,SKU-GR-001,Organic Almonds 500g,Grocery,3,6.49,West
ORD-03658,2026-07-09,ST-016,SKU-EL-005,Smartwatch Band,Electronics,1,7.99,Central
ORD-04361,2026-08-02,ST-023,SKU-HM-004,Non-stick Pan 24cm,Home,1,9.99,East
ORD-02272,2026-05-20,ST-013,SKU-AP-002,Running Shoes,Apparel,1,29.99,South
ORD-04651,2026-08-13,ST-013,SKU-HM-005,Storage Basket Set,Home,2,6.99,West
ORD-02304,2026-05-21,ST-023,SKU-AP-003,Denim Jacket,Apparel,1,23.99,West
ORD-00009,2026-03-01,ST-011,SKU-ST-002,Gel Pen Pack of 10,Stationery,1,1.49,South
ORD-02784,2026-06-08,ST-015,SKU-GR-003,Extra Virgin Olive Oil 1L,Grocery,2,8.99,South
ORD-04282,2026-07-30,ST-010,SKU-HM-005,Storage Basket Set,Home,2,6.99,West
ORD-03248,2026-06-25,ST-023,SKU-HM-001,Ceramic Mug Set,Home,4,5.99,Central
ORD-03708,2026-07-11,ST-021,SKU-AP-001,Cotton T-Shirt,Apparel,4,4.99,West
ORD-04868,2026-08-20,ST-008,SKU-EL-004,Power Bank 10000mAh,Electronics,4,12.99,East
ORD-02652,2026-06-04,ST-014,SKU-GR-001,Organic Almonds 500g,Grocery,5,6.49,East
ORD-04520,2026-08-08,ST-019,SKU-TY-001,Wooden Puzzle Set,Toys,4,7.99,East
ORD-02398,2026-05-25,ST-003,SKU-HM-005,Storage Basket Set,Home,2,6.99,South
ORD-00682,2026-03-24,ST-002,SKU-BE-002,Sunscreen SPF 50,Beauty,3,5.49,South
ORD-00330,2026-03-12,ST-015,SKU-GR-001,Organic Almonds 500g,Grocery,3,6.49,South
ORD-04182,2026-07-26,ST-009,SKU-EL-001,Wireless Earbuds,Electronics,3,18.49,North
ORD-04695,2026-08-14,ST-002,SKU-GR-001,Organic Almonds 500g,Grocery,2,6.49,North
ORD-02504,2026-05-29,ST-002,SKU-GR-003,Extra Virgin Olive Oil 1L,Grocery,4,8.99,South
ORD-00005,2026-03-01,ST-005,SKU-HM-003,Cotton Bedsheet Set,Home,1,14.99,Central
ORD-00795,2026-03-28,ST-008,SKU-HM-005,Storage Basket Set,Home,1,6.99,West
ORD-04505,2026-08-07,ST-016,SKU-EL-003,Bluetooth Speaker,Electronics,3,24.99,South
ORD-02590,2026-06-01,ST-018,SKU-AP-005,Rain Jacket,Apparel,2,18.99,Central
ORD-03819,2026-07-14,ST-022,SKU-AP-001,Cotton T-Shirt,Apparel,5,4.99,North
ORD-00093,2026-03-03,ST-019,SKU-BE-003,Shampoo 400ml,Beauty,2,3.49,North
ORD-03808,2026-07-14,ST-011,SKU-ST-003,Desk Organizer,Stationery,1,5.99,West
ORD-02316,2026-05-22,ST-007,SKU-BE-001,Aloe Vera Gel 200ml,Beauty,1,2.49,South
ORD-04864,2026-08-20,ST-012,SKU-TY-001,Wooden Puzzle Set,Toys,4,7.99,South
ORD-02920,2026-06-13,ST-003,SKU-BE-002,Sunscreen SPF 50,Beauty,4,5.49,Central
ORD-03993,2026-07-20,ST-023,SKU-GR-003,Extra Virgin Olive Oil 1L,Grocery,4,8.99,East
ORD-00860,2026-03-30,ST-011,SKU-TY-002,Building Blocks 100pc,Toys,1,12.99,South
ORD-01089,2026-04-07,ST-013,SKU-AP-003,Denim Jacket,Apparel,2,23.99,West
ORD-03155,2026-06-21,ST-001,SKU-ST-004,Sticky Notes Set,Stationery,2,0.99,Central
ORD-00886,2026-03-31,ST-020,SKU-BE-003,Shampoo 400ml,Beauty,3,3.49,North
ORD-03583,2026-07-06,ST-012,SKU-HM-004,Non-stick Pan 24cm,Home,3,9.99,Central
ORD-02387,2026-05-24,ST-022,SKU-AP-004,Wool Socks 3-pack,Apparel,5,3.49,Central
ORD-02792,2026-06-08,ST-024,SKU-ST-001,Notebook A5 Ruled,Stationery,2,1.29,West
ORD-02091,2026-05-13,ST-002,SKU-EL-002,USB-C Charger 30W,Electronics,2,8.99,Central
ORD-01966,2026-05-08,ST-016,SKU-EL-005,Smartwatch Band,Electronics,4,7.99,South
ORD-03255,2026-06-25,ST-024,SKU-EL-004,Power Bank 10000mAh,Electronics,1,12.99,East
ORD-01557,2026-04-25,ST-020,SKU-HM-004,Non-stick Pan 24cm,Home,1,9.99,Central
ORD-04305,2026-07-31,ST-003,SKU-AP-002,Running Shoes,Apparel,2,29.99,East
ORD-00414,2026-03-14,ST-017,SKU-BE-001,Aloe Vera Gel 200ml,Beauty,4,2.49,Central
ORD-03450,2026-07-02,ST-016,SKU-GR-002,Green Tea Box 25pk,Grocery,1,2.49,South
ORD-01835,2026-05-04,ST-016,SKU-EL-002,USB-C Charger 30W,Electronics,1,8.99,West
ORD-04423,2026-08-04,ST-020,SKU-EL-001,Wireless Earbuds,Electronics,3,18.49,Central
ORD-01312,2026-04-15,ST-006,SKU-TY-003,Plush Bear Medium,Toys,5,6.49,West
ORD-02189,2026-05-17,ST-009,SKU-BE-002,Sunscreen SPF 50,Beauty,3,5.49,West
ORD-02535,2026-05-30,ST-006,SKU-ST-002,Gel Pen Pack of 10,Stationery,2,1.49,West
ORD-03824,2026-07-14,ST-005,SKU-TY-005,Remote Control Car,Toys,2,16.99,South
ORD-03575,2026-07-06,ST-019,SKU-AP-002,Running Shoes,Apparel,1,29.99,Central
ORD-04857,2026-08-19,ST-017,SKU-TY-005,Remote Control Car,Toys,2,16.99,North
ORD-03955,2026-07-19,ST-008,SKU-AP-003,Denim Jacket,Apparel,5,23.99,East
ORD-03567,2026-07-06,ST-013,SKU-BE-005,Lip Balm Pack of 3,Beauty,1,1.49,West
ORD-04399,2026-08-03,ST-005,SKU-EL-003,Bluetooth Speaker,Electronics,1,24.99,North
ORD-03206,2026-06-23,ST-023,SKU-HM-001,Ceramic Mug Set,Home,3,5.99,East
ORD-02688,2026-06-05,ST-024,SKU-GR-002,Green Tea Box 25pk,Grocery,5,2.49,Central
ORD-04181,2026-07-26,ST-023,SKU-GR-005,Dark Chocolate Bar,Grocery,4,1.79,East
ORD-04113,2026-07-24,ST-006,SKU-ST-004,Sticky Notes Set,Stationery,1,0.99,Central
ORD-00603,2026-03-21,ST-006,SKU-EL-001,Wireless Earbuds,Electronics,1,18.49,North
ORD-01570,2026-04-25,ST-017,SKU-AP-002,Running Shoes,Apparel,5,29.99,East
ORD-00839,2026-03-29,ST-004,SKU-GR-001,Organic Almonds 500g,Grocery,1,6.49,East
ORD-04678,2026-08-14,ST-019,SKU-AP-003,Denim Jacket,Apparel,1,23.99,South
ORD-02397,2026-05-25,ST-005,SKU-ST-003,Desk Organizer,Stationery,1,5.99,North
ORD-04712,2026-08-15,ST-005,SKU-TY-002,Building Blocks 100pc,Toys,1,12.99,East
ORD-00066,2026-03-02,ST-012,SKU-ST-001,Notebook A5 Ruled,Stationery,5,1.29,West
ORD-04517,2026-08-08,ST-021,SKU-GR-005,Dark Chocolate Bar,Grocery,3,1.79,Central
ORD-04710,2026-08-15,ST-004,SKU-EL-004,Power Bank 10000mAh,Electronics,1,12.99,West
ORD-03355,2026-06-28,ST-021,SKU-AP-005,Rain Jacket,Apparel,1,18.99,North
ORD-03365,2026-06-29,ST-017,SKU-HM-001,Ceramic Mug Set,Home,2,5.99,East
ORD-04587,2026-08-10,ST-023,SKU-TY-001,Wooden Puzzle Set,Toys,3,7.99,North
ORD-00750,2026-03-27,ST-014,SKU-BE-004,Hand Cream 100ml,Beauty,4,1.99,Central
ORD-01905,2026-05-07,ST-023,SKU-BE-003,Shampoo 400ml,Beauty,2,3.49,East
ORD-01123,2026-04-08,ST-009,SKU-GR-003,Extra Virgin Olive Oil 1L,Grocery,4,8.99,West
ORD-02885,2026-06-12,ST-018,SKU-EL-004,Power Bank 10000mAh,Electronics,2,12.99,East
ORD-02071,2026-05-13,ST-004,SKU-ST-004,Sticky Notes Set,Stationery,1,0.99,South
ORD-00300,2026-03-11,ST-017,SKU-EL-001,Wireless Earbuds,Electronics,1,18.49,East
ORD-02962,2026-06-14,ST-014,SKU-AP-005,Rain Jacket,Apparel,5,18.99,East
ORD-03337,2026-06-28,ST-011,SKU-BE-003,Shampoo 400ml,Beauty,3,3.49,East
ORD-02805,2026-06-09,ST-008,SKU-EL-004,Power Bank 10000mAh,Electronics,3,12.99,South
ORD-05015,2026-08-25,ST-003,SKU-HM-001,Ceramic Mug Set,Home,1,5.99,West
ORD-02932,2026-06-13,ST-019,SKU-EL-005,Smartwatch Band,Electronics,1,7.99,North
ORD-03833,2026-07-15,ST-024,SKU-BE-001,Aloe Vera Gel 200ml,Beauty,2,2.49,Central
ORD-04862,2026-08-20,ST-020,SKU-HM-004,Non-stick Pan 24cm,Home,5,9.99,West
ORD-02702,2026-06-05,ST-016,SKU-GR-005,Dark Chocolate Bar,Grocery,2,1.79,West
ORD-00402,2026-03-14,ST-012,SKU-TY-003,Plush Bear Medium,Toys,2,6.49,East
ORD-03992,2026-07-20,ST-021,SKU-TY-005,Remote Control Car,Toys,3,16.99,North
ORD-03031,2026-06-17,ST-004,SKU-EL-002,USB-C Charger 30W,Electronics,1,8.99,West
ORD-04972,2026-08-23,ST-017,SKU-BE-003,Shampoo 400ml,Beauty,2,3.49,East
ORD-03725,2026-07-11,ST-004,SKU-ST-001,Notebook A5 Ruled,Stationery,1,1.29,West
ORD-00627,2026-03-22,ST-015,SKU-TY-004,Board Game Family Pack,Toys,4,14.99,West
ORD-01869,2026-05-05,ST-023,SKU-AP-001,Cotton T-Shirt,Apparel,2,4.99,East
ORD-01820,2026-05-04,ST-007,SKU-HM-002,LED Desk Lamp,Home,5,11.99,East
ORD-02938,2026-06-13,ST-024,SKU-BE-005,Lip Balm Pack of 3,Beauty,1,1.49,East
ORD-04153,2026-07-25,ST-010,SKU-EL-001,Wireless Earbuds,Electronics,1,18.49,Central
ORD-00814,2026-03-29,ST-008,SKU-AP-001,Cotton T-Shirt,Apparel,3,4.99,North
ORD-04486,2026-08-07,ST-023,SKU-HM-002,LED Desk Lamp,Home,3,11.99,West
ORD-03745,2026-07-12,ST-007,SKU-TY-004,Board Game Family Pack,Toys,2,14.99,South
ORD-00650,2026-03-23,ST-002,SKU-GR-001,Organic Almonds 500g,Grocery,1,6.49,East
ORD-04327,2026-08-01,ST-017,SKU-HM-003,Cotton Bedsheet Set,Home,2,14.99,South
ORD-04966,2026-08-23,ST-002,SKU-HM-001,Ceramic Mug Set,Home,1,5.99,East
ORD-00432,2026-03-15,ST-004,SKU-AP-004,Wool Socks 3-pack,Apparel,3,3.49,West
ORD-00047,2026-03-02,ST-005,SKU-BE-002,Sunscreen SPF 50,Beauty,1,5.49,South
ORD-04849,2026-08-19,ST-010,SKU-AP-002,Running Shoes,Apparel,1,29.99,South
ORD-00932,2026-04-01,ST-002,SKU-GR-004,Whole Wheat Pasta 1kg,Grocery,2,1.99,South
ORD-04258,2026-07-29,ST-021,SKU-BE-004,Hand Cream 100ml,Beauty,1,1.99,South
ORD-00201,2026-03-07,ST-023,SKU-ST-003,Desk Organizer,Stationery,3,5.99,East
ORD-04717,2026-08-15,ST-016,SKU-EL-003,Bluetooth Speaker,Electronics,2,24.99,Central
ORD-00771,2026-03-27,ST-021,SKU-GR-002,Green Tea Box 25pk,Grocery,4,2.49,West
ORD-03465,2026-07-02,ST-024,SKU-BE-001,Aloe Vera Gel 200ml,Beauty,1,2.49,Central
ORD-04562,2026-08-10,ST-005,SKU-GR-003,Extra Virgin Olive Oil 1L,Grocery,1,8.99,North
ORD-03432,2026-07-02,ST-011,SKU-TY-001,Wooden Puzzle Set,Toys,5,7.99,East
ORD-03334,2026-06-27,ST-024,SKU-HM-005,Storage Basket Set,Home,3,6.99,East
ORD-00025,2026-03-01,ST-014,SKU-TY-003,Plush Bear Medium,Toys,2,6.49,East
ORD-02797,2026-06-08,ST-021,SKU-AP-003,Denim Jacket,Apparel,1,23.99,East
ORD-01238,2026-04-13,ST-024,SKU-GR-003,Extra Virgin Olive Oil 1L,Grocery,2,8.99,South
ORD-03492,2026-07-03,ST-023,SKU-ST-001,Notebook A5 Ruled,Stationery,4,1.29,Central
ORD-04644,2026-08-12,ST-007,SKU-GR-001,Organic Almonds 500g,Grocery,1,6.49,Central
ORD-00318,2026-03-11,ST-002,SKU-GR-005,Dark Chocolate Bar,Grocery,1,1.79,North
ORD-03232,2026-06-24,ST-018,SKU-TY-002,Building Blocks 100pc,Toys,1,12.99,West
ORD-04924,2026-08-22,ST-009,SKU-BE-001,Aloe Vera Gel 200ml,Beauty,4,2.49,South
ORD-02777,2026-06-08,ST-008,SKU-AP-005,Rain Jacket,Apparel,2,18.99,South
ORD-04349,2026-08-02,ST-006,SKU-BE-003,Shampoo 400ml,Beauty,5,3.49,South
ORD-05037,2026-08-25,ST-006,SKU-TY-001,Wooden Puzzle Set,Toys,2,7.99,Central
ORD-04613,2026-08-11,ST-006,SKU-ST-004,Sticky Notes Set,Stationery,2,0.99,West
ORD-03344,2026-06-28,ST-007,SKU-GR-003,Extra Virgin Olive Oil 1L,Grocery,1,8.99,North
ORD-00975,2026-04-03,ST-009,SKU-BE-002,Sunscreen SPF 50,Beauty,3,5.49,West
ORD-02993,2026-06-15,ST-004,SKU-EL-004,Power Bank 10000mAh,Electronics,3,12.99,South
ORD-03790,2026-07-13,ST-002,SKU-ST-001,Notebook A5 Ruled,Stationery,4,1.29,South
ORD-04302,2026-07-31,ST-006,SKU-AP-003,Denim Jacket,Apparel,5,23.99,East
ORD-04074,2026-07-22,ST-019,SKU-GR-005,Dark Chocolate Bar,Grocery,2,1.79,East
ORD-00438,2026-03-15,ST-024,SKU-AP-005,Rain Jacket,Apparel,1,18.99,South
ORD-04910,2026-08-21,ST-001,SKU-TY-005,Remote Control Car,Toys,3,16.99,East
ORD-04535,2026-08-09,ST-024,SKU-ST-003,Desk Organizer,Stationery,1,5.99,East
ORD-00807,2026-03-28,ST-024,SKU-AP-001,Cotton T-Shirt,Apparel,1,4.99,East
ORD-02602,2026-06-02,ST-018,SKU-EL-002,USB-C Charger 30W,Electronics,3,8.99,South
ORD-01526,2026-04-23,ST-017,SKU-HM-002,LED Desk Lamp,Home,2,11.99,South
ORD-00141,2026-03-05,ST-012,SKU-TY-004,Board Game Family Pack,Toys,1,14.99,Central
ORD-03890,2026-07-17,ST-002,SKU-TY-005,Remote Control Car,Toys,1,16.99,North
ORD-01792,2026-05-03,ST-003,SKU-AP-002,Running Shoes,Apparel,2,29.99,West
ORD-04372,2026-08-03,ST-009,SKU-TY-003,Plush Bear Medium,Toys,3,6.49,Central
ORD-03898,2026-07-17,ST-002,SKU-ST-003,Desk Organizer,Stationery,5,5.99,East
ORD-01384,2026-04-18,ST-002,SKU-TY-005,Remote Control Car,Toys,1,16.99,West
ORD-04433,2026-08-05,ST-006,SKU-BE-001,Aloe Vera Gel 200ml,Beauty,1,2.49,North
ORD-02551,2026-05-31,ST-014,SKU-HM-005,Storage Basket Set,Home,4,6.99,North
ORD-01714,2026-04-30,ST-016,SKU-EL-001,Wireless Earbuds,Electronics,1,18.49,East
ORD-03592,2026-07-07,ST-002,SKU-TY-002,Building Blocks 100pc,Toys,3,12.99,West
ORD-01795,2026-05-03,ST-006,SKU-EL-003,Bluetooth Speaker,Electronics,2,24.99,South
ORD-04438,2026-08-05,ST-021,SKU-AP-004,Wool Socks 3-pack,Apparel,3,3.49,North
ORD-03887,2026-07-16,ST-018,SKU-TY-005,Remote Control Car,Toys,1,16.99,North
ORD-01936,2026-05-08,ST-022,SKU-EL-002,USB-C Charger 30W,Electronics,3,8.99,North
ORD-04251,2026-07-29,ST-006,SKU-HM-003,Cotton Bedsheet Set,Home,1,14.99,North
ORD-03608,2026-07-07,ST-015,SKU-GR-005,Dark Chocolate Bar,Grocery,1,1.79,Central
ORD-03846,2026-07-15,ST-019,SKU-EL-001,Wireless Earbuds,Electronics,4,18.49,West
ORD-03371,2026-06-29,ST-012,SKU-EL-003,Bluetooth Speaker,Electronics,1,24.99,Central
ORD-02133,2026-05-15,ST-015,SKU-HM-004,Non-stick Pan 24cm,Home,2,9.99,Central
ORD-00354,2026-03-12,ST-012,SKU-GR-001,Organic Almonds 500g,Grocery,4,6.49,Central
ORD-03353,2026/06/28,ST-014,SKU-EL-002,USB-C Charger 30W,Electronics,5,8.99,North
ORD-00021,2026-03-01,ST-003,SKU-TY-005,Remote Control Car,Toys,4,16.99,East
ORD-01810,2026-05-03,ST-001,SKU-HM-001,Ceramic Mug Set,Home,3,5.99,East
ORD-03313,2026-06-27,ST-017,SKU-AP-005,Rain Jacket,Apparel,3,18.99,Central
ORD-03653,2026-07-09,ST-018,SKU-TY-004,Board Game Family Pack,Toys,2,14.99,Central
ORD-03673,2026-07-10,ST-003,SKU-EL-002,USB-C Charger 30W,Electronics,4,8.99,South
ORD-01191,2026-04-11,ST-011,SKU-TY-001,Wooden Puzzle Set,Toys,2,7.99,South
ORD-04944,2026-08-22,ST-020,SKU-HM-003,Cotton Bedsheet Set,Home,-5,14.99,Central
ORD-01482,2026-04-22,ST-001,SKU-ST-003,Desk Organizer,Stationery,1,5.99,South
ORD-02366,2026-05-23,ST-002,SKU-EL-003,Bluetooth Speaker,Electronics,1,24.99,North
ORD-02310,2026-05-22,ST-005,SKU-ST-002,Gel Pen Pack of 10,Stationery,1,1.49,North
ORD-00295,2026-03-10,ST-008,SKU-GR-005,Dark Chocolate Bar,Grocery,2,1.79,South
ORD-00964,2026-04-03,ST-004,SKU-TY-001,Wooden Puzzle Set,Toys,4,7.99,Central
ORD-03269,2026-06-25,ST-006,SKU-EL-002,USB-C Charger 30W,Electronics,1,,Central
ORD-05029,2026-08-25,ST-012,SKU-EL-003,Bluetooth Speaker,Electronics,4,24.99,East
ORD-01008,2026-04-04,ST-012,SKU-BE-002,Sunscreen SPF 50,Beauty,1,5.49,West
ORD-02172,2026-05-16,ST-010,SKU-AP-001,Cotton T-Shirt,Apparel,1,4.99,North
ORD-04248,2026-07-29,ST-008,SKU-ST-002,Gel Pen Pack of 10,Stationery,1,1.49,East
ORD-00306,2026-03-11,ST-009,SKU-ST-002,Gel Pen Pack of 10,Stationery,3,1.49,West
ORD-02059,2026-05-12,ST-020,SKU-BE-004,Hand Cream 100ml,Beauty,2,1.99,South
ORD-03591,2026-07-06,ST-024,SKU-BE-001,Aloe Vera Gel 200ml,Beauty,1,2.49,West
ORD-00154,2026-03-06,ST-022,SKU-BE-004,Hand Cream 100ml,Beauty,4,1.99,East
ORD-02766,2026-06-07,ST-003,SKU-HM-003,Cotton Bedsheet Set,Home,2,14.99,West
ORD-01411,2026-04-19,ST-002,SKU-HM-002,LED Desk Lamp,Home,3,11.99,South
ORD-04690,2026-08-14,ST-012,SKU-AP-004,Wool Socks 3-pack,Apparel,5,3.49,Central
ORD-01951,2026-05-08,ST-021,SKU-TY-002,Building Blocks 100pc,Toys,1,12.99,North
ORD-02162,2026-05-16,ST-005,SKU-HM-004,Non-stick Pan 24cm,Home,1,9.99,West
ORD-00115,2026-03-04,ST-019,SKU-AP-002,Running Shoes,Apparel,1,29.99,West
ORD-02167,2026-05-16,ST-006,SKU-BE-002,Sunscreen SPF 50,Beauty,4,5.49,North
ORD-04694,2026-08-14,ST-011,SKU-EL-004,Power Bank 10000mAh,Electronics,5,12.99,South
ORD-02361,2026-05-23,ST-011,SKU-AP-004,Wool Socks 3-pack,Apparel,2,3.49,South
ORD-00935,2026-04-01,ST-004,SKU-EL-005,Smartwatch Band,Electronics,2,7.99,Central
ORD-02122,2026-05-14,ST-008,SKU-EL-005,Smartwatch Band,Electronics,2,7.99,West
ORD-04836,2026-08-19,ST-005,SKU-HM-003,Cotton Bedsheet Set,Home,2,14.99,West
ORD-01352,2026-04-17,ST-006,SKU-EL-001,Wireless Earbuds,Electronics,4,18.49,West
ORD-04278,2026-07-30,ST-012,SKU-GR-003,Extra Virgin Olive Oil 1L,Grocery,1,8.99,West
ORD-03443,2026-07-02,ST-011,SKU-BE-002,Sunscreen SPF 50,Beauty,3,5.49,Central
ORD-00465,2026-03-16,ST-016,SKU-AP-002,Running Shoes,Apparel,1,29.99,North
ORD-01731,2026-05-01,ST-023,SKU-ST-001,Notebook A5 Ruled,Stationery,2,1.29,West
ORD-00822,2026-03-29,ST-017,SKU-EL-002,USB-C Charger 30W,Electronics,4,8.99,Central
ORD-05018,2026-08-25,ST-007,SKU-EL-002,USB-C Charger 30W,Electronics,3,8.99,Central
ORD-04997,2026-08-24,ST-011,SKU-GR-001,Organic Almonds 500g,Grocery,3,6.49,South
ORD-01722,2026-04-30,ST-022,SKU-BE-003,Shampoo 400ml,Beauty,1,3.49,East
ORD-02591,2026-06-01,ST-019,SKU-BE-003,Shampoo 400ml,Beauty,1,3.49,North
ORD-01163,2026-04-10,ST-020,SKU-AP-005,Rain Jacket,Apparel,1,18.99,East
ORD-01148,2026-04-09,ST-021,SKU-AP-003,Denim Jacket,Apparel,5,23.99,South
ORD-00817,2026-03-29,ST-017,SKU-EL-004,Power Bank 10000mAh,Electronics,1,12.99,South
ORD-03870,2026-07-16,ST-001,SKU-TY-001,Wooden Puzzle Set,Toys,5,7.99,Central
ORD-02161,2026-05-16,ST-018,SKU-GR-003,Extra Virgin Olive Oil 1L,Grocery,5,8.99,East
ORD-03771,2026-07-13,ST-010,SKU-TY-002,Building Blocks 100pc,Toys,,12.99,Central
ORD-01220,2026-04-12,ST-009,SKU-HM-002,LED Desk Lamp,Home,4,11.99,East
ORD-03382,2026-06-29,ST-004,SKU-HM-003,Cotton Bedsheet Set,Home,1,14.99,East
ORD-00877,2026-03-31,ST-003,SKU-EL-005,Smartwatch Band,Electronics,5,7.99,West
ORD-04334,2026-08-01,ST-009,SKU-TY-005,Remote Control Car,Toys,1,16.99,Central
ORD-02893,2026-06-12,ST-007,SKU-GR-001,Organic Almonds 500g,Grocery,1,6.49,Central
ORD-01150,2026-04-09,ST-019,SKU-TY-001,Wooden Puzzle Set,Toys,1,7.99,Central
ORD-03903,2026-07-17,ST-019,SKU-ST-002,Gel Pen Pack of 10,Stationery,5,1.49,East
ORD-00646,2026-03-23,ST-012,SKU-HM-001,Ceramic Mug Set,Home,3,5.99,East
ORD-04006,2026-07-20,ST-008,SKU-BE-001,Aloe Vera Gel 200ml,Beauty,1,2.49,East
ORD-01696,2026-04-29,ST-007,SKU-ST-004,Sticky Notes Set,Stationery,2,0.99,North
ORD-03807,2026-07-14,ST-018,SKU-EL-001,Wireless Earbuds,Electronics,1,18.49,Central
ORD-00269,2026-03-10,ST-003,SKU-AP-003,Denim Jacket,Apparel,2,23.99,East
ORD-01821,2026-05-04,ST-016,SKU-HM-004,Non-stick Pan 24cm,Home,1,9.99,West
ORD-01207,2026-04-11,ST-010,SKU-GR-003,Extra Virgin Olive Oil 1L,Grocery,2,8.99,Central
ORD-00527,2026-03-19,ST-003,SKU-EL-005,Smartwatch Band,Electronics,3,7.99,East
ORD-00805,2026-03-28,ST-001,SKU-ST-003,Desk Organizer,Stationery,5,5.99,East
ORD-04802,2026-08-18,ST-024,SKU-ST-002,Gel Pen Pack of 10,Stationery,3,1.49,South
ORD-04252,2026-07-29,ST-006,SKU-TY-002,Building Blocks 100pc,Toys,1,12.99,East
ORD-03029,2026-06-17,ST-010,SKU-TY-002,Building Blocks 100pc,Toys,3,12.99,East
ORD-04314,2026-07-31,ST-023,SKU-EL-001,Wireless Earbuds,Electronics,1,18.49,North
ORD-02013,2026-05-10,ST-016,SKU-GR-002,Green Tea Box 25pk,Grocery,1,2.49,West
ORD-04202,2026-07-27,ST-021,SKU-GR-004,Whole Wheat Pasta 1kg,Grocery,5,1.99,Central
ORD-04659,2026-08-13,ST-023,SKU-ST-004,Sticky Notes Set,Stationery,2,0.99,North
ORD-00567,2026-03-20,ST-010,SKU-EL-003,Bluetooth Speaker,Electronics,2,24.99,Central
ORD-03268,2026-06-25,ST-024,SKU-GR-001,Organic Almonds 500g,Grocery,2,6.49,East
ORD-03097,2026-06-19,ST-005,SKU-TY-001,Wooden Puzzle Set,Toys,3,7.99,Central
ORD-04384,2026-08-03,ST-020,SKU-TY-004,Board Game Family Pack,Toys,3,14.99,South
ORD-00221,2026-03-08,ST-007,SKU-AP-001,Cotton T-Shirt,Apparel,5,,North
ORD-00409,2026-03-14,ST-023,SKU-AP-001,Cotton T-Shirt,Apparel,1,4.99,South
ORD-04616,2026-08-11,ST-009,SKU-AP-003,Denim Jacket,Apparel,2,23.99,North
ORD-02717,2026-06-06,ST-022,SKU-AP-004,Wool Socks 3-pack,Apparel,2,3.49,West
ORD-01937,2026-05-08,ST-012,SKU-TY-001,Wooden Puzzle Set,Toys,4,7.99,West
ORD-05005,2026-08-24,ST-024,SKU-AP-002,Running Shoes,Apparel,3,29.99,North
ORD-01837,2026-05-04,ST-021,SKU-GR-001,Organic Almonds 500g,Grocery,5,6.49,East
ORD-02856,2026-06-11,ST-022,SKU-GR-001,Organic Almonds 500g,Grocery,1,6.49,South
ORD-04034,2026-07-21,ST-024,SKU-GR-002,Green Tea Box 25pk,Grocery,2,2.49,Central
ORD-03168,2026-06-22,ST-007,SKU-BE-003,Shampoo 400ml,Beauty,1,3.49,South
ORD-02390,2026-05-24,ST-005,SKU-BE-003,Shampoo 400ml,Beauty,2,3.49,North
ORD-05049,2026-08-26,ST-006,SKU-AP-001,Cotton T-Shirt,Apparel,3,4.99,West
ORD-03501,2026-07-04,ST-003,SKU-AP-003,Denim Jacket,Apparel,1,23.99,East
ORD-02203,2026-05-18,ST-015,SKU-AP-005,Rain Jacket,Apparel,1,18.99,East
ORD-04244,2026-07-28,ST-008,SKU-BE-003,Shampoo 400ml,Beauty,1,3.49,East
ORD-01682,2026-04-29,ST-019,SKU-HM-003,Cotton Bedsheet Set,Home,2,14.99,South
ORD-01777,2026-05-02,ST-001,SKU-BE-001,Aloe Vera Gel 200ml,Beauty,5,2.49,North
ORD-04125,2026-07-24,ST-008,SKU-BE-003,Shampoo 400ml,Beauty,1,3.49,North
ORD-00041,2026-03-02,ST-005,SKU-BE-005,Lip Balm Pack of 3,Beauty,4,1.49,West
ORD-00500,2026-03-18,ST-019,SKU-HM-003,Cotton Bedsheet Set,Home,1,14.99,Central
ORD-02729,2026-06-06,ST-009,SKU-GR-005,Dark Chocolate Bar,Grocery,2,1.79,North
ORD-03348,2026-06-28,ST-005,SKU-EL-005,Smartwatch Band,Electronics,1,7.99,Central
ORD-03805,2026-07-14,ST-011,SKU-ST-004,Sticky Notes Set,Stationery,2,0.99,Central
ORD-02113,2026-05-14,ST-006,SKU-GR-002,Green Tea Box 25pk,Grocery,4,2.49,Central
ORD-02865,2026-06-11,ST-006,SKU-TY-004,Board Game Family Pack,Toys,5,14.99,West
ORD-00680,2026-03-24,ST-017,SKU-HM-001,Ceramic Mug Set,Home,2,5.99,South
ORD-05067,2026-08-26,ST-016,SKU-HM-005,Storage Basket Set,Home,3,6.99,North
ORD-02159,2026-05-16,ST-024,SKU-TY-004,Board Game Family Pack,Toys,5,14.99,North
ORD-01085,2026-04-07,ST-022,SKU-ST-003,Desk Organizer,Stationery,2,5.99,South
ORD-03120,2026-06-20,ST-006,SKU-EL-003,Bluetooth Speaker,Electronics,2,24.99,West
ORD-01381,2026-04-18,ST-023,SKU-TY-003,Plush Bear Medium,Toys,2,6.49,West
ORD-03047,2026-06-17,ST-011,SKU-TY-005,Remote Control Car,Toys,1,16.99,East
ORD-03183,2026-06-22,ST-006,SKU-TY-002,Building Blocks 100pc,Toys,1,12.99,South
ORD-03266,2026-06-25,ST-013,SKU-EL-001,,Electronics,2,18.49,South
ORD-02488,2026-05-28,ST-024,SKU-ST-001,Notebook A5 Ruled,Stationery,4,1.29,West
ORD-01036,2026-04-05,ST-006,SKU-BE-002,Sunscreen SPF 50,Beauty,1,5.49,South
ORD-03795,2026-07-13,ST-011,SKU-TY-003,Plush Bear Medium,Toys,3,6.49,West
ORD-00944,2026-04-02,ST-023,SKU-TY-002,Building Blocks 100pc,Toys,4,12.99,Central
ORD-04236,2026-07-28,ST-021,SKU-BE-003,Shampoo 400ml,Beauty,2,3.49,East
ORD-04436,2026-08-05,ST-021,SKU-AP-005,Rain Jacket,Apparel,1,18.99,West
ORD-00123,2026-03-04,ST-009,SKU-GR-003,Extra Virgin Olive Oil 1L,Grocery,1,8.99,South
ORD-03602,2026-07-07,ST-008,SKU-TY-004,Board Game Family Pack,Toys,1,14.99,South
ORD-03666,2026-07-09,ST-013,SKU-ST-001,Notebook A5 Ruled,Stationery,2,1.29,West
ORD-01543,2026-04-24,ST-002,SKU-GR-003,Extra Virgin Olive Oil 1L,Grocery,5,8.99,Central
ORD-01761,2026-05-02,ST-023,SKU-HM-002,LED Desk Lamp,Home,5,11.99,South
ORD-04023,2026-07-21,ST-006,SKU-TY-001,Wooden Puzzle Set,Toys,2,7.99,Central
ORD-02995,2026-06-15,ST-021,SKU-GR-005,Dark Chocolate Bar,Grocery,2,1.79,West
ORD-04646,2026-08-13,ST-018,SKU-TY-002,Building Blocks 100pc,Toys,2,12.99,South
ORD-03593,2026-07-07,ST-013,SKU-ST-002,Gel Pen Pack of 10,Stationery,3,1.49,North
ORD-04860,2026-08-20,ST-004,SKU-GR-004,Whole Wheat Pasta 1kg,Grocery,2,1.99,Central
ORD-04217,2026-07-27,ST-009,SKU-ST-004,Sticky Notes Set,Stationery,1,0.99,West
ORD-05017,2026-08-25,ST-016,SKU-BE-002,Sunscreen SPF 50,Beauty,2,5.49,Central
ORD-00705,2026-03-25,ST-008,SKU-GR-003,Extra Virgin Olive Oil 1L,Grocery,3,8.99,West
ORD-02841,2026-06-10,ST-021,SKU-ST-001,Notebook A5 Ruled,Stationery,1,1.29,East
ORD-04891,2026-08-20,ST-016,SKU-EL-003,Bluetooth Speaker,Electronics,5,24.99,East
ORD-01774,2026-05-02,ST-013,SKU-TY-001,Wooden Puzzle Set,Toys,2,7.99,South
ORD-01447,2026-04-20,ST-002,SKU-BE-001,Aloe Vera Gel 200ml,Beauty,1,2.49,South
ORD-04888,2026-08-20,ST-006,SKU-EL-005,Smartwatch Band,Electronics,1,7.99,South
ORD-01527,2026-04-23,ST-016,SKU-EL-003,Bluetooth Speaker,Electronics,2,24.99,East
ORD-02146,2026-05-15,ST-023,SKU-HM-002,LED Desk Lamp,Home,1,11.99,Central
ORD-01054,2026-04-06,ST-019,SKU-BE-004,Hand Cream 100ml,Beauty,2,1.99,West
ORD-03810,2026-07-14,ST-021,SKU-ST-004,Sticky Notes Set,Stationery,2,0.99,North
ORD-01935,2026-05-08,ST-007,SKU-BE-005,Lip Balm Pack of 3,Beauty,4,1.49,East
ORD-04661,2026-08-13,ST-012,SKU-EL-004,Power Bank 10000mAh,Electronics,2,12.99,South
ORD-04819,2026-08-18,ST-003,SKU-AP-002,Running Shoes,Apparel,3,29.99,North
ORD-04209,2026-07-27,ST-017,SKU-HM-002,LED Desk Lamp,Home,5,11.99,East
ORD-01347,2026-04-17,ST-004,SKU-EL-004,Power Bank 10000mAh,Electronics,4,12.99,West
ORD-00416,2026-03-14,ST-008,SKU-ST-003,Desk Organizer,Stationery,3,5.99,North
ORD-03021,2026-06-17,ST-019,SKU-AP-005,Rain Jacket,Apparel,5,18.99,West
ORD-00889,2026-03-31,ST-010,SKU-BE-001,Aloe Vera Gel 200ml,Beauty,2,2.49,South
ORD-04626,2026-08-12,ST-018,SKU-TY-005,Remote Control Car,Toys,4,,Central
ORD-02268,2026-05-20,ST-021,SKU-BE-001,Aloe Vera Gel 200ml,Beauty,1,2.49,Central
ORD-02142,2026-05-15,ST-011,SKU-EL-001,Wireless Earbuds,Electronics,1,18.49,West
ORD-04804,2026-08-18,ST-011,SKU-GR-002,Green Tea Box 25pk,Grocery,1,2.49,West
ORD-04738,2026-08-15,ST-008,SKU-BE-003,Shampoo 400ml,Beauty,3,3.49,Central
ORD-01039,2026-04-05,ST-015,SKU-ST-002,Gel Pen Pack of 10,Stationery,1,1.49,South
ORD-04856,2026-08-19,ST-018,SKU-HM-004,Non-stick Pan 24cm,Home,1,9.99,South
ORD-02508,2026-05-29,ST-015,SKU-EL-003,Bluetooth Speaker,Electronics,3,24.99,East
ORD-04592,2026-08-10,ST-023,SKU-EL-003,Bluetooth Speaker,Electronics,1,24.99,East
ORD-03676,2026-07-10,ST-017,SKU-HM-004,Non-stick Pan 24cm,Home,1,9.99,South
ORD-00735,2026-03-26,ST-019,SKU-GR-005,Dark Chocolate Bar,Grocery,5,1.79,South
ORD-04977,2026-08-23,ST-013,SKU-AP-005,Rain Jacket,Apparel,1,18.99,South
ORD-01908,2026-05-07,ST-006,SKU-AP-002,Running Shoes,Apparel,3,29.99,East
ORD-00950,2026-04-02,ST-018,SKU-TY-003,Plush Bear Medium,Toys,2,6.49,South
ORD-04509,2026-08-08,ST-007,SKU-HM-002,LED Desk Lamp,Home,4,11.99,West
ORD-00891,2026-03-31,ST-021,SKU-HM-005,Storage Basket Set,Home,3,6.99,West
ORD-01375,2026-04-17,ST-020,SKU-HM-002,LED Desk Lamp,Home,3,11.99,South
ORD-01359,2026-04-17,ST-022,SKU-GR-002,Green Tea Box 25pk,Grocery,1,2.49,Central
ORD-04582,2026-08-10,ST-003,SKU-GR-003,Extra Virgin Olive Oil 1L,Grocery,1,8.99,North
ORD-03909,2026-07-17,ST-009,SKU-TY-004,Board Game Family Pack,Toys,1,14.99,Central
ORD-01686,2026-04-29,ST-021,SKU-EL-003,Bluetooth Speaker,Electronics,4,24.99,West
ORD-00957,2026-04-02,ST-023,SKU-BE-002,Sunscreen SPF 50,Beauty,2,5.49,West
ORD-01262,2026-04-14,ST-013,SKU-BE-004,Hand Cream 100ml,Beauty,2,1.99,Central
ORD-03768,2026-07-13,ST-021,SKU-BE-002,Sunscreen SPF 50,Beauty,1,5.49,North
ORD-02638,2026-06-03,ST-020,SKU-EL-005,Smartwatch Band,Electronics,2,7.99,North
ORD-00837,2026-03-29,ST-006,SKU-GR-004,Whole Wheat Pasta 1kg,Grocery,4,1.99,East
ORD-00917,2026-04-01,ST-005,SKU-BE-004,Hand Cream 100ml,Beauty,2,1.99,Central
ORD-00235,2026-03-09,ST-014,SKU-HM-005,Storage Basket Set,Home,1,6.99,Central
ORD-02211,2026-05-18,ST-009,SKU-EL-003,Bluetooth Speaker,Electronics,2,24.99,Central
ORD-03426,2026-07-01,ST-008,SKU-AP-005,Rain Jacket,Apparel,1,18.99,West
ORD-03399,2026-06-30,ST-008,SKU-EL-005,Smartwatch Band,Electronics,2,7.99,South
ORD-01285,2026-04-14,ST-011,SKU-TY-004,Board Game Family Pack,Toys,2,14.99,Central
ORD-00073,2026-03-03,ST-017,SKU-EL-001,Wireless Earbuds,Electronics,1,18.49,West
ORD-00184,2026-03-07,ST-021,SKU-BE-005,Lip Balm Pack of 3,Beauty,2,1.49,East
ORD-01458,2026-04-21,ST-016,SKU-ST-001,Notebook A5 Ruled,Stationery,1,1.29,Central
ORD-02527,2026-05-29,ST-007,SKU-AP-004,Wool Socks 3-pack,Apparel,2,3.49,East
ORD-03433,2026-07-02,ST-004,SKU-EL-003,Bluetooth Speaker,Electronics,1,24.99,North
ORD-00183,2026-03-07,ST-010,SKU-GR-004,Whole Wheat Pasta 1kg,Grocery,3,1.99,South
ORD-02689,2026-06-05,ST-012,SKU-ST-002,Gel Pen Pack of 10,Stationery,1,1.49,North
ORD-03899,2026-07-17,ST-001,SKU-GR-002,Green Tea Box 25pk,Grocery,2,2.49,Central
ORD-05010,2026-08-24,ST-001,SKU-AP-001,Cotton T-Shirt,Apparel,2,4.99,West
ORD-02975,2026-06-15,ST-013,SKU-HM-005,Storage Basket Set,Home,4,6.99,Central
ORD-02517,2026-05-29,ST-024,SKU-GR-003,Extra Virgin Olive Oil 1L,Grocery,1,8.99,South
ORD-00888,2026-03-31,ST-002,SKU-GR-005,Dark Chocolate Bar,Grocery,3,1.79,West
ORD-04669,2026-08-13,ST-003,SKU-GR-001,Organic Almonds 500g,Grocery,1,6.49,West
ORD-02803,2026-06-09,ST-016,SKU-HM-002,LED Desk Lamp,Home,1,11.99,Central
ORD-00302,2026-03-11,ST-003,SKU-BE-002,Sunscreen SPF 50,Beauty,2,5.49,South
ORD-00774,2026-03-27,ST-003,SKU-AP-002,Running Shoes,Apparel,2,29.99,Central
ORD-01521,2026-04-23,ST-010,SKU-GR-001,Organic Almonds 500g,Grocery,1,6.49,South
ORD-03290,2026-06-26,ST-021,SKU-GR-002,Green Tea Box 25pk,Grocery,2,2.49,South
ORD-00606,2026-03-21,ST-024,SKU-AP-002,Running Shoes,Apparel,1,29.99,West
ORD-00272,2026-03-10,ST-014,SKU-BE-002,Sunscreen SPF 50,Beauty,5,5.49,East
ORD-01129,2026-04-08,ST-004,SKU-HM-004,Non-stick Pan 24cm,Home,5,9.99,South
ORD-02492,2026-05-28,ST-020,SKU-GR-005,Dark Chocolate Bar,Grocery,3,1.79,South
ORD-04235,2026-07-28,ST-014,SKU-TY-004,Board Game Family Pack,Toys,5,14.99,North
ORD-02459,2026-05-27,ST-016,SKU-HM-003,Cotton Bedsheet Set,Home,1,14.99,North
ORD-02623,2026-06-02,ST-010,SKU-TY-003,Plush Bear Medium,Toys,3,6.49,Central
ORD-02779,2026-06-08,ST-024,SKU-HM-005,Storage Basket Set,Home,2,6.99,North
ORD-02837,2026-06-10,ST-019,SKU-AP-005,Rain Jacket,Apparel,4,18.99,South
ORD-00383,2026-03-14,ST-019,SKU-TY-003,Plush Bear Medium,Toys,2,6.49,Central
ORD-02455,2026-05-26,ST-008,SKU-AP-003,Denim Jacket,Apparel,5,23.99,East
ORD-05092,2026-08-27,ST-012,SKU-BE-003,Shampoo 400ml,Beauty,5,3.49,West
ORD-01329,2026-04-16,ST-004,SKU-BE-002,Sunscreen SPF 50,Beauty,1,5.49,North
ORD-00205,2026-03-08,ST-020,SKU-HM-001,Ceramic Mug Set,Home,2,5.99,East
ORD-02185,2026-05-17,ST-012,SKU-TY-005,Remote Control Car,Toys,1,16.99,West
ORD-04874,2026-08-20,ST-022,SKU-EL-005,Smartwatch Band,Electronics,1,7.99,Central
ORD-01599,2026-04-26,ST-002,SKU-GR-005,Dark Chocolate Bar,Grocery,1,1.79,Central
ORD-00600,2026-03-21,ST-010,SKU-AP-002,Running Shoes,Apparel,1,29.99,North
ORD-02513,2026-05-29,ST-020,SKU-GR-003,Extra Virgin Olive Oil 1L,Grocery,3,8.99,South
ORD-01786,2026-05-03,ST-003,SKU-GR-003,Extra Virgin Olive Oil 1L,Grocery,1,8.99,Central
ORD-00890,2026-03-31,ST-015,SKU-TY-002,Building Blocks 100pc,Toys,4,12.99,Central
ORD-02213,2026-05-18,ST-014,SKU-EL-002,USB-C Charger 30W,Electronics,1,8.99,East
ORD-02446,2026-05-26,ST-017,SKU-AP-005,Rain Jacket,Apparel,1,18.99,North
ORD-01386,2026-04-18,ST-024,SKU-TY-002,Building Blocks 100pc,Toys,4,12.99,North
ORD-02402,2026-05-25,ST-019,SKU-BE-001,Aloe Vera Gel 200ml,Beauty,3,2.49,Central
ORD-02034,2026-05-11,ST-007,SKU-TY-005,Remote Control Car,Toys,1,16.99,North
ORD-02080,2026-05-13,ST-018,SKU-GR-002,Green Tea Box 25pk,Grocery,2,2.49,East
ORD-04598,2026-08-11,ST-010,SKU-BE-004,Hand Cream 100ml,Beauty,1,1.99,North
ORD-02202,2026-05-18,ST-008,SKU-AP-002,Running Shoes,Apparel,2,29.99,Central
ORD-02277,2026-05-21,ST-017,SKU-TY-001,Wooden Puzzle Set,Toys,1,7.99,West
ORD-03659,2026-07-09,ST-017,SKU-HM-003,Cotton Bedsheet Set,Home,1,14.99,West
ORD-04619,2026-08-11,ST-008,SKU-HM-004,Non-stick Pan 24cm,Home,1,9.99,West
ORD-01691,2026-04-29,ST-023,SKU-TY-003,Plush Bear Medium,Toys,3,6.49,East
ORD-04119,2026-07-24,ST-018,SKU-GR-004,Whole Wheat Pasta 1kg,Grocery,1,1.99,North
ORD-00228,2026-03-08,ST-014,SKU-EL-003,Bluetooth Speaker,Electronics,4,24.99,South
ORD-01385,2026-04-18,ST-002,SKU-HM-005,Storage Basket Set,Home,2,6.99,South
ORD-01757,2026-05-01,ST-022,SKU-EL-004,Power Bank 10000mAh,Electronics,1,12.99,North
ORD-03710,2026-07-11,ST-019,SKU-BE-003,Shampoo 400ml,Beauty,1,3.49,North
ORD-04543,2026-08-09,ST-007,SKU-BE-001,Aloe Vera Gel 200ml,Beauty,2,2.49,West
ORD-04796,2026-08-17,ST-015,SKU-GR-003,Extra Virgin Olive Oil 1L,Grocery,2,8.99,East
ORD-02280,2026-05-21,ST-020,SKU-AP-005,Rain Jacket,Apparel,2,18.99,North
ORD-03043,2026-06-17,ST-010,SKU-TY-004,Board Game Family Pack,Toys,5,14.99,South
ORD-02106,2026-05-14,ST-022,SKU-TY-001,Wooden Puzzle Set,Toys,1,7.99,Central
ORD-01565,2026-04-25,ST-022,SKU-GR-001,Organic Almonds 500g,Grocery,1,6.49,East
ORD-03364,2026-06-29,ST-014,SKU-AP-003,Denim Jacket,Apparel,3,23.99,Central
ORD-01832,2026-05-04,ST-013,SKU-GR-001,Organic Almonds 500g,Grocery,1,6.49,Central
ORD-04622,2026-08-11,ST-015,SKU-HM-001,Ceramic Mug Set,Home,3,5.99,East
ORD-02999,2026-06-16,ST-023,SKU-EL-004,Power Bank 10000mAh,Electronics,2,12.99,East
ORD-00439,2026-03-15,ST-008,SKU-BE-003,Shampoo 400ml,Beauty,5,3.49,South
ORD-00342,2026-03-12,ST-002,SKU-ST-001,Notebook A5 Ruled,Stationery,1,1.29,West
ORD-01872,2026-05-05,ST-007,SKU-HM-005,Storage Basket Set,Home,2,6.99,South
ORD-03058,2026-06-18,ST-012,SKU-GR-004,Whole Wheat Pasta 1kg,Grocery,2,1.99,Central
ORD-03319,2026-06-27,ST-003,SKU-EL-004,Power Bank 10000mAh,Electronics,1,12.99,West
ORD-01452,2026-04-21,ST-022,SKU-AP-003,Denim Jacket,Apparel,1,23.99,South
ORD-04537,2026-08-09,ST-022,SKU-GR-004,Whole Wheat Pasta 1kg,Grocery,2,1.99,North
ORD-01251,2026-04-13,ST-006,SKU-BE-003,Shampoo 400ml,Beauty,4,3.49,South
ORD-01911,2026-05-07,ST-001,SKU-GR-002,Green Tea Box 25pk,Grocery,3,2.49,North
ORD-02970,2026-06-15,ST-017,SKU-AP-003,Denim Jacket,Apparel,1,23.99,Central
ORD-00198,2026-03-07,ST-024,SKU-GR-001,Organic Almonds 500g,Grocery,3,6.49,South
ORD-05101,2026-08-27,ST-012,SKU-TY-004,Board Game Family Pack,Toys,3,14.99,South
ORD-01087,2026-04-07,ST-001,SKU-BE-001,Aloe Vera Gel 200ml,Beauty,1,2.49,Central
ORD-05020,2026-08-25,ST-006,SKU-AP-002,Running Shoes,Apparel,2,29.99,North
ORD-04596,2026-08-11,ST-013,SKU-AP-004,Wool Socks 3-pack,Apparel,4,3.49,Central
ORD-01097,2026-04-07,ST-005,SKU-TY-001,Wooden Puzzle Set,Toys,3,7.99,West
ORD-04886,2026-08-20,ST-009,SKU-EL-002,USB-C Charger 30W,Electronics,5,8.99,North
ORD-04358,2026-08-02,ST-022,SKU-EL-004,Power Bank 10000mAh,Electronics,1,12.99,West
ORD-00542,2026-03-19,ST-017,SKU-GR-005,Dark Chocolate Bar,Grocery,5,1.79,South
ORD-03511,2026-07-04,ST-011,SKU-GR-003,Extra Virgin Olive Oil 1L,Grocery,2,8.99,Central
ORD-00698,2026-03-25,ST-006,SKU-GR-001,Organic Almonds 500g,Grocery,1,6.49,Central
ORD-00283,2026-03-10,ST-015,SKU-BE-005,Lip Balm Pack of 3,Beauty,5,1.49,West
ORD-00078,2026-03-03,ST-015,SKU-HM-002,LED Desk Lamp,Home,2,,South
ORD-00310,2026-03-11,ST-017,SKU-ST-002,,Stationery,1,1.49,West
ORD-02750,2026-06-07,ST-003,SKU-ST-002,Gel Pen Pack of 10,Stationery,2,1.49,South
ORD-03369,2026-06-29,ST-012,SKU-ST-001,Notebook A5 Ruled,Stationery,1,1.29,West
ORD-03842,2026-07-15,ST-001,SKU-HM-002,LED Desk Lamp,Home,1,11.99,East
ORD-02364,2026-05-23,ST-003,SKU-GR-005,Dark Chocolate Bar,Grocery,1,1.79,South
ORD-03514,2026-07-04,ST-017,SKU-EL-005,Smartwatch Band,Electronics,1,7.99,North
ORD-02067,2026-05-12,ST-007,SKU-ST-003,Desk Organizer,Stationery,2,5.99,South
ORD-02611,2026-06-02,ST-006,SKU-HM-004,Non-stick Pan 24cm,Home,5,9.99,North
ORD-01178,2026-04-10,ST-009,SKU-EL-003,Bluetooth Speaker,Electronics,3,24.99,North
ORD-01932,2026-05-07,ST-004,SKU-TY-004,Board Game Family Pack,Toys,5,14.99,West
ORD-02946,2026-06-14,ST-001,SKU-ST-004,Sticky Notes Set,Stationery,2,0.99,South
ORD-01976,2026-05-09,ST-006,SKU-TY-005,Remote Control Car,Toys,2,16.99,North
ORD-00912,2026-04-01,ST-021,SKU-ST-002,Gel Pen Pack of 10,Stationery,3,1.49,South
ORD-01619,2026-04-27,ST-003,SKU-HM-001,Ceramic Mug Set,Home,1,5.99,West
ORD-00586,2026-03-21,ST-003,SKU-GR-001,Organic Almonds 500g,Grocery,1,6.49,North
ORD-01229,2026-04-12,ST-001,SKU-EL-005,Smartwatch Band,Electronics,3,7.99,South
ORD-00175,2026-03-07,ST-024,SKU-ST-002,Gel Pen Pack of 10,Stationery,1,1.49,North
ORD-01851,2026-05-05,ST-018,SKU-ST-001,Notebook A5 Ruled,Stationery,1,1.29,Central
ORD-04998,2026-08-24,ST-004,SKU-HM-003,Cotton Bedsheet Set,Home,1,14.99,West
ORD-00247,2026-03-09,ST-013,SKU-BE-002,Sunscreen SPF 50,Beauty,1,5.49,Central
ORD-04175,2026-07-26,ST-016,SKU-TY-005,Remote Control Car,Toys,2,16.99,South
ORD-04477,2026-08-07,ST-005,SKU-HM-003,Cotton Bedsheet Set,Home,1,14.99,Central
ORD-04911,2026-08-21,ST-024,SKU-ST-001,Notebook A5 Ruled,Stationery,1,1.29,East
ORD-04420,2026-08-04,ST-024,SKU-HM-001,Ceramic Mug Set,Home,3,5.99,South
ORD-00038,2026-03-02,ST-024,SKU-HM-002,LED Desk Lamp,Home,1,11.99,West
ORD-04716,2026-08-15,ST-018,SKU-HM-004,Non-stick Pan 24cm,Home,2,9.99,East
ORD-02235,2026-05-19,ST-007,SKU-BE-005,Lip Balm Pack of 3,Beauty,2,1.49,West
ORD-03054,2026-06-18,ST-003,SKU-HM-004,Non-stick Pan 24cm,Home,1,9.99,South
ORD-01092,2026-04-07,ST-012,SKU-HM-003,Cotton Bedsheet Set,Home,4,14.99,East
ORD-00923,2026-04-01,ST-014,SKU-ST-004,Sticky Notes Set,Stationery,2,0.99,South
ORD-00028,2026-03-01,ST-015,SKU-TY-003,Plush Bear Medium,Toys,2,6.49,East
ORD-03973,2026-07-19,ST-007,SKU-GR-001,Organic Almonds 500g,Grocery,5,6.49,East
ORD-02141,2026-05-15,ST-011,SKU-AP-004,Wool Socks 3-pack,Apparel,1,3.49,West
ORD-01616,2026-04-27,ST-014,SKU-AP-005,Rain Jacket,Apparel,1,18.99,East
ORD-01090,2026-04-07,ST-017,SKU-BE-001,Aloe Vera Gel 200ml,Beauty,1,2.49,West
ORD-01892,2026-05-06,ST-017,SKU-EL-004,Power Bank 10000mAh,Electronics,4,12.99,Central
ORD-00394,2026-03-14,ST-008,SKU-HM-004,Non-stick Pan 24cm,Home,1,9.99,West
ORD-01261,2026-04-14,ST-018,SKU-TY-002,Building Blocks 100pc,Toys,5,12.99,East
ORD-04004,2026-07-20,ST-016,SKU-TY-002,Building Blocks 100pc,Toys,1,12.99,West
ORD-01713,2026-04-30,ST-018,SKU-AP-005,Rain Jacket,Apparel,1,18.99,North
ORD-01072,2026-04-06,ST-004,SKU-BE-004,Hand Cream 100ml,Beauty,1,1.99,South
ORD-01358,2026-04-17,ST-013,SKU-ST-001,Notebook A5 Ruled,Stationery,2,1.29,North
ORD-03044,2026-06-17,ST-012,SKU-BE-002,Sunscreen SPF 50,Beauty,1,5.49,North
ORD-00265,2026-03-09,ST-021,SKU-TY-001,Wooden Puzzle Set,Toys,2,7.99,West
ORD-03508,2026-07-04,ST-012,SKU-BE-003,Shampoo 400ml,Beauty,1,3.49,South
ORD-02597,2026-06-02,ST-003,SKU-TY-004,Board Game Family Pack,Toys,3,14.99,West
ORD-03547,2026-07-05,ST-015,SKU-ST-002,Gel Pen Pack of 10,Stationery,5,1.49,East
ORD-00874,2026-03-30,ST-008,SKU-TY-004,Board Game Family Pack,Toys,3,14.99,South
ORD-03736,2026-07-12,ST-004,SKU-TY-002,Building Blocks 100pc,Toys,4,12.99,East
ORD-04018,2026-07-20,ST-019,SKU-ST-003,Desk Organizer,Stationery,3,5.99,North
ORD-04772,2026-08-16,ST-021,SKU-BE-003,Shampoo 400ml,Beauty,2,3.49,Central
ORD-02388,2026-05-24,ST-013,SKU-ST-002,Gel Pen Pack of 10,Stationery,1,1.49,North
ORD-01962,2026-05-08,ST-009,SKU-AP-003,Denim Jacket,Apparel,1,23.99,South
ORD-01124,2026-04-08,ST-004,SKU-TY-004,Board Game Family Pack,Toys,4,14.99,East
ORD-02356,2026-05-23,ST-006,SKU-GR-003,Extra Virgin Olive Oil 1L,Grocery,4,8.99,East
ORD-03893,2026-07-17,ST-009,SKU-EL-004,Power Bank 10000mAh,Electronics,1,12.99,East
ORD-04899,2026-08-21,ST-004,SKU-ST-003,Desk Organizer,Stationery,2,5.99,North
ORD-02321,2026-05-22,ST-007,SKU-AP-001,Cotton T-Shirt,Apparel,5,4.99,West
ORD-03398,2026-06-30,ST-010,SKU-AP-005,Rain Jacket,Apparel,5,18.99,North
ORD-01919,2026-05-07,ST-023,SKU-AP-001,Cotton T-Shirt,Apparel,4,4.99,North
ORD-04135,2026-07-24,ST-004,SKU-ST-001,Notebook A5 Ruled,Stationery,2,1.29,North
ORD-00181,2026-03-07,ST-009,SKU-BE-002,Sunscreen SPF 50,Beauty,2,5.49,Central
ORD-03962,2026-07-19,ST-012,SKU-GR-001,Organic Almonds 500g,Grocery,1,6.49,West
ORD-01027,2026-04-05,ST-008,SKU-HM-001,Ceramic Mug Set,Home,4,5.99,East
ORD-00190,2026-03-07,ST-020,SKU-EL-004,Power Bank 10000mAh,Electronics,1,12.99,Central
ORD-03569,2026-07-06,ST-020,SKU-EL-003,Bluetooth Speaker,Electronics,2,,North
ORD-02139,2026-05-15,ST-009,SKU-HM-004,Non-stick Pan 24cm,Home,1,9.99,Central
ORD-00835,2026-03-29,ST-011,SKU-BE-002,Sunscreen SPF 50,Beauty,1,5.49,South
ORD-03959,2026-07-19,ST-010,SKU-HM-004,Non-stick Pan 24cm,Home,1,9.99,East
ORD-01593,2026-04-26,ST-008,SKU-GR-001,Organic Almonds 500g,Grocery,2,6.49,West
ORD-00609,2026/03/21,ST-022,SKU-HM-002,LED Desk Lamp,Home,2,11.99,West
ORD-04656,2026-08-13,ST-016,SKU-HM-005,Storage Basket Set,Home,1,6.99,West
ORD-04095,2026-07-23,ST-024,SKU-BE-002,Sunscreen SPF 50,Beauty,2,5.49,West
ORD-04164,2026-07-25,ST-021,SKU-ST-001,Notebook A5 Ruled,Stationery,1,1.29,West
ORD-04483,2026-08-07,ST-004,SKU-HM-003,Cotton Bedsheet Set,Home,5,14.99,Central
ORD-02493,2026-05-28,ST-006,SKU-EL-001,Wireless Earbuds,Electronics,1,18.49,South
ORD-00626,2026-03-22,ST-012,SKU-BE-002,Sunscreen SPF 50,Beauty,4,5.49,North
ORD-04221,2026-07-28,ST-017,SKU-TY-001,Wooden Puzzle Set,Toys,1,7.99,East
ORD-02399,2026-05-25,ST-011,SKU-BE-003,Shampoo 400ml,Beauty,2,3.49,East
ORD-04680,2026-08-14,ST-007,SKU-GR-004,Whole Wheat Pasta 1kg,Grocery,3,,Central
ORD-02478,2026-05-28,ST-022,SKU-ST-003,Desk Organizer,Stationery,1,5.99,West
ORD-04548,2026-08-09,ST-011,SKU-TY-004,Board Game Family Pack,Toys,2,14.99,Central
ORD-00343,2026-03-12,ST-015,SKU-AP-002,Running Shoes,Apparel,4,29.99,East
ORD-04863,2026-08-20,ST-011,SKU-EL-005,Smartwatch Band,Electronics,4,7.99,East
ORD-04643,2026-08-12,ST-005,SKU-GR-003,Extra Virgin Olive Oil 1L,Grocery,2,8.99,West
ORD-01914,2026-05-07,ST-002,SKU-GR-001,Organic Almonds 500g,Grocery,2,6.49,South
ORD-01606,2026-04-26,ST-011,SKU-ST-004,Sticky Notes Set,Stationery,2,0.99,North
ORD-03860,2026-07-16,ST-005,SKU-EL-001,Wireless Earbuds,Electronics,1,18.49,South
ORD-03005,2026-06-16,ST-017,SKU-BE-001,Aloe Vera Gel 200ml,Beauty,5,2.49,East
ORD-01078,2026-04-06,ST-011,SKU-ST-002,Gel Pen Pack of 10,Stationery,1,1.49,East
ORD-00037,2026-03-02,ST-019,SKU-HM-005,Storage Basket Set,Home,1,6.99,East
ORD-04218,2026-07-27,ST-009,SKU-HM-001,Ceramic Mug Set,Home,3,5.99,Central
ORD-02336,2026-05-22,ST-017,SKU-GR-005,Dark Chocolate Bar,Grocery,1,1.79,Central
ORD-02208,2026-05-18,ST-003,SKU-EL-002,USB-C Charger 30W,Electronics,2,8.99,Central
ORD-03932,2026-07-18,ST-011,SKU-EL-002,USB-C Charger 30W,Electronics,2,8.99,Central
ORD-01088,2026-04-07,ST-005,SKU-TY-004,Board Game Family Pack,Toys,2,14.99,North
ORD-04355,2026-08-02,ST-009,SKU-TY-003,Plush Bear Medium,Toys,2,6.49,North
ORD-01147,2026-04-09,ST-018,SKU-HM-004,Non-stick Pan 24cm,Home,1,9.99,Central
ORD-00382,2026-03-13,ST-017,SKU-BE-003,Shampoo 400ml,Beauty,2,3.49,East
ORD-02247,2026-05-20,ST-024,SKU-GR-002,Green Tea Box 25pk,Grocery,4,2.49,North
ORD-01419,2026-04-20,ST-002,SKU-HM-005,Storage Basket Set,Home,1,6.99,North
ORD-02997,2026-06-16,ST-014,SKU-ST-001,Notebook A5 Ruled,Stationery,1,1.29,West
ORD-01541,2026-04-24,ST-024,SKU-TY-003,Plush Bear Medium,Toys,1,6.49,North
ORD-04660,2026-08-13,ST-024,SKU-BE-002,Sunscreen SPF 50,Beauty,3,5.49,West
ORD-02806,2026-06-09,ST-013,SKU-GR-001,Organic Almonds 500g,Grocery,5,6.49,North
ORD-02813,2026-06-09,ST-020,SKU-EL-003,Bluetooth Speaker,Electronics,2,24.99,Central
ORD-01505,2026-04-22,ST-012,SKU-BE-004,Hand Cream 100ml,Beauty,5,1.99,North
ORD-00879,2026-03-31,ST-022,SKU-HM-001,Ceramic Mug Set,Home,3,5.99,Central
ORD-01225,2026-04-12,ST-003,SKU-EL-001,Wireless Earbuds,Electronics,1,18.49,East
ORD-04478,2026-08-07,ST-005,SKU-BE-002,Sunscreen SPF 50,Beauty,2,5.49,West
ORD-01692,2026-04-29,ST-004,SKU-HM-003,Cotton Bedsheet Set,Home,2,14.99,West
ORD-02898,2026-06-12,ST-008,SKU-EL-003,Bluetooth Speaker,Electronics,4,24.99,West
ORD-04400,2026-08-04,ST-002,SKU-GR-001,Organic Almonds 500g,Grocery,1,6.49,West
ORD-04440,2026-08-05,ST-010,SKU-EL-004,Power Bank 10000mAh,Electronics,3,12.99,North
ORD-00230,2026-03-08,ST-020,SKU-BE-002,Sunscreen SPF 50,Beauty,5,5.49,North
ORD-00540,2026-03-19,ST-014,SKU-ST-004,Sticky Notes Set,Stationery,3,0.99,Central
ORD-00932,2026-04-01,ST-002,SKU-GR-004,Whole Wheat Pasta 1kg,Grocery,2,1.99,South
ORD-03872,2026-07-16,ST-008,SKU-BE-005,Lip Balm Pack of 3,Beauty,2,1.49,Central
ORD-03380,2026-06-29,ST-012,SKU-ST-001,Notebook A5 Ruled,Stationery,4,1.29,East
ORD-04394,2026-08-03,ST-011,SKU-GR-003,Extra Virgin Olive Oil 1L,Grocery,5,8.99,Central
ORD-00004,2026-03-01,ST-019,SKU-AP-001,Cotton T-Shirt,Apparel,1,4.99,West
ORD-01941,2026-05-08,ST-024,SKU-BE-005,Lip Balm Pack of 3,Beauty,1,1.49,South
ORD-01673,2026-04-28,ST-004,SKU-AP-005,Rain Jacket,Apparel,1,18.99,Central
ORD-00385,2026-03-14,ST-023,SKU-GR-003,Extra Virgin Olive Oil 1L,Grocery,1,8.99,West
ORD-04232,2026-07-28,ST-010,SKU-BE-004,Hand Cream 100ml,Beauty,3,1.99,South
ORD-02156,2026-05-16,ST-002,SKU-BE-001,Aloe Vera Gel 200ml,Beauty,1,2.49,East
ORD-02622,2026-06-02,ST-011,SKU-ST-003,Desk Organizer,Stationery,2,5.99,Central
ORD-03435,2026-07-02,ST-023,SKU-TY-003,Plush Bear Medium,Toys,4,6.49,North
ORD-04353,2026-08-02,ST-011,SKU-AP-003,Denim Jacket,Apparel,1,23.99,East
ORD-02558,2026-05-31,ST-006,SKU-AP-002,Running Shoes,Apparel,1,29.99,North
ORD-00051,2026-03-02,ST-024,SKU-GR-005,Dark Chocolate Bar,Grocery,1,1.79,South
ORD-02556,2026-05-31,ST-020,SKU-GR-001,Organic Almonds 500g,Grocery,3,6.49,South
ORD-02745,2026-06-06,ST-003,SKU-GR-003,Extra Virgin Olive Oil 1L,Grocery,4,8.99,South
ORD-02099,2026-05-13,ST-018,SKU-ST-003,Desk Organizer,Stationery,1,5.99,South
ORD-00126,2026-03-05,ST-001,SKU-ST-002,Gel Pen Pack of 10,Stationery,-4,1.49,Central
ORD-05039,2026-08-25,ST-014,SKU-TY-003,Plush Bear Medium,Toys,3,6.49,Central
ORD-03811,2026-07-14,ST-002,SKU-TY-004,Board Game Family Pack,Toys,1,14.99,South
ORD-01545,2026-04-24,ST-014,SKU-GR-005,Dark Chocolate Bar,Grocery,5,1.79,North
ORD-02252,2026-05-20,ST-012,SKU-BE-002,Sunscreen SPF 50,Beauty,2,5.49,West
ORD-00639,2026-03-23,ST-020,SKU-AP-003,Denim Jacket,Apparel,2,23.99,West
ORD-00560,2026-03-20,ST-001,SKU-BE-005,Lip Balm Pack of 3,Beauty,2,1.49,Central
ORD-02506,2026-05-29,ST-005,SKU-HM-003,Cotton Bedsheet Set,Home,5,14.99,North
ORD-00168,2026-03-07,ST-005,SKU-GR-001,Organic Almonds 500g,Grocery,1,6.49,South
ORD-03709,2026-07-11,ST-009,SKU-HM-001,Ceramic Mug Set,Home,5,5.99,North
ORD-01143,2026-04-09,ST-010,SKU-TY-003,Plush Bear Medium,Toys,2,6.49,South
ORD-00053,2026-03-02,ST-003,SKU-HM-004,Non-stick Pan 24cm,Home,3,9.99,North
ORD-04253,2026-07-29,ST-002,SKU-TY-004,Board Game Family Pack,Toys,3,14.99,Central
ORD-01175,2026-04-10,ST-011,SKU-TY-005,Remote Control Car,Toys,2,16.99,South
ORD-02661,2026-06-04,ST-014,SKU-HM-004,Non-stick Pan 24cm,Home,2,9.99,North
ORD-02876,2026-06-11,ST-002,SKU-TY-005,Remote Control Car,Toys,1,16.99,Central
ORD-01372,2026-04-17,ST-020,SKU-TY-003,Plush Bear Medium,Toys,3,6.49,East
ORD-00561,2026-03-20,ST-014,SKU-ST-001,Notebook A5 Ruled,Stationery,2,1.29,West
ORD-02342,2026-05-23,ST-005,SKU-EL-005,Smartwatch Band,Electronics,1,7.99,South
ORD-02540,2026-05-30,ST-022,SKU-AP-001,Cotton T-Shirt,Apparel,1,4.99,South
ORD-04103,2026-07-23,ST-002,SKU-ST-001,Notebook A5 Ruled,Stationery,5,1.29,South
ORD-02662,2026-06-04,ST-024,SKU-BE-002,Sunscreen SPF 50,Beauty,2,5.49,Central
ORD-00721,2026-03-25,ST-008,SKU-HM-003,Cotton Bedsheet Set,Home,5,14.99,North
ORD-04276,2026-07-30,ST-012,SKU-ST-004,Sticky Notes Set,Stationery,2,0.99,East
ORD-02462,2026-05-27,ST-014,SKU-AP-001,,Apparel,2,4.99,South
ORD-01055,2026-04-06,ST-010,SKU-TY-004,Board Game Family Pack,Toys,5,14.99,West
ORD-00049,2026-03-02,ST-016,SKU-AP-005,Rain Jacket,Apparel,3,18.99,North
ORD-01486,2026-04-22,ST-024,SKU-TY-005,Remote Control Car,Toys,5,16.99,East
ORD-04472,2026-08-06,ST-008,SKU-TY-001,Wooden Puzzle Set,Toys,5,7.99,South
ORD-04737,2026-08-15,ST-001,SKU-GR-005,Dark Chocolate Bar,Grocery,5,1.79,East
ORD-01924,2026-05-07,ST-007,SKU-TY-001,Wooden Puzzle Set,Toys,2,7.99,East
ORD-00415,2026-03-14,ST-014,SKU-BE-003,Shampoo 400ml,Beauty,1,3.49,Central
ORD-03195,2026-06-23,ST-013,SKU-EL-001,Wireless Earbuds,Electronics,1,18.49,South
ORD-04088,2026-07-23,ST-004,SKU-HM-003,Cotton Bedsheet Set,Home,2,14.99,North
ORD-03717,2026-07-11,ST-013,SKU-EL-001,Wireless Earbuds,Electronics,1,18.49,West
ORD-02930,2026-06-13,ST-018,SKU-AP-005,Rain Jacket,Apparel,2,18.99,West
ORD-02263,2026-05-20,ST-006,SKU-HM-005,Storage Basket Set,Home,1,6.99,North
ORD-03601,2026-07-07,ST-018,SKU-AP-001,Cotton T-Shirt,Apparel,4,,South
ORD-02115,2026-05-14,ST-016,SKU-AP-002,Running Shoes,Apparel,2,29.99,South
ORD-02348,2026-05-23,ST-001,SKU-BE-003,Shampoo 400ml,Beauty,2,3.49,North
ORD-00968,2026-04-03,ST-019,SKU-EL-003,Bluetooth Speaker,Electronics,2,24.99,Central
ORD-02205,2026-05-18,ST-014,SKU-HM-005,Storage Basket Set,Home,1,6.99,North
ORD-04028,2026-07-21,ST-020,SKU-BE-001,Aloe Vera Gel 200ml,Beauty,3,2.49,West
ORD-01234,2026-04-12,ST-021,SKU-BE-003,Shampoo 400ml,Beauty,2,3.49,North
ORD-03270,2026-06-25,ST-009,SKU-HM-001,Ceramic Mug Set,Home,3,5.99,South
ORD-04008,2026-07-20,ST-018,SKU-ST-003,Desk Organizer,Stationery,4,5.99,South
ORD-01309,2026-04-15,ST-013,SKU-GR-005,Dark Chocolate Bar,Grocery,1,1.79,East
ORD-00360,2026-03-13,ST-024,SKU-EL-005,Smartwatch Band,Electronics,1,7.99,West
ORD-01292,2026-04-15,ST-012,SKU-EL-001,Wireless Earbuds,Electronics,1,18.49,East
ORD-02722,2026-06-06,ST-019,SKU-AP-004,Wool Socks 3-pack,Apparel,4,3.49,Central
ORD-04635,2026-08-12,ST-024,SKU-EL-001,Wireless Earbuds,Electronics,1,18.49,North
ORD-01501,2026-04-22,ST-019,SKU-EL-001,Wireless Earbuds,Electronics,1,18.49,West
ORD-02251,2026-05-20,ST-006,SKU-HM-004,Non-stick Pan 24cm,Home,1,9.99,Central
ORD-02069,2026-05-12,ST-013,SKU-TY-003,Plush Bear Medium,Toys,1,6.49,West
ORD-03233,2026-06-24,ST-024,SKU-HM-001,Ceramic Mug Set,Home,3,5.99,South
ORD-04843,2026-08-19,ST-020,SKU-GR-005,Dark Chocolate Bar,Grocery,1,1.79,East
ORD-01523,2026-04-23,ST-009,SKU-EL-001,Wireless Earbuds,Electronics,1,18.49,Central
ORD-00216,2026-03-08,ST-023,SKU-HM-001,Ceramic Mug Set,Home,1,5.99,West
ORD-02165,2026-05-16,ST-018,SKU-ST-002,Gel Pen Pack of 10,Stationery,2,1.49,South
ORD-03968,2026-07-19,ST-015,SKU-EL-001,Wireless Earbuds,Electronics,2,18.49,North
ORD-05000,2026-08-24,ST-021,SKU-HM-005,Storage Basket Set,Home,2,6.99,East
ORD-00588,2026-03-21,ST-015,SKU-TY-003,Plush Bear Medium,Toys,4,6.49,North
ORD-03272,2026-06-25,ST-004,SKU-TY-001,Wooden Puzzle Set,Toys,4,7.99,South
ORD-04774,2026-08-16,ST-013,SKU-BE-004,Hand Cream 100ml,Beauty,2,1.99,South
ORD-01210,2026-04-11,ST-019,SKU-HM-005,Storage Basket Set,Home,4,6.99,East
ORD-04604,2026-08-11,ST-010,SKU-EL-005,Smartwatch Band,Electronics,1,7.99,East
ORD-02817,2026-06-09,ST-012,SKU-TY-003,Plush Bear Medium,Toys,2,6.49,South
ORD-05030,2026-08-25,ST-024,SKU-GR-003,Extra Virgin Olive Oil 1L,Grocery,2,8.99,Central
ORD-01162,2026-04-10,ST-012,SKU-BE-005,Lip Balm Pack of 3,Beauty,1,1.49,South
ORD-03167,2026-06-22,ST-001,SKU-BE-001,Aloe Vera Gel 200ml,Beauty,4,2.49,West
ORD-02630,2026-06-03,ST-006,SKU-GR-005,Dark Chocolate Bar,Grocery,2,1.79,South
ORD-01631,2026-04-27,ST-024,SKU-GR-004,Whole Wheat Pasta 1kg,Grocery,5,1.99,North
ORD-03762,2026-07-12,ST-022,SKU-GR-003,Extra Virgin Olive Oil 1L,Grocery,2,8.99,Central
ORD-03461,2026-07-02,ST-016,SKU-GR-001,Organic Almonds 500g,Grocery,5,6.49,East
ORD-03361,2026-06-28,ST-004,SKU-EL-003,Bluetooth Speaker,Electronics,1,24.99,East
ORD-04909,2026-08-21,ST-022,SKU-TY-001,Wooden Puzzle Set,Toys,1,7.99,Central
ORD-02200,2026-05-18,ST-023,SKU-ST-004,Sticky Notes Set,Stationery,2,0.99,East
ORD-01727,2026-04-30,ST-016,SKU-GR-004,Whole Wheat Pasta 1kg,Grocery,2,1.99,East
ORD-00933,2026-04-01,ST-021,SKU-HM-003,Cotton Bedsheet Set,Home,1,14.99,West
ORD-00492,2026-03-17,ST-021,SKU-EL-001,Wireless Earbuds,Electronics,2,18.49,East
ORD-01417,2026-04-19,ST-007,SKU-ST-003,Desk Organizer,Stationery,1,5.99,South
ORD-03338,2026-06-28,ST-014,SKU-ST-001,Notebook A5 Ruled,Stationery,1,1.29,North
ORD-02184,2026-05-17,ST-003,SKU-BE-002,Sunscreen SPF 50,Beauty,,5.49,North
ORD-01295,2026-04-15,ST-023,SKU-BE-005,Lip Balm Pack of 3,Beauty,2,1.49,East
ORD-00844,2026-03-30,ST-020,SKU-TY-003,Plush Bear Medium,Toys,2,6.49,South
ORD-02312,2026-05-22,ST-004,SKU-GR-001,Organic Almonds 500g,Grocery,2,6.49,East
ORD-02505,2026-05-29,ST-024,SKU-BE-004,Hand Cream 100ml,Beauty,1,1.99,East
ORD-04630,2026-08-12,ST-003,SKU-GR-004,Whole Wheat Pasta 1kg,Grocery,2,1.99,North
ORD-03610,2026-07-07,ST-012,SKU-TY-002,Building Blocks 100pc,Toys,4,12.99,North
ORD-02510,2026-05-29,ST-015,SKU-AP-004,Wool Socks 3-pack,Apparel,4,3.49,East
ORD-01503,2026-04-22,ST-002,SKU-BE-005,Lip Balm Pack of 3,Beauty,4,1.49,West
ORD-01096,2026-04-07,ST-005,SKU-HM-004,Non-stick Pan 24cm,Home,4,9.99,North
ORD-02685,2026-06-05,ST-004,SKU-GR-002,Green Tea Box 25pk,Grocery,1,2.49,West
ORD-03681,2026-07-10,ST-016,SKU-ST-003,Desk Organizer,Stationery,2,5.99,South
ORD-02538,2026-05-30,ST-005,SKU-EL-005,Smartwatch Band,Electronics,2,7.99,South
ORD-00483,2026-03-17,ST-020,SKU-ST-002,Gel Pen Pack of 10,Stationery,1,1.49,West
ORD-00266,2026-03-09,ST-001,SKU-TY-003,Plush Bear Medium,Toys,1,6.49,South
ORD-03781,2026-07-13,ST-015,SKU-GR-003,Extra Virgin Olive Oil 1L,Grocery,4,8.99,East
ORD-00579,2026-03-20,ST-006,SKU-ST-001,Notebook A5 Ruled,Stationery,3,1.29,West
ORD-03084,2026-06-19,ST-023,SKU-HM-001,Ceramic Mug Set,Home,4,5.99,South
ORD-04469,2026-08-06,ST-001,SKU-EL-004,Power Bank 10000mAh,Electronics,5,12.99,South
ORD-01153,2026-04-10,ST-020,SKU-EL-002,USB-C Charger 30W,Electronics,1,8.99,North
ORD-03470,2026-07-03,ST-020,SKU-TY-001,Wooden Puzzle Set,Toys,1,7.99,South
ORD-01049,2026-04-05,ST-018,SKU-BE-003,Shampoo 400ml,Beauty,3,3.49,Central
ORD-00139,2026-03-05,ST-016,SKU-ST-004,Sticky Notes Set,Stationery,1,0.99,Central
ORD-02486,2026-05-28,ST-023,SKU-AP-002,Running Shoes,Apparel,3,29.99,East
ORD-01929,2026-05-07,ST-015,SKU-EL-002,USB-C Charger 30W,Electronics,1,8.99,South
ORD-02374,2026-05-24,ST-007,SKU-TY-003,Plush Bear Medium,Toys,1,,North
ORD-05004,2026-08-24,ST-002,SKU-ST-003,Desk Organizer,Stationery,5,5.99,South
ORD-04297,2026-07-31,ST-017,SKU-BE-003,Shampoo 400ml,Beauty,2,3.49,West
ORD-03616,2026-07-07,ST-021,SKU-GR-003,Extra Virgin Olive Oil 1L,Grocery,-3,8.99,Central
ORD-04249,2026-07-29,ST-004,SKU-AP-003,Denim Jacket,Apparel,4,23.99,West
ORD-03773,2026-07-13,ST-004,SKU-BE-004,Hand Cream 100ml,Beauty,3,1.99,North
ORD-03404,2026-06-30,ST-019,SKU-AP-003,Denim Jacket,Apparel,1,23.99,East
ORD-02944,2026-06-14,ST-013,SKU-AP-003,Denim Jacket,Apparel,4,23.99,South
ORD-01637,2026-04-27,ST-005,SKU-TY-002,Building Blocks 100pc,Toys,1,12.99,West
ORD-02053,2026-05-12,ST-007,SKU-BE-005,Lip Balm Pack of 3,Beauty,1,1.49,South
ORD-00387,2026-03-14,ST-024,SKU-BE-005,Lip Balm Pack of 3,Beauty,1,1.49,North
ORD-02439,2026-05-26,ST-003,SKU-AP-004,Wool Socks 3-pack,Apparel,2,3.49,West
ORD-01418,2026-04-19,ST-008,SKU-HM-001,Ceramic Mug Set,Home,1,5.99,South
ORD-01230,2026-04-12,ST-021,SKU-EL-002,USB-C Charger 30W,Electronics,2,8.99,South
ORD-00388,2026-03-14,ST-009,SKU-TY-001,Wooden Puzzle Set,Toys,5,7.99,Central
ORD-01987,2026-05-09,ST-019,SKU-EL-004,Power Bank 10000mAh,Electronics,2,12.99,West
ORD-02571,2026-05-31,ST-004,SKU-GR-003,Extra Virgin Olive Oil 1L,Grocery,1,8.99,Central
ORD-03611,2026/07/07,ST-009,SKU-BE-002,Sunscreen SPF 50,Beauty,2,5.49,South
ORD-02843,2026-06-10,ST-015,SKU-GR-003,Extra Virgin Olive Oil 1L,Grocery,2,8.99,South
ORD-03357,2026-06-28,ST-014,SKU-EL-005,Smartwatch Band,Electronics,5,7.99,North
ORD-02311,2026-05-22,ST-016,SKU-GR-001,Organic Almonds 500g,Grocery,2,6.49,South
ORD-03278,2026-06-25,ST-019,SKU-AP-003,Denim Jacket,Apparel,2,23.99,North
ORD-01601,2026-04-26,ST-011,SKU-ST-003,Desk Organizer,Stationery,3,5.99,East
ORD-03719,2026-07-11,ST-013,SKU-EL-003,Bluetooth Speaker,Electronics,2,24.99,Central
ORD-01378,2026-04-18,ST-001,SKU-ST-003,Desk Organizer,Stationery,3,,East
ORD-03525,2026-07-04,ST-013,SKU-TY-005,Remote Control Car,Toys,1,16.99,Central
ORD-03582,2026-07-06,ST-017,SKU-TY-005,Remote Control Car,Toys,-2,16.99,South
ORD-00709,2026-03-25,ST-008,SKU-TY-001,Wooden Puzzle Set,Toys,1,7.99,South
ORD-01485,2026-04-22,ST-011,SKU-TY-002,Building Blocks 100pc,Toys,1,12.99,Central
ORD-01775,2026-05-02,ST-023,SKU-HM-001,Ceramic Mug Set,Home,2,5.99,North
ORD-01778,2026-05-02,ST-004,SKU-AP-004,Wool Socks 3-pack,Apparel,1,3.49,East
ORD-00193,2026-03-07,ST-012,SKU-BE-002,Sunscreen SPF 50,Beauty,1,5.49,West
ORD-02698,2026-06-05,ST-011,SKU-AP-003,Denim Jacket,Apparel,4,23.99,North
ORD-03022,2026-06-17,ST-013,SKU-TY-001,Wooden Puzzle Set,Toys,2,7.99,West
ORD-04883,2026-08-20,ST-022,SKU-BE-005,Lip Balm Pack of 3,Beauty,3,1.49,East
ORD-04132,2026-07-24,ST-019,SKU-EL-003,Bluetooth Speaker,Electronics,2,24.99,South
ORD-04947,2026-08-23,ST-014,SKU-ST-004,Sticky Notes Set,Stationery,2,0.99,North
ORD-02003,2026-05-10,ST-004,SKU-BE-002,Sunscreen SPF 50,Beauty,1,5.49,North
ORD-01351,2026-04-17,ST-012,SKU-ST-001,Notebook A5 Ruled,Stationery,1,1.29,North
ORD-01902,2026-05-06,ST-022,SKU-HM-005,Storage Basket Set,Home,5,6.99,East
ORD-02644,2026-06-03,ST-015,SKU-TY-001,Wooden Puzzle Set,Toys,5,7.99,South
ORD-00208,2026-03-08,ST-004,SKU-BE-001,Aloe Vera Gel 200ml,Beauty,1,2.49,Central
ORD-01551,2026-04-24,ST-011,SKU-EL-002,USB-C Charger 30W,Electronics,1,8.99,North
ORD-01501,2026-04-22,ST-019,SKU-EL-001,Wireless Earbuds,Electronics,1,18.49,West
ORD-00632,2026-03-22,ST-001,SKU-HM-001,Ceramic Mug Set,Home,2,5.99,North
ORD-03263,2026-06-25,ST-003,SKU-EL-002,USB-C Charger 30W,Electronics,4,8.99,North
ORD-02195,2026-05-18,ST-014,SKU-TY-001,Wooden Puzzle Set,Toys,1,7.99,East
ORD-03628,2026-07-08,ST-021,SKU-HM-002,LED Desk Lamp,Home,1,11.99,West
ORD-00127,2026-03-05,ST-001,SKU-AP-003,Denim Jacket,Apparel,3,23.99,East
ORD-01266,2026-04-14,ST-024,SKU-GR-002,Green Tea Box 25pk,Grocery,1,2.49,North
ORD-00271,2026-03-10,ST-008,SKU-EL-001,Wireless Earbuds,Electronics,2,18.49,West
ORD-01788,2026-05-03,ST-024,SKU-GR-003,Extra Virgin Olive Oil 1L,Grocery,4,8.99,Central
ORD-00739,2026-03-26,ST-021,SKU-AP-002,Running Shoes,Apparel,1,29.99,South
ORD-00179,2026-03-07,ST-020,SKU-BE-002,Sunscreen SPF 50,Beauty,1,5.49,Central
ORD-01254,2026-04-13,ST-006,SKU-GR-004,Whole Wheat Pasta 1kg,Grocery,2,1.99,South
ORD-03561,2026-07-06,ST-014,SKU-HM-003,Cotton Bedsheet Set,Home,5,14.99,North
ORD-04875,2026-08-20,ST-003,SKU-HM-004,Non-stick Pan 24cm,Home,4,9.99,East
ORD-01151,2026-04-09,ST-014,SKU-TY-001,Wooden Puzzle Set,Toys,2,7.99,North
ORD-03937,2026-07-18,ST-012,SKU-GR-004,Whole Wheat Pasta 1kg,Grocery,1,1.99,North
ORD-04743,2026-08-16,ST-024,SKU-HM-003,Cotton Bedsheet Set,Home,2,14.99,Central
ORD-04770,2026-08-16,ST-014,SKU-ST-004,Sticky Notes Set,Stationery,5,0.99,South
ORD-00468,2026-03-17,ST-012,SKU-EL-005,Smartwatch Band,Electronics,1,7.99,Central
ORD-03016,2026-06-16,ST-024,SKU-ST-003,Desk Organizer,Stationery,5,5.99,Central
ORD-04380,2026-08-03,ST-016,SKU-EL-002,,Electronics,4,8.99,East
ORD-02950,2026-06-14,ST-011,SKU-GR-003,Extra Virgin Olive Oil 1L,Grocery,3,8.99,East
ORD-00277,2026-03-10,ST-002,SKU-GR-005,Dark Chocolate Bar,Grocery,1,1.79,East
ORD-02907,2026-06-12,ST-002,SKU-EL-003,Bluetooth Speaker,Electronics,2,24.99,North
ORD-00998,2026-04-04,ST-016,SKU-BE-003,Shampoo 400ml,Beauty,2,3.49,West
ORD-01674,2026-04-28,ST-009,SKU-BE-005,Lip Balm Pack of 3,Beauty,2,1.49,Central
ORD-01561,2026-04-25,ST-007,SKU-TY-002,Building Blocks 100pc,Toys,3,12.99,North
ORD-02913,2026-06-13,ST-022,SKU-GR-001,Organic Almonds 500g,Grocery,5,6.49,West
ORD-03761,2026-07-12,ST-013,SKU-BE-005,Lip Balm Pack of 3,Beauty,2,1.49,South
ORD-03859,2026-07-16,ST-008,SKU-GR-003,Extra Virgin Olive Oil 1L,Grocery,1,8.99,North
ORD-01863,2026-05-05,ST-011,SKU-AP-003,Denim Jacket,Apparel,2,23.99,East
ORD-03132,2026-06-20,ST-009,SKU-HM-003,Cotton Bedsheet Set,Home,1,14.99,West
ORD-04575,2026-08-10,ST-017,SKU-ST-003,Desk Organizer,Stationery,1,5.99,Central
ORD-00725,2026-03-26,ST-014,SKU-ST-003,Desk Organizer,Stationery,2,5.99,Central
ORD-01861,2026-05-05,ST-020,SKU-GR-003,Extra Virgin Olive Oil 1L,Grocery,1,8.99,Central
ORD-00519,2026-03-18,ST-022,SKU-BE-003,Shampoo 400ml,Beauty,3,3.49,North
ORD-00018,2026-03-01,ST-004,SKU-TY-003,Plush Bear Medium,Toys,2,6.49,Central
ORD-04810,2026-08-18,ST-023,SKU-BE-003,Shampoo 400ml,Beauty,2,3.49,East
ORD-00090,2026-03-03,ST-024,SKU-TY-003,Plush Bear Medium,Toys,3,6.49,West
ORD-04059,2026-07-22,ST-020,SKU-GR-002,Green Tea Box 25pk,Grocery,5,2.49,Central
ORD-01717,2026-04-30,ST-011,SKU-AP-001,Cotton T-Shirt,Apparel,1,4.99,South
ORD-01644,2026-04-27,ST-019,SKU-TY-004,Board Game Family Pack,Toys,3,14.99,South
ORD-00259,2026-03-09,ST-008,SKU-AP-002,Running Shoes,Apparel,2,29.99,South
ORD-01192,2026-04-11,ST-023,SKU-EL-004,Power Bank 10000mAh,Electronics,1,12.99,East
ORD-02565,2026-05-31,ST-015,SKU-EL-001,Wireless Earbuds,Electronics,3,18.49,North
ORD-01472,2026-04-21,ST-024,SKU-EL-001,Wireless Earbuds,Electronics,1,18.49,East
ORD-05007,2026-08-24,ST-016,SKU-HM-003,Cotton Bedsheet Set,Home,1,14.99,North
ORD-00591,2026-03-21,ST-021,SKU-TY-004,Board Game Family Pack,Toys,3,14.99,West
ORD-02566,2026-05-31,ST-014,SKU-BE-004,Hand Cream 100ml,Beauty,2,1.99,East
ORD-01798,2026-05-03,ST-004,SKU-ST-004,Sticky Notes Set,Stationery,4,0.99,Central
ORD-03683,2026-07-10,ST-009,SKU-GR-005,Dark Chocolate Bar,Grocery,1,1.79,North
ORD-03580,2026-07-06,ST-011,SKU-GR-003,Extra Virgin Olive Oil 1L,Grocery,1,8.99,West
ORD-03742,2026-07-12,ST-012,SKU-EL-004,Power Bank 10000mAh,Electronics,2,12.99,North
ORD-01030,2026-04-05,ST-008,SKU-BE-002,Sunscreen SPF 50,Beauty,3,5.49,Central
ORD-02974,2026-06-15,ST-009,SKU-EL-005,Smartwatch Band,Electronics,1,7.99,South
ORD-02341,2026-05-23,ST-001,SKU-GR-003,Extra Virgin Olive Oil 1L,Grocery,1,8.99,East
ORD-01843,2026-05-04,ST-006,SKU-EL-004,Power Bank 10000mAh,Electronics,1,12.99,South
ORD-00791,2026-03-28,ST-015,SKU-BE-003,Shampoo 400ml,Beauty,1,3.49,West
ORD-04905,2026-08-21,ST-022,SKU-EL-003,Bluetooth Speaker,Electronics,1,24.99,West
ORD-03396,2026-06-30,ST-011,SKU-EL-002,USB-C Charger 30W,Electronics,5,8.99,West
ORD-01451,2026-04-21,ST-017,SKU-BE-002,Sunscreen SPF 50,Beauty,2,5.49,North
ORD-01610,2026-04-26,ST-022,SKU-BE-004,Hand Cream 100ml,Beauty,3,1.99,South
ORD-04733,2026-08-15,ST-015,SKU-EL-004,Power Bank 10000mAh,Electronics,1,12.99,South
ORD-04389,2026-08-03,ST-018,SKU-AP-002,Running Shoes,Apparel,2,29.99,Central
ORD-03949,2026-07-19,ST-014,SKU-TY-003,Plush Bear Medium,Toys,5,6.49,East
ORD-02412,2026-05-25,ST-021,SKU-ST-003,Desk Organizer,Stationery,1,5.99,Central
ORD-01370,2026-04-17,ST-008,SKU-HM-001,Ceramic Mug Set,Home,3,5.99,Central
ORD-01626,2026-04-27,ST-012,SKU-GR-003,Extra Virgin Olive Oil 1L,Grocery,5,8.99,South
ORD-00537,2026-03-19,ST-023,SKU-EL-001,Wireless Earbuds,Electronics,2,18.49,South
ORD-01137,2026-04-09,ST-022,SKU-AP-003,Denim Jacket,Apparel,5,23.99,East
ORD-05100,2026-08-27,ST-014,SKU-GR-002,Green Tea Box 25pk,Grocery,2,2.49,Central
ORD-02838,2026-06-10,ST-005,SKU-BE-004,Hand Cream 100ml,Beauty,1,1.99,North
ORD-01034,2026-04-05,ST-015,SKU-BE-005,Lip Balm Pack of 3,Beauty,3,1.49,North
ORD-04987,2026-08-24,ST-011,SKU-GR-001,Organic Almonds 500g,Grocery,3,6.49,South
ORD-00858,2026-03-30,ST-013,SKU-GR-002,Green Tea Box 25pk,Grocery,5,2.49,Central
ORD-01100,2026-04-07,ST-004,SKU-EL-005,Smartwatch Band,Electronics,1,7.99,East
ORD-00729,2026-03-26,ST-004,SKU-ST-002,,Stationery,5,1.49,East
ORD-02038,2026-05-11,ST-009,SKU-HM-003,Cotton Bedsheet Set,Home,5,14.99,East
ORD-02821,2026-06-10,ST-014,SKU-EL-005,Smartwatch Band,Electronics,1,7.99,East
ORD-01744,2026-05-01,ST-002,SKU-AP-002,Running Shoes,Apparel,1,29.99,South
ORD-01887,2026-05-06,ST-019,SKU-HM-001,Ceramic Mug Set,Home,2,5.99,South
ORD-04655,2026-08-13,ST-013,SKU-ST-002,Gel Pen Pack of 10,Stationery,5,1.49,Central
ORD-04920,2026-08-21,ST-022,SKU-BE-005,Lip Balm Pack of 3,Beauty,3,1.49,South
ORD-02117,2026-05-14,ST-020,SKU-GR-002,Green Tea Box 25pk,Grocery,2,2.49,East
ORD-01449,2026-04-21,ST-016,SKU-AP-001,Cotton T-Shirt,Apparel,2,4.99,Central
ORD-04299,2026-07-31,ST-017,SKU-ST-004,Sticky Notes Set,Stationery,1,0.99,South
ORD-01528,2026-04-23,ST-022,SKU-AP-004,Wool Socks 3-pack,Apparel,1,3.49,South
ORD-02101,2026-05-13,ST-018,SKU-HM-005,Storage Basket Set,Home,1,6.99,North
ORD-00220,2026-03-08,ST-003,SKU-ST-003,Desk Organizer,Stationery,1,5.99,West
ORD-00391,2026-03-14,ST-024,SKU-GR-002,Green Tea Box 25pk,Grocery,1,2.49,Central
ORD-01346,2026-04-17,ST-020,SKU-TY-001,Wooden Puzzle Set,Toys,1,7.99,North
ORD-03464,2026-07-02,ST-005,SKU-BE-003,Shampoo 400ml,Beauty,4,3.49,Central
ORD-03552,2026-07-05,ST-003,SKU-HM-004,Non-stick Pan 24cm,Home,1,9.99,North
ORD-03844,2026-07-15,ST-009,SKU-TY-004,Board Game Family Pack,Toys,5,14.99,North
ORD-04750,2026-08-16,ST-007,SKU-BE-002,Sunscreen SPF 50,Beauty,2,5.49,East
ORD-02969,2026-06-15,ST-008,SKU-AP-002,Running Shoes,Apparel,1,29.99,Central
ORD-01409,2026-04-19,ST-010,SKU-AP-004,Wool Socks 3-pack,Apparel,1,3.49,North
ORD-03984,2026-07-19,ST-016,SKU-BE-003,Shampoo 400ml,Beauty,5,3.49,West
ORD-02594,2026-06-01,ST-020,SKU-HM-005,Storage Basket Set,Home,4,6.99,South
ORD-04850,2026-08-19,ST-019,SKU-BE-003,Shampoo 400ml,Beauty,2,3.49,West
ORD-01770,2026-05-02,ST-019,SKU-EL-004,Power Bank 10000mAh,Electronics,4,12.99,East
ORD-04131,2026-07-24,ST-007,SKU-EL-001,Wireless Earbuds,Electronics,2,18.49,North
ORD-01701,2026-04-29,ST-008,SKU-BE-004,Hand Cream 100ml,Beauty,4,1.99,North
ORD-03190,2026-06-22,ST-010,SKU-TY-002,Building Blocks 100pc,Toys,1,12.99,West
ORD-01597,2026-04-26,ST-010,SKU-HM-003,Cotton Bedsheet Set,Home,3,14.99,East
ORD-00854,2026-03-30,ST-008,SKU-EL-004,Power Bank 10000mAh,Electronics,1,12.99,Central
ORD-04900,2026-08-21,ST-010,SKU-EL-001,Wireless Earbuds,Electronics,4,18.49,West
ORD-01303,2026-04-15,ST-009,SKU-AP-005,Rain Jacket,Apparel,4,18.99,North
ORD-01797,2026-05-03,ST-009,SKU-EL-005,Smartwatch Band,Electronics,4,7.99,North
ORD-00279,2026-03-10,ST-007,SKU-EL-004,Power Bank 10000mAh,Electronics,4,12.99,West
ORD-02174,2026-05-17,ST-006,SKU-BE-004,Hand Cream 100ml,Beauty,2,1.99,South
ORD-02254,2026-05-20,ST-024,SKU-GR-001,Organic Almonds 500g,Grocery,2,6.49,South
ORD-00222,2026-03-08,ST-020,SKU-GR-002,Green Tea Box 25pk,Grocery,2,2.49,Central
ORD-04922,2026-08-21,ST-008,SKU-GR-002,Green Tea Box 25pk,Grocery,4,2.49,North
ORD-00163,2026-03-06,ST-010,SKU-TY-002,Building Blocks 100pc,Toys,2,12.99,Central
ORD-03374,2026-06-29,ST-023,SKU-TY-004,Board Game Family Pack,Toys,1,14.99,East
ORD-01183,2026-04-10,ST-010,SKU-AP-002,Running Shoes,Apparel,2,29.99,East
ORD-04397,2026-08-03,ST-004,SKU-GR-005,Dark Chocolate Bar,Grocery,2,1.79,South
ORD-01956,2026-05-08,ST-013,SKU-BE-002,Sunscreen SPF 50,Beauty,2,5.49,Central
ORD-00751,2026-03-27,ST-020,SKU-ST-004,Sticky Notes Set,Stationery,2,0.99,West
ORD-00284,2026-03-10,ST-021,SKU-BE-002,Sunscreen SPF 50,Beauty,1,5.49,East
ORD-02269,2026-05-20,ST-008,SKU-AP-005,Rain Jacket,Apparel,1,18.99,South
ORD-04179,2026-07-26,ST-006,SKU-TY-003,Plush Bear Medium,Toys,4,6.49,Central
ORD-04865,2026-08-20,ST-010,SKU-TY-003,Plush Bear Medium,Toys,2,6.49,North
ORD-01923,2026-05-07,ST-024,SKU-AP-004,Wool Socks 3-pack,Apparel,3,3.49,South
ORD-03665,2026-07-09,ST-020,SKU-AP-002,Running Shoes,Apparel,1,29.99,South
ORD-03618,2026-07-08,ST-008,SKU-TY-004,Board Game Family Pack,Toys,4,14.99,West
ORD-02291,2026-05-21,ST-015,SKU-TY-004,Board Game Family Pack,Toys,1,14.99,Central
ORD-04411,2026-08-04,ST-004,SKU-GR-002,Green Tea Box 25pk,Grocery,1,2.49,East
ORD-04094,2026-07-23,ST-020,SKU-ST-004,Sticky Notes Set,Stationery,2,0.99,South
ORD-01493,2026-04-22,ST-014,SKU-AP-003,Denim Jacket,Apparel,1,23.99,North
ORD-03025,2026-06-17,ST-014,SKU-AP-004,Wool Socks 3-pack,Apparel,2,3.49,North
ORD-02572,2026-05-31,ST-014,SKU-HM-003,Cotton Bedsheet Set,Home,1,14.99,Central
ORD-03856,2026-07-15,ST-024,SKU-ST-003,Desk Organizer,Stationery,2,5.99,East
ORD-04263,2026-07-29,ST-015,SKU-GR-005,Dark Chocolate Bar,Grocery,2,1.79,Central
ORD-04379,2026-08-03,ST-012,SKU-EL-003,Bluetooth Speaker,Electronics,1,24.99,East
ORD-02196,2026/05/18,ST-022,SKU-TY-003,Plush Bear Medium,Toys,1,6.49,East
ORD-01671,2026-04-28,ST-009,SKU-GR-004,Whole Wheat Pasta 1kg,Grocery,4,1.99,South
ORD-04668,2026-08-13,ST-012,SKU-AP-001,Cotton T-Shirt,Apparel,4,4.99,Central
ORD-00749,2026-03-27,ST-024,SKU-EL-003,Bluetooth Speaker,Electronics,1,24.99,West
ORD-04298,2026-07-31,ST-019,SKU-EL-004,Power Bank 10000mAh,Electronics,2,12.99,West
ORD-03377,2026-06-29,ST-016,SKU-HM-004,Non-stick Pan 24cm,Home,5,9.99,Central
ORD-04811,2026-08-18,ST-005,SKU-ST-002,Gel Pen Pack of 10,Stationery,2,1.49,Central
ORD-00485,2026-03-17,ST-011,SKU-HM-002,LED Desk Lamp,Home,1,11.99,South
ORD-01126,2026-04-08,ST-019,SKU-EL-005,Smartwatch Band,Electronics,1,7.99,South
ORD-03517,2026-07-04,ST-024,SKU-ST-001,Notebook A5 Ruled,Stationery,1,1.29,East
ORD-01746,2026-05-01,ST-014,SKU-GR-003,Extra Virgin Olive Oil 1L,Grocery,1,8.99,North
ORD-02764,2026-06-07,ST-024,SKU-TY-001,Wooden Puzzle Set,Toys,1,7.99,Central
ORD-01712,2026-04-30,ST-017,SKU-HM-001,Ceramic Mug Set,Home,1,5.99,Central
ORD-01391,2026-04-18,ST-010,SKU-TY-004,Board Game Family Pack,Toys,1,14.99,West
ORD-02987,2026-06-15,ST-004,SKU-BE-001,Aloe Vera Gel 200ml,Beauty,1,2.49,North
ORD-01875,2026-05-06,ST-014,SKU-ST-004,Sticky Notes Set,Stationery,1,0.99,North
ORD-00845,2026-03-30,ST-003,SKU-EL-005,Smartwatch Band,Electronics,5,7.99,Central
ORD-03541,2026-07-05,ST-001,SKU-GR-002,Green Tea Box 25pk,Grocery,5,2.49,South
ORD-01217,2026-04-12,ST-003,SKU-BE-005,Lip Balm Pack of 3,Beauty,5,1.49,West
ORD-01705,2026-04-29,ST-009,SKU-AP-004,Wool Socks 3-pack,Apparel,3,3.49,South
ORD-02578,2026-06-01,ST-006,SKU-EL-001,Wireless Earbuds,Electronics,2,18.49,North
ORD-01415,2026-04-19,ST-007,SKU-TY-005,Remote Control Car,Toys,1,16.99,South
ORD-00433,2026-03-15,ST-011,SKU-BE-003,Shampoo 400ml,Beauty,1,3.49,East
ORD-04156,2026-07-25,ST-004,SKU-HM-004,Non-stick Pan 24cm,Home,1,9.99,North
ORD-05034,2026-08-25,ST-005,SKU-AP-001,Cotton T-Shirt,Apparel,2,4.99,West
ORD-04183,2026-07-26,ST-007,SKU-ST-004,Sticky Notes Set,Stationery,1,0.99,South
ORD-02957,2026-06-14,ST-023,SKU-AP-003,Denim Jacket,Apparel,3,23.99,South
ORD-00524,2026-03-19,ST-019,SKU-HM-001,Ceramic Mug Set,Home,1,5.99,East
ORD-00110,2026-03-04,ST-014,SKU-AP-002,Running Shoes,Apparel,3,29.99,South
ORD-02955,2026-06-14,ST-006,SKU-HM-002,LED Desk Lamp,Home,5,11.99,South
ORD-04367,2026-08-03,ST-017,SKU-HM-003,Cotton Bedsheet Set,Home,4,14.99,North
ORD-01363,2026-04-17,ST-013,SKU-AP-003,Denim Jacket,Apparel,4,23.99,West
ORD-00836,2026-03-29,ST-003,SKU-GR-004,Whole Wheat Pasta 1kg,Grocery,5,1.99,Central
ORD-00144,2026-03-05,ST-008,SKU-ST-001,Notebook A5 Ruled,Stationery,1,1.29,East
ORD-04529,2026-08-08,ST-019,SKU-EL-002,USB-C Charger 30W,Electronics,3,8.99,North
ORD-00196,2026-03-07,ST-011,SKU-EL-002,USB-C Charger 30W,Electronics,2,8.99,South
ORD-02481,2026-05-28,ST-001,SKU-TY-001,Wooden Puzzle Set,Toys,3,7.99,North
ORD-00758,2026-03-27,ST-022,SKU-ST-001,Notebook A5 Ruled,Stationery,2,1.29,East
ORD-04876,2026-08-20,ST-020,SKU-AP-004,Wool Socks 3-pack,Apparel,2,3.49,Central
ORD-00851,2026-03-30,ST-004,SKU-EL-002,USB-C Charger 30W,Electronics,4,8.99,East
ORD-03416,2026-07-01,ST-015,SKU-TY-003,Plush Bear Medium,Toys,2,6.49,Central
ORD-02169,2026-05-16,ST-017,SKU-BE-004,Hand Cream 100ml,Beauty,3,1.99,South
ORD-02308,2026-05-22,ST-021,SKU-AP-004,Wool Socks 3-pack,Apparel,3,3.49,East
ORD-00821,2026-03-29,ST-008,SKU-TY-002,Building Blocks 100pc,Toys,5,12.99,Central
ORD-01873,2026-05-06,ST-005,SKU-BE-005,Lip Balm Pack of 3,Beauty,3,1.49,East
ORD-03453,2026-07-02,ST-017,SKU-AP-004,Wool Socks 3-pack,Apparel,2,3.49,West
ORD-01927,2026-05-07,ST-007,SKU-EL-004,Power Bank 10000mAh,Electronics,5,12.99,Central
ORD-00056,2026-03-02,ST-014,SKU-TY-003,Plush Bear Medium,Toys,1,6.49,West
ORD-04382,2026-08-03,ST-010,SKU-GR-003,Extra Virgin Olive Oil 1L,Grocery,2,8.99,South
ORD-03849,2026-07-15,ST-015,SKU-ST-002,Gel Pen Pack of 10,Stationery,1,1.49,East
ORD-03147,2026-06-21,ST-006,SKU-ST-002,Gel Pen Pack of 10,Stationery,1,1.49,Central
ORD-02755,2026-06-07,ST-009,SKU-HM-004,Non-stick Pan 24cm,Home,3,9.99,Central
ORD-00787,2026-03-28,ST-003,SKU-ST-003,Desk Organizer,Stationery,1,5.99,West
ORD-00880,2026-03-31,ST-002,SKU-HM-002,LED Desk Lamp,Home,2,11.99,West
ORD-00303,2026-03-11,ST-008,SKU-TY-003,Plush Bear Medium,Toys,1,6.49,West
ORD-04223,2026-07-28,ST-024,SKU-EL-003,Bluetooth Speaker,Electronics,1,24.99,East
ORD-02827,2026-06-10,ST-023,SKU-ST-002,Gel Pen Pack of 10,Stationery,1,1.49,South
ORD-04383,2026-08-03,ST-003,SKU-BE-001,Aloe Vera Gel 200ml,Beauty,5,2.49,South
ORD-04586,2026-08-10,ST-007,SKU-TY-005,Remote Control Car,Toys,1,16.99,North
ORD-03669,2026-07-09,ST-015,SKU-ST-004,Sticky Notes Set,Stationery,3,0.99,North
ORD-01121,2026-04-08,ST-019,SKU-TY-002,Building Blocks 100pc,Toys,4,12.99,South
ORD-04997,2026-08-24,ST-011,SKU-GR-001,Organic Almonds 500g,Grocery,2,6.49,South
ORD-01920,2026-05-07,ST-009,SKU-HM-004,Non-stick Pan 24cm,Home,1,9.99,East
ORD-04049,2026-07-21,ST-012,SKU-BE-005,Lip Balm Pack of 3,Beauty,5,1.49,East
ORD-00124,2026-03-05,ST-006,SKU-BE-003,Shampoo 400ml,Beauty,5,3.49,South
ORD-02819,2026-06-09,ST-004,SKU-AP-003,Denim Jacket,Apparel,1,23.99,North
ORD-03192,2026-06-23,ST-011,SKU-HM-005,Storage Basket Set,Home,1,6.99,North
ORD-03923,2026-07-17,ST-015,SKU-BE-005,Lip Balm Pack of 3,Beauty,3,1.49,North
ORD-02318,2026-05-22,ST-016,SKU-AP-005,Rain Jacket,Apparel,1,18.99,East
ORD-00716,2026-03-25,ST-015,SKU-EL-001,Wireless Earbuds,Electronics,1,18.49,Central
ORD-04149,2026-07-25,ST-008,SKU-BE-004,Hand Cream 100ml,Beauty,4,1.99,South
ORD-04330,2026-08-01,ST-006,SKU-ST-001,Notebook A5 Ruled,Stationery,4,1.29,Central
ORD-00092,2026-03-03,ST-022,SKU-HM-001,Ceramic Mug Set,Home,1,5.99,West
ORD-01888,2026-05-06,ST-020,SKU-HM-005,Storage Basket Set,Home,3,6.99,South
ORD-04114,2026-07-24,ST-007,SKU-TY-003,Plush Bear Medium,Toys,5,6.49,Central
ORD-04426,2026-08-05,ST-015,SKU-TY-005,Remote Control Car,Toys,1,16.99,North
ORD-00125,2026-03-05,ST-023,SKU-HM-002,LED Desk Lamp,Home,5,11.99,West
ORD-05050,2026-08-26,ST-023,SKU-ST-001,Notebook A5 Ruled,Stationery,2,1.29,South
ORD-01844,2026-05-04,ST-016,SKU-EL-003,Bluetooth Speaker,Electronics,1,24.99,East
ORD-00946,2026-04-02,ST-001,SKU-GR-004,Whole Wheat Pasta 1kg,Grocery,3,1.99,South
ORD-05065,2026-08-26,ST-005,SKU-EL-005,Smartwatch Band,Electronics,5,7.99,North
ORD-00460,2026-03-16,ST-002,SKU-AP-005,Rain Jacket,Apparel,1,18.99,North
ORD-03714,2026-07-11,ST-008,SKU-BE-001,Aloe Vera Gel 200ml,Beauty,5,2.49,North
ORD-04872,2026-08-20,ST-016,SKU-EL-003,Bluetooth Speaker,Electronics,2,24.99,East
ORD-02541,2026-05-30,ST-002,SKU-AP-005,Rain Jacket,Apparel,5,18.99,East
ORD-03015,2026-06-16,ST-024,SKU-AP-002,Running Shoes,Apparel,3,29.99,East
ORD-00418,2026-03-15,ST-011,SKU-HM-002,LED Desk Lamp,Home,3,11.99,West
ORD-01446,2026-04-20,ST-019,SKU-AP-005,Rain Jacket,Apparel,3,18.99,Central
ORD-03055,2026-06-18,ST-012,SKU-EL-004,Power Bank 10000mAh,Electronics,3,12.99,South
ORD-01681,2026-04-29,ST-016,SKU-GR-001,Organic Almonds 500g,Grocery,2,6.49,South
ORD-02979,2026-06-15,ST-004,SKU-GR-003,Extra Virgin Olive Oil 1L,Grocery,1,8.99,West
ORD-02904,2026-06-12,ST-009,SKU-AP-005,Rain Jacket,Apparel,2,18.99,West
ORD-00165,2026-03-06,ST-008,SKU-GR-001,Organic Almonds 500g,Grocery,1,6.49,Central
ORD-02518,2026-05-29,ST-003,SKU-GR-005,Dark Chocolate Bar,Grocery,1,1.79,West
ORD-05022,2026-08-25,ST-011,SKU-TY-004,Board Game Family Pack,Toys,5,14.99,East
ORD-00015,2026-03-01,ST-016,SKU-AP-001,Cotton T-Shirt,Apparel,2,4.99,East
ORD-04754,2026-08-16,ST-020,SKU-BE-005,Lip Balm Pack of 3,Beauty,5,1.49,South
ORD-00282,2026-03-10,ST-023,SKU-EL-002,USB-C Charger 30W,Electronics,4,8.99,South
ORD-02536,2026-05-30,ST-012,SKU-ST-002,Gel Pen Pack of 10,Stationery,4,1.49,East
ORD-00341,2026-03-12,ST-011,SKU-ST-003,Desk Organizer,Stationery,1,5.99,West
ORD-02897,2026-06-12,ST-005,SKU-GR-004,Whole Wheat Pasta 1kg,Grocery,1,1.99,West
ORD-03081,2026-06-19,ST-011,SKU-HM-001,Ceramic Mug Set,Home,4,5.99,Central
ORD-00838,2026-03-29,ST-006,SKU-EL-005,Smartwatch Band,Electronics,2,7.99,Central
ORD-04498,2026-08-07,ST-002,SKU-ST-004,Sticky Notes Set,Stationery,3,0.99,South
ORD-03546,2026-07-05,ST-013,SKU-HM-001,Ceramic Mug Set,Home,5,5.99,East
ORD-03223,2026-06-24,ST-001,SKU-AP-005,Rain Jacket,Apparel,1,18.99,Central
ORD-00454,2026-03-16,ST-019,SKU-ST-003,Desk Organizer,Stationery,2,5.99,South
ORD-04741,2026-08-15,ST-004,SKU-EL-005,Smartwatch Band,Electronics,5,7.99,Central
ORD-00892,2026-03-31,ST-016,SKU-AP-001,Cotton T-Shirt,Apparel,1,4.99,Central
ORD-04212,2026-07-27,ST-005,SKU-AP-005,Rain Jacket,Apparel,5,18.99,North
ORD-04731,2026-08-15,ST-019,SKU-TY-001,Wooden Puzzle Set,Toys,1,7.99,Central
ORD-01991,2026-05-09,ST-012,SKU-TY-004,Board Game Family Pack,Toys,4,14.99,Central
ORD-04350,2026-08-02,ST-023,SKU-BE-002,Sunscreen SPF 50,Beauty,5,5.49,Central
ORD-04325,2026-08-01,ST-001,SKU-BE-004,Hand Cream 100ml,Beauty,1,1.99,North
ORD-00397,2026-03-14,ST-011,SKU-TY-005,Remote Control Car,Toys,1,16.99,South
ORD-02655,2026-06-04,ST-010,SKU-AP-003,Denim Jacket,Apparel,1,23.99,North
ORD-03434,2026-07-02,ST-005,SKU-BE-001,Aloe Vera Gel 200ml,Beauty,2,2.49,West
ORD-02480,2026-05-28,ST-002,SKU-AP-001,Cotton T-Shirt,Apparel,1,4.99,West
ORD-04518,2026-08-08,ST-011,SKU-EL-003,Bluetooth Speaker,Electronics,2,24.99,North
ORD-02033,2026-05-11,ST-007,SKU-TY-003,Plush Bear Medium,Toys,2,6.49,Central
ORD-01769,2026-05-02,ST-015,SKU-GR-001,Organic Almonds 500g,Grocery,2,6.49,South
ORD-02651,2026-06-04,ST-017,SKU-BE-005,Lip Balm Pack of 3,Beauty,1,1.49,West
ORD-03918,2026-07-17,ST-024,SKU-GR-001,Organic Almonds 500g,Grocery,3,6.49,South
ORD-04195,2026-07-27,ST-007,SKU-GR-004,Whole Wheat Pasta 1kg,Grocery,2,1.99,South
ORD-04452,2026-08-06,ST-013,SKU-GR-004,Whole Wheat Pasta 1kg,Grocery,4,1.99,Central
ORD-01811,2026-05-04,ST-002,SKU-TY-002,Building Blocks 100pc,Toys,1,12.99,North
ORD-00866,2026-03-30,ST-023,SKU-EL-004,Power Bank 10000mAh,Electronics,5,12.99,Central
ORD-00529,2026-03-19,ST-011,SKU-BE-004,Hand Cream 100ml,Beauty,3,1.99,Central
ORD-04711,2026-08-15,ST-010,SKU-AP-005,Rain Jacket,Apparel,5,18.99,West
ORD-03782,2026-07-13,ST-003,SKU-TY-005,Remote Control Car,Toys,1,16.99,Central
ORD-00607,2026-03-21,ST-005,SKU-TY-003,Plush Bear Medium,Toys,2,6.49,West
ORD-01990,2026-05-09,ST-011,SKU-GR-004,Whole Wheat Pasta 1kg,Grocery,1,1.99,South
ORD-03892,2026-07-17,ST-023,SKU-BE-005,Lip Balm Pack of 3,Beauty,2,1.49,North
ORD-01866,2026-05-05,ST-022,SKU-EL-004,Power Bank 10000mAh,Electronics,2,12.99,Central
ORD-02697,2026-06-05,ST-009,SKU-EL-004,Power Bank 10000mAh,Electronics,5,12.99,North
ORD-02192,2026-05-17,ST-014,SKU-HM-004,Non-stick Pan 24cm,Home,2,9.99,East
ORD-03193,2026-06-23,ST-002,SKU-TY-005,Remote Control Car,Toys,3,16.99,South
ORD-01779,2026-05-02,ST-012,SKU-TY-003,Plush Bear Medium,Toys,1,6.49,East
ORD-04467,2026-08-06,ST-011,SKU-EL-003,Bluetooth Speaker,Electronics,5,24.99,East
ORD-00521,2026-03-19,ST-003,SKU-BE-002,Sunscreen SPF 50,Beauty,4,5.49,Central
ORD-02730,2026-06-06,ST-021,SKU-EL-005,Smartwatch Band,Electronics,1,7.99,North
ORD-01943,2026-05-08,ST-020,SKU-EL-005,Smartwatch Band,Electronics,1,7.99,South
ORD-02721,2026-06-06,ST-024,SKU-BE-005,Lip Balm Pack of 3,Beauty,1,1.49,Central
ORD-02570,2026-05-31,ST-016,SKU-HM-005,Storage Basket Set,Home,4,6.99,East
ORD-01350,2026-04-17,ST-024,SKU-ST-001,Notebook A5 Ruled,Stationery,1,1.29,West
ORD-03217,2026-06-24,ST-002,SKU-ST-004,Sticky Notes Set,Stationery,4,0.99,Central
ORD-01625,2026-04-27,ST-023,SKU-AP-003,Denim Jacket,Apparel,1,23.99,East
ORD-05073,2026-08-26,ST-018,SKU-ST-003,Desk Organizer,Stationery,-4,5.99,East
ORD-00323,2026-03-11,ST-021,SKU-ST-004,Sticky Notes Set,Stationery,1,0.99,Central
ORD-04519,2026-08-08,ST-021,SKU-ST-004,Sticky Notes Set,Stationery,3,0.99,Central
ORD-00719,2026-03-25,ST-001,SKU-BE-001,Aloe Vera Gel 200ml,Beauty,2,2.49,West
ORD-02548,2026-05-30,ST-023,SKU-ST-003,Desk Organizer,Stationery,-1,5.99,West
ORD-01342,2026-04-16,ST-006,SKU-EL-003,Bluetooth Speaker,Electronics,4,24.99,South
ORD-01595,2026-04-26,ST-002,SKU-TY-004,Board Game Family Pack,Toys,3,14.99,East
ORD-01702,2026-04-29,ST-010,SKU-GR-005,Dark Chocolate Bar,Grocery,5,1.79,North
ORD-03635,2026-07-08,ST-011,SKU-ST-001,Notebook A5 Ruled,Stationery,3,1.29,South
ORD-01028,2026-04-05,ST-020,SKU-EL-003,Bluetooth Speaker,Electronics,4,24.99,East
ORD-01592,2026-04-26,ST-013,SKU-AP-004,Wool Socks 3-pack,Apparel,1,3.49,South
ORD-02648,2026-06-04,ST-022,SKU-ST-001,Notebook A5 Ruled,Stationery,1,1.29,South
ORD-03662,2026-07-09,ST-015,SKU-EL-002,USB-C Charger 30W,Electronics,2,8.99,Central
ORD-04172,2026-07-26,ST-016,SKU-AP-001,Cotton T-Shirt,Apparel,1,4.99,South
ORD-00479,2026-03-17,ST-010,SKU-ST-003,Desk Organizer,Stationery,1,5.99,North
ORD-05064,2026-08-26,ST-009,SKU-EL-002,USB-C Charger 30W,Electronics,2,8.99,East
ORD-02859,2026-06-11,ST-016,SKU-GR-001,Organic Almonds 500g,Grocery,4,6.49,South
ORD-00474,2026-03-17,ST-008,SKU-TY-001,Wooden Puzzle Set,Toys,4,7.99,South
ORD-04344,2026-08-02,ST-019,SKU-AP-001,Cotton T-Shirt,Apparel,3,4.99,Central
ORD-02629,2026-06-03,ST-021,SKU-GR-005,Dark Chocolate Bar,Grocery,1,1.79,South
ORD-01274,2026-04-14,ST-004,SKU-ST-003,Desk Organizer,Stationery,2,5.99,North
ORD-04542,2026-08-09,ST-010,SKU-BE-005,Lip Balm Pack of 3,Beauty,2,1.49,West
ORD-01327,2026-04-16,ST-014,SKU-BE-001,Aloe Vera Gel 200ml,Beauty,1,2.49,East
ORD-01420,2026-04-20,ST-021,SKU-EL-005,Smartwatch Band,Electronics,2,7.99,North
ORD-02667,2026-06-04,ST-001,SKU-ST-002,Gel Pen Pack of 10,Stationery,4,1.49,South
ORD-00008,2026-03-01,ST-002,SKU-AP-005,Rain Jacket,Apparel,5,18.99,East
ORD-00652,2026-03-23,ST-015,SKU-BE-001,Aloe Vera Gel 200ml,Beauty,4,2.49,Central
ORD-01994,2026-05-09,ST-014,SKU-EL-005,Smartwatch Band,Electronics,1,7.99,West
ORD-04941,2026-08-22,ST-019,SKU-HM-002,LED Desk Lamp,Home,3,11.99,Central
ORD-02911,2026-06-12,ST-019,SKU-ST-001,Notebook A5 Ruled,Stationery,1,1.29,North
ORD-00494,2026-03-17,ST-022,SKU-ST-004,Sticky Notes Set,Stationery,3,0.99,Central
ORD-01745,2026-05-01,ST-001,SKU-TY-002,Building Blocks 100pc,Toys,4,12.99,South
ORD-02751,2026-06-07,ST-004,SKU-TY-004,Board Game Family Pack,Toys,5,14.99,Central
ORD-04982,2026-08-24,ST-022,SKU-BE-003,Shampoo 400ml,Beauty,5,3.49,West
ORD-01645,2026-04-27,ST-018,SKU-GR-003,Extra Virgin Olive Oil 1L,Grocery,1,8.99,South
ORD-04815,2026-08-18,ST-004,SKU-ST-001,Notebook A5 Ruled,Stationery,3,1.29,West
ORD-03293,2026-06-26,ST-005,SKU-GR-005,Dark Chocolate Bar,Grocery,1,1.79,South
ORD-03317,2026-06-27,ST-010,SKU-BE-001,Aloe Vera Gel 200ml,Beauty,1,2.49,Central
ORD-02476,2026-05-27,ST-014,SKU-BE-001,Aloe Vera Gel 200ml,Beauty,1,2.49,West
ORD-02473,2026-05-27,ST-004,SKU-ST-003,Desk Organizer,Stationery,1,,North
ORD-00101,2026-03-04,ST-023,SKU-EL-001,Wireless Earbuds,Electronics,1,18.49,Central
ORD-02660,2026-06-04,ST-018,SKU-BE-003,Shampoo 400ml,Beauty,4,3.49,Central
ORD-00242,2026-03-09,ST-015,SKU-GR-002,Green Tea Box 25pk,Grocery,1,2.49,South
ORD-04128,2026-07-24,ST-014,SKU-TY-001,Wooden Puzzle Set,Toys,4,7.99,Central
ORD-00641,2026-03-23,ST-010,SKU-AP-001,Cotton T-Shirt,Apparel,2,4.99,Central
ORD-04834,2026-08-19,ST-003,SKU-ST-001,Notebook A5 Ruled,Stationery,2,1.29,East
ORD-00578,2026-03-20,ST-015,SKU-TY-005,Remote Control Car,Toys,5,16.99,East
ORD-02155,2026-05-16,ST-014,SKU-EL-001,Wireless Earbuds,Electronics,2,18.49,East
ORD-01464,2026-04-21,ST-001,SKU-EL-005,Smartwatch Band,Electronics,5,7.99,West
ORD-03122,2026-06-20,ST-009,SKU-EL-003,Bluetooth Speaker,Electronics,1,24.99,South
ORD-01594,2026-04-26,ST-022,SKU-HM-002,LED Desk Lamp,Home,1,11.99,North
ORD-01796,2026-05-03,ST-008,SKU-TY-001,Wooden Puzzle Set,Toys,3,7.99,West
ORD-02231,2026-05-19,ST-009,SKU-GR-005,Dark Chocolate Bar,Grocery,3,1.79,South
ORD-04056,2026-07-22,ST-013,SKU-TY-005,Remote Control Car,Toys,1,16.99,Central
ORD-01461,2026-04-21,ST-008,SKU-BE-005,Lip Balm Pack of 3,Beauty,2,1.49,Central
ORD-01018,2026-04-04,ST-016,SKU-BE-003,Shampoo 400ml,Beauty,4,3.49,East
ORD-00776,2026-03-27,ST-009,SKU-AP-005,Rain Jacket,Apparel,5,18.99,North
ORD-04923,2026/08/22,ST-009,SKU-HM-004,Non-stick Pan 24cm,Home,2,9.99,West
ORD-01654,2026-04-28,ST-008,SKU-HM-005,Storage Basket Set,Home,3,6.99,East
ORD-03656,2026-07-09,ST-023,SKU-TY-003,Plush Bear Medium,Toys,3,6.49,East
ORD-00496,2026-03-18,ST-001,SKU-GR-002,Green Tea Box 25pk,Grocery,1,2.49,North
ORD-04036,2026-07-21,ST-011,SKU-HM-004,Non-stick Pan 24cm,Home,5,9.99,East
ORD-01648,2026-04-27,ST-006,SKU-ST-001,Notebook A5 Ruled,Stationery,2,1.29,Central
ORD-03083,2026-06-19,ST-009,SKU-GR-003,Extra Virgin Olive Oil 1L,Grocery,4,8.99,West
ORD-01015,2026-04-04,ST-018,SKU-EL-001,Wireless Earbuds,Electronics,2,18.49,North
ORD-04335,2026-08-01,ST-018,SKU-AP-004,Wool Socks 3-pack,Apparel,1,3.49,South
ORD-04633,2026-08-12,ST-020,SKU-BE-001,Aloe Vera Gel 200ml,Beauty,4,2.49,East
ORD-04130,2026-07-24,ST-007,SKU-HM-005,Storage Basket Set,Home,1,6.99,North
ORD-01336,2026-04-16,ST-016,SKU-EL-004,Power Bank 10000mAh,Electronics,1,12.99,South
ORD-03153,2026/06/21,ST-019,SKU-BE-003,Shampoo 400ml,Beauty,4,3.49,North
ORD-02687,2026-06-05,ST-008,SKU-GR-001,Organic Almonds 500g,Grocery,1,6.49,South
ORD-00695,2026-03-24,ST-014,SKU-HM-001,Ceramic Mug Set,Home,3,5.99,Central
ORD-02485,2026-05-28,ST-011,SKU-BE-003,Shampoo 400ml,Beauty,3,3.49,South
ORD-01842,2026-05-04,ST-021,SKU-ST-003,Desk Organizer,Stationery,2,5.99,West
ORD-05019,2026-08-25,ST-009,SKU-EL-001,Wireless Earbuds,Electronics,2,18.49,Central
ORD-03205,2026-06-23,ST-014,SKU-EL-002,USB-C Charger 30W,Electronics,1,8.99,West
ORD-01122,2026-04-08,ST-011,SKU-TY-004,Board Game Family Pack,Toys,1,14.99,East
ORD-04493,2026-08-07,ST-004,SKU-TY-003,Plush Bear Medium,Toys,3,6.49,South
ORD-02025,2026-05-11,ST-001,SKU-GR-004,Whole Wheat Pasta 1kg,Grocery,4,1.99,South
ORD-04939,2026-08-22,ST-022,SKU-AP-002,Running Shoes,Apparel,5,29.99,South
ORD-03515,2026-07-04,ST-022,SKU-ST-003,Desk Organizer,Stationery,1,5.99,Central
ORD-01490,2026-04-22,ST-016,SKU-HM-003,,Home,5,14.99,North
ORD-02054,2026-05-12,ST-005,SKU-GR-004,Whole Wheat Pasta 1kg,Grocery,5,1.99,South
ORD-02691,2026-06-05,ST-003,SKU-GR-002,Green Tea Box 25pk,Grocery,1,2.49,North
ORD-04890,2026-08-20,ST-002,SKU-TY-005,Remote Control Car,Toys,2,16.99,West
ORD-04191,2026-07-27,ST-016,SKU-TY-003,Plush Bear Medium,Toys,1,6.49,West
ORD-02705,2026-06-05,ST-013,SKU-HM-001,Ceramic Mug Set,Home,2,5.99,East
ORD-01912,2026-05-07,ST-011,SKU-ST-003,Desk Organizer,Stationery,2,5.99,East
ORD-01157,2026-04-10,ST-010,SKU-GR-002,Green Tea Box 25pk,Grocery,5,2.49,North
ORD-03702,2026-07-11,ST-010,SKU-BE-004,Hand Cream 100ml,Beauty,2,1.99,East
ORD-00620,2026-03-22,ST-006,SKU-HM-005,Storage Basket Set,Home,2,6.99,West
ORD-04279,2026-07-30,ST-011,SKU-EL-004,Power Bank 10000mAh,Electronics,1,12.99,West
ORD-00939,2026-04-02,ST-004,SKU-EL-005,Smartwatch Band,Electronics,1,7.99,West
ORD-01341,2026-04-16,ST-023,SKU-AP-005,Rain Jacket,Apparel,5,18.99,East
ORD-02082,2026-05-13,ST-004,SKU-HM-005,Storage Basket Set,Home,3,6.99,East
ORD-03559,2026-07-06,ST-017,SKU-TY-005,Remote Control Car,Toys,4,16.99,North
ORD-04432,2026-08-05,ST-015,SKU-BE-001,Aloe Vera Gel 200ml,Beauty,5,2.49,North
ORD-00834,2026-03-29,ST-008,SKU-GR-001,Organic Almonds 500g,Grocery,1,6.49,East
ORD-00351,2026-03-12,ST-004,SKU-EL-003,Bluetooth Speaker,Electronics,5,24.99,South
ORD-04781,2026-08-17,ST-022,SKU-GR-004,Whole Wheat Pasta 1kg,Grocery,2,1.99,Central
ORD-02567,2026-05-31,ST-019,SKU-TY-003,Plush Bear Medium,Toys,1,6.49,South
ORD-04444,2026-08-05,ST-007,SKU-TY-004,Board Game Family Pack,Toys,2,14.99,South
ORD-04921,2026-08-21,ST-016,SKU-BE-004,Hand Cream 100ml,Beauty,5,1.99,South
ORD-00766,2026-03-27,ST-009,SKU-AP-001,Cotton T-Shirt,Apparel,2,4.99,West
ORD-00169,2026-03-07,ST-003,SKU-ST-001,Notebook A5 Ruled,Stationery,2,1.29,Central
ORD-04362,2026-08-02,ST-007,SKU-BE-002,Sunscreen SPF 50,Beauty,2,5.49,North
ORD-03096,2026-06-19,ST-024,SKU-HM-001,Ceramic Mug Set,Home,1,5.99,East
ORD-03211,2026-06-23,ST-022,SKU-BE-003,Shampoo 400ml,Beauty,2,3.49,West
ORD-01012,2026-04-04,ST-022,SKU-ST-001,Notebook A5 Ruled,Stationery,4,1.29,West
ORD-04676,2026-08-14,ST-022,SKU-BE-001,Aloe Vera Gel 200ml,Beauty,1,2.49,East
ORD-02921,2026-06-13,ST-010,SKU-GR-002,Green Tea Box 25pk,Grocery,5,2.49,North
ORD-05097,2026-08-27,ST-006,SKU-GR-005,Dark Chocolate Bar,Grocery,1,1.79,South
ORD-00614,2026-03-22,ST-006,SKU-GR-004,Whole Wheat Pasta 1kg,Grocery,4,1.99,North
ORD-02657,2026-06-04,ST-016,SKU-GR-001,Organic Almonds 500g,Grocery,1,6.49,Central
ORD-01499,2026-04-22,ST-007,SKU-ST-003,Desk Organizer,Stationery,1,5.99,North
ORD-00616,2026-03-22,ST-019,SKU-EL-005,Smartwatch Band,Electronics,1,7.99,Central
ORD-04685,2026-08-14,ST-003,SKU-EL-001,Wireless Earbuds,Electronics,1,18.49,West
ORD-04650,2026-08-13,ST-018,SKU-TY-001,Wooden Puzzle Set,Toys,1,7.99,West
ORD-03555,2026-07-05,ST-015,SKU-TY-005,Remote Control Car,Toys,2,16.99,North
ORD-01540,2026/04/24,ST-006,SKU-AP-001,Cotton T-Shirt,Apparel,1,4.99,East
ORD-00178,2026-03-07,ST-003,SKU-GR-005,Dark Chocolate Bar,Grocery,1,1.79,South
ORD-00497,2026-03-18,ST-020,SKU-HM-004,Non-stick Pan 24cm,Home,5,9.99,East
ORD-03612,2026-07-07,ST-012,SKU-HM-004,Non-stick Pan 24cm,Home,5,9.99,Central
ORD-02023,2026-05-11,ST-011,SKU-GR-003,Extra Virgin Olive Oil 1L,Grocery,1,8.99,West
ORD-01289,2026-04-14,ST-022,SKU-BE-003,Shampoo 400ml,Beauty,2,3.49,South
ORD-00861,2026-03-30,ST-018,SKU-HM-002,LED Desk Lamp,Home,3,11.99,North
ORD-03308,2026-06-27,ST-004,SKU-EL-005,Smartwatch Band,Electronics,5,7.99,Central
ORD-04189,2026-07-26,ST-011,SKU-GR-004,Whole Wheat Pasta 1kg,Grocery,1,1.99,East
ORD-04140,2026-07-24,ST-020,SKU-BE-002,Sunscreen SPF 50,Beauty,4,5.49,East
ORD-03475,2026-07-03,ST-011,SKU-BE-002,Sunscreen SPF 50,Beauty,1,5.49,West
ORD-01867,2026-05-05,ST-022,SKU-GR-003,Extra Virgin Olive Oil 1L,Grocery,1,8.99,South
ORD-00370,2026-03-13,ST-014,SKU-HM-004,Non-stick Pan 24cm,Home,3,9.99,Central
ORD-01392,2026-04-18,ST-001,SKU-TY-003,Plush Bear Medium,Toys,2,6.49,South
ORD-00488,2026-03-17,ST-015,SKU-AP-004,Wool Socks 3-pack,Apparel,1,3.49,Central
ORD-03789,2026-07-13,ST-012,SKU-TY-004,Board Game Family Pack,Toys,1,14.99,North
ORD-01140,2026-04-09,ST-020,SKU-EL-001,Wireless Earbuds,Electronics,2,18.49,North
ORD-00745,2026-03-27,ST-016,SKU-EL-005,Smartwatch Band,Electronics,2,7.99,North
ORD-04084,2026-07-23,ST-024,SKU-HM-002,LED Desk Lamp,Home,1,11.99,Central
ORD-03218,2026-06-24,ST-016,SKU-HM-001,Ceramic Mug Set,Home,5,5.99,East
ORD-05095,2026-08-27,ST-009,SKU-AP-001,Cotton T-Shirt,Apparel,3,4.99,Central
ORD-00215,2026-03-08,ST-021,SKU-GR-002,Green Tea Box 25pk,Grocery,3,2.49,West
ORD-01854,2026-05-05,ST-012,SKU-HM-002,LED Desk Lamp,Home,2,11.99,South
ORD-03302,2026-06-26,ST-002,SKU-GR-004,Whole Wheat Pasta 1kg,Grocery,1,1.99,North
ORD-03953,2026-07-19,ST-006,SKU-BE-002,Sunscreen SPF 50,Beauty,2,5.49,East
ORD-04243,2026-07-28,ST-016,SKU-HM-003,Cotton Bedsheet Set,Home,4,14.99,North
ORD-00704,2026-03-25,ST-001,SKU-EL-001,Wireless Earbuds,Electronics,2,18.49,South
ORD-03388,2026-06-30,ST-008,SKU-AP-004,Wool Socks 3-pack,Apparel,1,3.49,North
ORD-03794,2026-07-13,ST-023,SKU-ST-004,Sticky Notes Set,Stationery,5,0.99,North
ORD-04368,2026-08-03,ST-015,SKU-ST-001,Notebook A5 Ruled,Stationery,4,1.29,South
ORD-03607,2026-07-07,ST-001,SKU-TY-005,Remote Control Car,Toys,2,16.99,South
ORD-02150,2026-05-16,ST-015,SKU-AP-004,Wool Socks 3-pack,Apparel,3,3.49,West
ORD-04782,2026-08-17,ST-005,SKU-HM-004,Non-stick Pan 24cm,Home,2,9.99,South
ORD-05059,2026-08-26,ST-006,SKU-AP-001,Cotton T-Shirt,Apparel,2,4.99,North
ORD-02358,2026-05-23,ST-023,SKU-HM-003,Cotton Bedsheet Set,Home,4,14.99,South
ORD-03033,2026-06-17,ST-002,SKU-ST-002,Gel Pen Pack of 10,Stationery,2,1.49,North
ORD-04699,2026-08-14,ST-016,SKU-AP-005,Rain Jacket,Apparel,1,18.99,Central
ORD-01699,2026-04-29,ST-009,SKU-HM-003,Cotton Bedsheet Set,Home,1,14.99,East
ORD-03339,2026-06-28,ST-002,SKU-EL-001,Wireless Earbuds,Electronics,5,18.49,East
ORD-02029,2026-05-11,ST-007,SKU-HM-003,Cotton Bedsheet Set,Home,1,14.99,North
ORD-03588,2026-07-06,ST-004,SKU-TY-004,Board Game Family Pack,Toys,2,14.99,Central
ORD-01730,2026-05-01,ST-024,SKU-EL-001,Wireless Earbuds,Electronics,5,18.49,North
ORD-00722,2026-03-26,ST-011,SKU-AP-005,Rain Jacket,Apparel,3,18.99,East
ORD-00621,2026-03-22,ST-003,SKU-ST-002,Gel Pen Pack of 10,Stationery,1,1.49,West
ORD-00367,2026-03-13,ST-001,SKU-EL-004,Power Bank 10000mAh,Electronics,3,12.99,East
ORD-04029,2026-07-21,ST-001,SKU-ST-004,Sticky Notes Set,Stationery,,0.99,Central
ORD-03451,2026-07-02,ST-016,SKU-HM-001,Ceramic Mug Set,Home,1,5.99,South
ORD-01859,2026-05-05,ST-017,SKU-HM-004,Non-stick Pan 24cm,Home,3,9.99,North
ORD-02609,2026-06-02,ST-010,SKU-GR-003,Extra Virgin Olive Oil 1L,Grocery,5,8.99,East
ORD-01044,2026-04-05,ST-001,SKU-GR-003,Extra Virgin Olive Oil 1L,Grocery,3,8.99,Central
ORD-03678,2026-07-10,ST-007,SKU-EL-001,Wireless Earbuds,Electronics,2,18.49,East
ORD-04763,2026-08-16,ST-016,SKU-BE-005,Lip Balm Pack of 3,Beauty,5,1.49,North
ORD-01142,2026-04-09,ST-010,SKU-GR-003,Extra Virgin Olive Oil 1L,Grocery,1,8.99,East
ORD-00656,2026-03-23,ST-016,SKU-BE-004,Hand Cream 100ml,Beauty,4,1.99,Central
ORD-00164,2026-03-06,ST-020,SKU-ST-001,Notebook A5 Ruled,Stationery,5,1.29,Central
ORD-01986,2026-05-09,ST-010,SKU-EL-001,Wireless Earbuds,Electronics,3,18.49,North
ORD-03457,2026-07-02,ST-008,SKU-TY-005,Remote Control Car,Toys,5,16.99,East
ORD-03139,2026-06-20,ST-014,SKU-HM-004,Non-stick Pan 24cm,Home,2,9.99,East
ORD-01079,2026-04-06,ST-016,SKU-BE-001,Aloe Vera Gel 200ml,Beauty,4,2.49,East
ORD-03212,2026-06-23,ST-020,SKU-ST-003,Desk Organizer,Stationery,2,5.99,Central
ORD-01608,2026-04-26,ST-003,SKU-HM-002,LED Desk Lamp,Home,3,11.99,West
ORD-00112,2026-03-04,ST-022,SKU-GR-001,Organic Almonds 500g,Grocery,2,6.49,West
ORD-02044,2026-05-11,ST-006,SKU-GR-001,Organic Almonds 500g,Grocery,5,6.49,West
ORD-04445,2026-08-05,ST-005,SKU-ST-001,Notebook A5 Ruled,Stationery,1,1.29,East
ORD-02494,2026-05-28,ST-011,SKU-AP-003,Denim Jacket,Apparel,2,23.99,West
ORD-00984,2026-04-03,ST-007,SKU-BE-003,Shampoo 400ml,Beauty,1,3.49,West
ORD-00377,2026-03-13,ST-001,SKU-GR-005,Dark Chocolate Bar,Grocery,1,1.79,West
ORD-03861,2026-07-16,ST-018,SKU-EL-001,Wireless Earbuds,Electronics,1,18.49,South
ORD-03123,2026-06-20,ST-006,SKU-ST-003,Desk Organizer,Stationery,1,5.99,East
ORD-02731,2026-06-06,ST-013,SKU-ST-002,Gel Pen Pack of 10,Stationery,2,1.49,West
ORD-00297,2026-03-10,ST-017,SKU-GR-002,Green Tea Box 25pk,Grocery,5,2.49,South
ORD-02319,2026-05-22,ST-002,SKU-BE-005,Lip Balm Pack of 3,Beauty,4,1.49,Central
ORD-04488,2026-08-07,ST-018,SKU-EL-001,Wireless Earbuds,Electronics,-5,18.49,Central
ORD-02437,2026-05-26,ST-020,SKU-BE-003,Shampoo 400ml,Beauty,1,3.49,East
ORD-02186,2026-05-17,ST-006,SKU-ST-003,Desk Organizer,Stationery,4,5.99,Central
ORD-01904,2026-05-07,ST-023,SKU-EL-001,Wireless Earbuds,Electronics,1,18.49,East
ORD-03705,2026-07-11,ST-004,SKU-TY-004,Board Game Family Pack,Toys,1,14.99,Central
ORD-01037,2026-04-05,ST-011,SKU-ST-004,Sticky Notes Set,Stationery,4,0.99,North
ORD-03576,2026-07-06,ST-017,SKU-HM-001,Ceramic Mug Set,Home,4,5.99,North
ORD-01277,2026/04/14,ST-003,SKU-BE-004,Hand Cream 100ml,Beauty,1,1.99,East
ORD-04858,2026-08-19,ST-011,SKU-BE-004,Hand Cream 100ml,Beauty,1,1.99,Central
ORD-00365,2026-03-13,ST-006,SKU-TY-002,Building Blocks 100pc,Toys,5,12.99,North
ORD-00268,2026-03-10,ST-011,SKU-HM-002,LED Desk Lamp,Home,1,11.99,Central
ORD-03107,2026-06-20,ST-004,SKU-HM-003,Cotton Bedsheet Set,Home,5,14.99,South
ORD-01926,2026-05-07,ST-017,SKU-HM-005,Storage Basket Set,Home,1,6.99,East
ORD-00905,2026-03-31,ST-023,SKU-BE-005,Lip Balm Pack of 3,Beauty,3,1.49,East
ORD-02190,2026-05-17,ST-018,SKU-GR-001,Organic Almonds 500g,Grocery,1,6.49,Central
ORD-00372,2026-03-13,ST-022,SKU-GR-002,Green Tea Box 25pk,Grocery,1,2.49,Central
ORD-03845,2026-07-15,ST-015,SKU-AP-003,Denim Jacket,Apparel,2,23.99,North
ORD-01032,2026-04-05,ST-017,SKU-AP-005,Rain Jacket,Apparel,1,18.99,Central
ORD-04494,2026-08-07,ST-011,SKU-HM-003,Cotton Bedsheet Set,Home,3,14.99,West
ORD-00916,2026-04-01,ST-007,SKU-ST-003,Desk Organizer,Stationery,1,5.99,East
ORD-04030,2026-07-21,ST-015,SKU-TY-001,Wooden Puzzle Set,Toys,3,7.99,North
ORD-02232,2026-05-19,ST-015,SKU-BE-003,Shampoo 400ml,Beauty,5,3.49,Central
ORD-02996,2026-06-15,ST-008,SKU-GR-005,Dark Chocolate Bar,Grocery,1,1.79,East
ORD-04378,2026-08-03,ST-013,SKU-GR-001,Organic Almonds 500g,Grocery,1,6.49,Central
ORD-03028,2026-06-17,ST-021,SKU-EL-005,Smartwatch Band,Electronics,2,7.99,South
ORD-04280,2026-07-30,ST-011,SKU-EL-003,Bluetooth Speaker,Electronics,3,24.99,West
ORD-00473,2026-03-17,ST-009,SKU-BE-001,Aloe Vera Gel 200ml,Beauty,4,2.49,South
ORD-00846,2026-03-30,ST-012,SKU-BE-003,Shampoo 400ml,Beauty,1,3.49,Central
ORD-01995,2026-05-09,ST-010,SKU-HM-004,Non-stick Pan 24cm,Home,2,9.99,Central
ORD-03926,2026-07-18,ST-015,SKU-ST-003,Desk Organizer,Stationery,4,5.99,West
ORD-00602,2026-03-21,ST-015,SKU-TY-003,Plush Bear Medium,Toys,5,6.49,East
ORD-01086,2026-04-07,ST-013,SKU-BE-001,Aloe Vera Gel 200ml,Beauty,5,2.49,West
ORD-04852,2026-08-19,ST-002,SKU-GR-005,Dark Chocolate Bar,Grocery,2,1.79,West
ORD-04487,2026-08-07,ST-014,SKU-HM-003,Cotton Bedsheet Set,Home,2,14.99,Central
ORD-02753,2026-06-07,ST-011,SKU-TY-004,Board Game Family Pack,Toys,,14.99,West
ORD-04706,2026-08-14,ST-005,SKU-AP-005,Rain Jacket,Apparel,3,18.99,Central
ORD-01001,2026-04-04,ST-017,SKU-HM-005,Storage Basket Set,Home,2,6.99,East
ORD-04935,2026-08-22,ST-023,SKU-TY-004,Board Game Family Pack,Toys,2,14.99,West
ORD-04262,2026-07-29,ST-013,SKU-HM-001,Ceramic Mug Set,Home,2,5.99,East
ORD-00082,2026-03-03,ST-019,SKU-AP-002,Running Shoes,Apparel,3,29.99,East
ORD-02625,2026-06-02,ST-008,SKU-AP-001,Cotton T-Shirt,Apparel,2,4.99,North
ORD-00099,2026-03-04,ST-007,SKU-ST-004,Sticky Notes Set,Stationery,5,0.99,Central
ORD-00594,2026-03-21,ST-012,SKU-EL-001,Wireless Earbuds,Electronics,1,18.49,West
ORD-00825,2026-03-29,ST-024,SKU-TY-001,Wooden Puzzle Set,Toys,1,7.99,South
ORD-02692,2026-06-05,ST-016,SKU-TY-005,Remote Control Car,Toys,1,16.99,West
ORD-04667,2026-08-13,ST-024,SKU-HM-002,LED Desk Lamp,Home,2,11.99,South
ORD-02261,2026-05-20,ST-005,SKU-EL-002,USB-C Charger 30W,Electronics,4,8.99,North
ORD-04359,2026-08-02,ST-004,SKU-AP-003,Denim Jacket,Apparel,2,23.99,South
ORD-01718,2026-04-30,ST-009,SKU-EL-005,Smartwatch Band,Electronics,1,7.99,East
ORD-00615,2026-03-22,ST-009,SKU-GR-003,Extra Virgin Olive Oil 1L,Grocery,2,8.99,Central
ORD-05027,2026-08-25,ST-018,SKU-GR-001,Organic Almonds 500g,Grocery,2,6.49,East
ORD-01489,2026-04-22,ST-004,SKU-TY-005,Remote Control Car,Toys,3,16.99,West
ORD-02658,2026-06-04,ST-005,SKU-TY-004,Board Game Family Pack,Toys,5,14.99,East
ORD-03040,2026-06-17,ST-021,SKU-AP-003,Denim Jacket,Apparel,4,23.99,East
ORD-02810,2026-06-09,ST-004,SKU-TY-003,Plush Bear Medium,Toys,2,6.49,Central
ORD-01698,2026-04-29,ST-024,SKU-AP-005,Rain Jacket,Apparel,1,18.99,West
ORD-01884,2026-05-06,ST-022,SKU-EL-005,Smartwatch Band,Electronics,1,7.99,East
ORD-04473,2026-08-06,ST-018,SKU-EL-005,Smartwatch Band,Electronics,2,7.99,West
ORD-00662,2026-03-23,ST-013,SKU-EL-004,Power Bank 10000mAh,Electronics,1,12.99,North
ORD-04893,2026-08-20,ST-021,SKU-EL-005,Smartwatch Band,Electronics,5,7.99,Central
ORD-03488,2026-07-03,ST-009,SKU-HM-004,Non-stick Pan 24cm,Home,5,9.99,West
ORD-03754,2026-07-12,ST-017,SKU-AP-004,Wool Socks 3-pack,Apparel,1,3.49,West
ORD-02552,2026-05-31,ST-004,SKU-BE-004,Hand Cream 100ml,Beauty,5,1.99,Central
ORD-00813,2026-03-28,ST-006,SKU-BE-002,Sunscreen SPF 50,Beauty,1,5.49,Central
ORD-01537,2026-04-24,ST-002,SKU-AP-003,Denim Jacket,Apparel,1,23.99,North
ORD-04363,2026-08-02,ST-019,SKU-HM-003,Cotton Bedsheet Set,Home,2,14.99,North
ORD-02197,2026-05-18,ST-007,SKU-GR-003,Extra Virgin Olive Oil 1L,Grocery,5,8.99,Central
ORD-01437,2026-04-20,ST-013,SKU-AP-005,Rain Jacket,Apparel,1,18.99,East
ORD-04100,2026-07-23,ST-023,SKU-HM-001,Ceramic Mug Set,Home,3,5.99,South
ORD-01743,2026-05-01,ST-005,SKU-BE-002,Sunscreen SPF 50,Beauty,5,5.49,Central
ORD-03640,2026-07-08,ST-021,SKU-TY-002,Building Blocks 100pc,Toys,3,12.99,South
ORD-00246,2026-03-09,ST-010,SKU-TY-001,Wooden Puzzle Set,Toys,2,7.99,West
ORD-04274,2026-07-30,ST-017,SKU-AP-004,Wool Socks 3-pack,Apparel,5,3.49,North
ORD-02173,2026-05-17,ST-022,SKU-BE-005,Lip Balm Pack of 3,Beauty,1,1.49,South
ORD-04395,2026-08-03,ST-023,SKU-HM-001,Ceramic Mug Set,Home,3,5.99,West
ORD-00273,2026-03-10,ST-004,SKU-EL-005,Smartwatch Band,Electronics,1,7.99,Central
ORD-00649,2026-03-23,ST-008,SKU-HM-002,LED Desk Lamp,Home,5,11.99,South
ORD-02896,2026-06-12,ST-005,SKU-TY-002,Building Blocks 100pc,Toys,2,12.99,South
ORD-03831,2026-07-15,ST-022,SKU-GR-003,Extra Virgin Olive Oil 1L,Grocery,,8.99,Central
ORD-04617,2026-08-11,ST-007,SKU-BE-004,Hand Cream 100ml,Beauty,2,1.99,West
ORD-03161,2026-06-21,ST-006,SKU-GR-005,Dark Chocolate Bar,Grocery,3,1.79,East
ORD-02300,2026-05-21,ST-024,SKU-TY-003,Plush Bear Medium,Toys,1,6.49,South
ORD-03651,2026-07-09,ST-010,SKU-BE-002,Sunscreen SPF 50,Beauty,1,5.49,North
ORD-05051,2026-08-26,ST-006,SKU-EL-002,USB-C Charger 30W,Electronics,4,8.99,Central
ORD-02241,2026-05-19,ST-022,SKU-ST-004,Sticky Notes Set,Stationery,3,,East
ORD-04744,2026-08-16,ST-004,SKU-ST-003,Desk Organizer,Stationery,1,5.99,South
ORD-00392,2026-03-14,ST-010,SKU-BE-003,Shampoo 400ml,Beauty,5,3.49,East
ORD-00231,2026-03-09,ST-005,SKU-EL-005,Smartwatch Band,Electronics,1,7.99,South
ORD-04155,2026-07-25,ST-016,SKU-HM-004,Non-stick Pan 24cm,Home,1,9.99,West
ORD-02647,2026-06-03,ST-003,SKU-EL-003,Bluetooth Speaker,Electronics,2,24.99,Central
ORD-02925,2026-06-13,ST-019,SKU-ST-001,Notebook A5 Ruled,Stationery,3,1.29,West
ORD-01928,2026-05-07,ST-012,SKU-AP-001,Cotton T-Shirt,Apparel,5,4.99,South
ORD-03186,2026-06-22,ST-011,SKU-TY-002,Building Blocks 100pc,Toys,2,12.99,Central
ORD-01173,2026-04-10,ST-021,SKU-GR-005,Dark Chocolate Bar,Grocery,2,1.79,East
ORD-03706,2026-07-11,ST-001,SKU-AP-001,Cotton T-Shirt,Apparel,1,4.99,East
ORD-01463,2026-04-21,ST-012,SKU-TY-004,Board Game Family Pack,Toys,1,14.99,South
ORD-04222,2026-07-28,ST-013,SKU-EL-005,Smartwatch Band,Electronics,1,7.99,West
ORD-02767,2026-06-07,ST-008,SKU-HM-004,Non-stick Pan 24cm,Home,2,9.99,Central
ORD-04786,2026-08-17,ST-004,SKU-ST-002,Gel Pen Pack of 10,Stationery,5,1.49,West
ORD-03660,2026-07-09,ST-006,SKU-AP-003,Denim Jacket,Apparel,1,23.99,North
ORD-03521,2026-07-04,ST-005,SKU-GR-002,Green Tea Box 25pk,Grocery,2,2.49,South
ORD-02742,2026-06-06,ST-024,SKU-GR-001,Organic Almonds 500g,Grocery,1,6.49,East
ORD-01158,2026-04-10,ST-005,SKU-BE-002,Sunscreen SPF 50,Beauty,1,5.49,West
ORD-01664,2026-04-28,ST-019,SKU-GR-001,Organic Almonds 500g,Grocery,1,6.49,South
ORD-00881,2026-03-31,ST-023,SKU-TY-003,Plush Bear Medium,Toys,3,6.49,East
ORD-04628,2026-08-12,ST-021,SKU-EL-004,Power Bank 10000mAh,Electronics,,12.99,Central
ORD-00554,2026-03-20,ST-010,SKU-AP-004,Wool Socks 3-pack,Apparel,1,3.49,South
ORD-01310,2026-04-15,ST-002,SKU-HM-002,LED Desk Lamp,Home,1,11.99,East
ORD-00898,2026-03-31,ST-019,SKU-TY-002,Building Blocks 100pc,Toys,2,12.99,East
ORD-04536,2026-08-09,ST-020,SKU-AP-004,Wool Socks 3-pack,Apparel,5,3.49,North
ORD-04441,2026-08-05,ST-003,SKU-BE-004,Hand Cream 100ml,Beauty,2,1.99,North
ORD-02188,2026-05-17,ST-018,SKU-HM-002,LED Desk Lamp,Home,3,11.99,West
ORD-04461,2026-08-06,ST-004,SKU-HM-003,Cotton Bedsheet Set,Home,1,14.99,East
ORD-03854,2026-07-15,ST-001,SKU-BE-004,Hand Cream 100ml,Beauty,1,1.99,Central
ORD-02220,2026-05-19,ST-014,SKU-EL-001,Wireless Earbuds,Electronics,1,18.49,East
ORD-01548,2026-04-24,ST-017,SKU-ST-001,Notebook A5 Ruled,Stationery,1,1.29,North
ORD-03383,2026-06-29,ST-017,SKU-ST-002,Gel Pen Pack of 10,Stationery,,1.49,North
ORD-03801,2026-07-14,ST-008,SKU-HM-004,Non-stick Pan 24cm,Home,2,9.99,West
ORD-01394,2026-04-18,ST-024,SKU-BE-002,Sunscreen SPF 50,Beauty,1,5.49,Central
ORD-01970,2026-05-09,ST-010,SKU-GR-003,Extra Virgin Olive Oil 1L,Grocery,3,8.99,Central
ORD-00978,2026-04-03,ST-009,SKU-AP-005,Rain Jacket,Apparel,1,18.99,North
ORD-04508,2026-08-07,ST-022,SKU-ST-004,Sticky Notes Set,Stationery,1,0.99,South
ORD-03772,2026-07-13,ST-018,SKU-HM-005,Storage Basket Set,Home,5,6.99,North
ORD-03065,2026-06-18,ST-023,SKU-HM-001,Ceramic Mug Set,Home,3,5.99,Central
ORD-02330,2026-05-22,ST-017,SKU-BE-004,Hand Cream 100ml,Beauty,5,1.99,North
ORD-01624,2026-04-27,ST-022,SKU-GR-002,Green Tea Box 25pk,Grocery,1,2.49,South
ORD-02741,2026-06-06,ST-022,SKU-HM-001,Ceramic Mug Set,Home,1,5.99,East
ORD-02673,2026-06-04,ST-005,SKU-TY-004,Board Game Family Pack,Toys,4,14.99,Central
ORD-04108,2026-07-23,ST-006,SKU-GR-004,Whole Wheat Pasta 1kg,Grocery,1,1.99,South
ORD-05041,2026-08-25,ST-009,SKU-ST-004,Sticky Notes Set,Stationery,5,0.99,South
ORD-02671,2026-06-04,ST-024,SKU-HM-003,Cotton Bedsheet Set,Home,4,14.99,West
ORD-00671,2026-03-24,ST-003,SKU-ST-004,Sticky Notes Set,Stationery,1,0.99,West
ORD-00983,2026-04-03,ST-005,SKU-ST-004,Sticky Notes Set,Stationery,4,0.99,North
ORD-02922,2026-06-13,ST-002,SKU-GR-001,Organic Almonds 500g,Grocery,3,6.49,East
ORD-01803,2026-05-03,ST-008,SKU-EL-003,Bluetooth Speaker,Electronics,1,24.99,North
ORD-02338,2026-05-22,ST-022,SKU-TY-005,Remote Control Car,Toys,2,16.99,West
ORD-04266,2026-07-29,ST-003,SKU-ST-002,Gel Pen Pack of 10,Stationery,3,1.49,East
ORD-02404,2026-05-25,ST-010,SKU-HM-002,LED Desk Lamp,Home,2,11.99,North
ORD-00043,2026-03-02,ST-023,SKU-TY-004,Board Game Family Pack,Toys,4,14.99,North
ORD-04936,2026-08-22,ST-008,SKU-GR-001,Organic Almonds 500g,Grocery,1,6.49,West
ORD-03131,2026-06-20,ST-019,SKU-HM-002,LED Desk Lamp,Home,2,11.99,North
ORD-00999,2026-04-04,ST-003,SKU-GR-002,Green Tea Box 25pk,Grocery,1,2.49,West
ORD-00871,2026-03-30,ST-011,SKU-AP-001,Cotton T-Shirt,Apparel,1,4.99,West
ORD-02246,2026-05-19,ST-007,SKU-GR-003,Extra Virgin Olive Oil 1L,Grocery,2,8.99,North
ORD-04260,2026-07-29,ST-016,SKU-TY-004,Board Game Family Pack,Toys,1,14.99,Central
ORD-00034,2026-03-02,ST-009,SKU-EL-002,USB-C Charger 30W,Electronics,2,8.99,South
ORD-02762,2026-06-07,ST-013,SKU-EL-003,Bluetooth Speaker,Electronics,5,24.99,South
ORD-03481,2026-07-03,ST-016,SKU-AP-002,Running Shoes,Apparel,4,29.99,South
ORD-00116,2026-03-04,ST-004,SKU-EL-004,Power Bank 10000mAh,Electronics,4,12.99,North
ORD-02650,2026-06-04,ST-011,SKU-GR-005,Dark Chocolate Bar,Grocery,1,1.79,North
ORD-02127,2026-05-15,ST-020,SKU-BE-002,Sunscreen SPF 50,Beauty,1,5.49,East
ORD-03564,2026-07-06,ST-018,SKU-ST-001,Notebook A5 Ruled,Stationery,1,1.29,North
ORD-00726,2026-03-26,ST-024,SKU-AP-005,Rain Jacket,Apparel,4,18.99,South
ORD-04319,2026-08-01,ST-020,SKU-ST-003,Desk Organizer,Stationery,1,5.99,North
ORD-02899,2026-06-12,ST-002,SKU-EL-001,Wireless Earbuds,Electronics,1,18.49,West
ORD-02936,2026-06-13,ST-003,SKU-EL-001,Wireless Earbuds,Electronics,2,18.49,South
ORD-01138,2026-04-09,ST-022,SKU-EL-005,Smartwatch Band,Electronics,1,7.99,South
ORD-01160,2026-04-10,ST-017,SKU-TY-004,Board Game Family Pack,Toys,3,14.99,West
ORD-04007,2026-07-20,ST-003,SKU-ST-004,Sticky Notes Set,Stationery,1,0.99,West
ORD-00048,2026-03-02,ST-022,SKU-ST-001,Notebook A5 Ruled,Stationery,4,1.29,South
ORD-00186,2026-03-07,ST-004,SKU-BE-002,Sunscreen SPF 50,Beauty,4,5.49,Central
ORD-02120,2026-05-14,ST-010,SKU-ST-004,Sticky Notes Set,Stationery,1,0.99,North
ORD-01460,2026-04-21,ST-024,SKU-ST-001,Notebook A5 Ruled,Stationery,4,1.29,South
ORD-00893,2026-03-31,ST-021,SKU-TY-002,,Toys,3,12.99,North
ORD-04245,2026-07-28,ST-013,SKU-GR-003,Extra Virgin Olive Oil 1L,Grocery,2,8.99,West
ORD-00696,2026-03-24,ST-020,SKU-AP-002,Running Shoes,Apparel,1,29.99,South
ORD-01588,2026-04-26,ST-021,SKU-ST-004,Sticky Notes Set,Stationery,1,0.99,North
ORD-01033,2026-04-05,ST-010,SKU-ST-004,Sticky Notes Set,Stationery,2,0.99,South
ORD-01647,2026-04-27,ST-004,SKU-AP-004,Wool Socks 3-pack,Apparel,1,3.49,West
ORD-04835,2026-08-19,ST-013,SKU-BE-002,Sunscreen SPF 50,Beauty,5,5.49,West
ORD-02383,2026-05-24,ST-009,SKU-BE-002,Sunscreen SPF 50,Beauty,4,5.49,South
ORD-00410,2026-03-14,ST-014,SKU-GR-005,Dark Chocolate Bar,Grocery,1,1.79,North
ORD-01235,2026-04-12,ST-011,SKU-TY-002,Building Blocks 100pc,Toys,,12.99,South
ORD-00435,2026-03-15,ST-005,SKU-EL-002,USB-C Charger 30W,Electronics,2,8.99,South
ORD-01532,2026-04-24,ST-005,SKU-HM-003,Cotton Bedsheet Set,Home,1,14.99,Central
ORD-03942,2026-07-18,ST-024,SKU-GR-001,Organic Almonds 500g,Grocery,1,6.49,Central
ORD-03686,2026-07-10,ST-020,SKU-HM-003,Cotton Bedsheet Set,Home,5,14.99,East
ORD-01023,2026-04-05,ST-003,SKU-BE-005,Lip Balm Pack of 3,Beauty,1,1.49,South
ORD-04714,2026-08-15,ST-020,SKU-HM-003,Cotton Bedsheet Set,Home,3,14.99,Central
ORD-04780,2026-08-17,ST-002,SKU-EL-002,USB-C Charger 30W,Electronics,1,8.99,North
ORD-02961,2026-06-14,ST-014,SKU-AP-001,Cotton T-Shirt,Apparel,5,4.99,East
ORD-00599,2026-03-21,ST-023,SKU-TY-004,Board Game Family Pack,Toys,2,14.99,West
ORD-04208,2026-07-27,ST-004,SKU-HM-005,Storage Basket Set,Home,1,6.99,Central
ORD-04588,2026-08-10,ST-011,SKU-ST-003,Desk Organizer,Stationery,5,5.99,North
ORD-04677,2026-08-14,ST-002,SKU-EL-003,Bluetooth Speaker,Electronics,2,24.99,East
ORD-03354,2026-06-28,ST-006,SKU-AP-002,Running Shoes,Apparel,3,29.99,South
ORD-02966,2026-06-15,ST-002,SKU-HM-003,Cotton Bedsheet Set,Home,4,14.99,West
ORD-01355,2026-04-17,ST-011,SKU-GR-003,Extra Virgin Olive Oil 1L,Grocery,4,8.99,South
ORD-03493,2026-07-04,ST-007,SKU-GR-003,Extra Virgin Olive Oil 1L,Grocery,4,8.99,West
ORD-02677,2026-06-04,ST-001,SKU-TY-002,Building Blocks 100pc,Toys,1,12.99,East
ORD-00801,2026-03-28,ST-023,SKU-TY-004,Board Game Family Pack,Toys,5,14.99,North
ORD-04980,2026-08-24,ST-024,SKU-BE-002,Sunscreen SPF 50,Beauty,3,5.49,South
ORD-02544,2026-05-30,ST-008,SKU-EL-002,USB-C Charger 30W,Electronics,1,8.99,North
ORD-01353,2026-04-17,ST-020,SKU-TY-002,Building Blocks 100pc,Toys,2,12.99,South
ORD-01623,2026-04-27,ST-010,SKU-BE-004,Hand Cream 100ml,Beauty,3,1.99,East
ORD-03280,2026-06-25,ST-003,SKU-EL-002,USB-C Charger 30W,Electronics,2,8.99,South
ORD-02710,2026-06-05,ST-021,SKU-ST-002,Gel Pen Pack of 10,Stationery,1,1.49,South
ORD-02322,2026-05-22,ST-015,SKU-BE-003,Shampoo 400ml,Beauty,2,3.49,East
ORD-00790,2026-03-28,ST-019,SKU-HM-002,LED Desk Lamp,Home,1,11.99,Central
ORD-04129,2026/07/24,ST-013,SKU-TY-005,Remote Control Car,Toys,4,16.99,North
ORD-02249,2026-05-20,ST-021,SKU-BE-001,Aloe Vera Gel 200ml,Beauty,4,2.49,South
ORD-01455,2026-04-21,ST-024,SKU-GR-005,Dark Chocolate Bar,Grocery,4,1.79,East
ORD-01146,2026-04-09,ST-003,SKU-EL-002,USB-C Charger 30W,Electronics,3,8.99,West
ORD-01450,2026-04-21,ST-005,SKU-ST-001,Notebook A5 Ruled,Stationery,3,1.29,North
ORD-01940,2026-05-08,ST-001,SKU-ST-004,Sticky Notes Set,Stationery,2,0.99,West
ORD-01321,2026-04-16,ST-012,SKU-AP-003,Denim Jacket,Apparel,4,23.99,North
ORD-03352,2026-06-28,ST-010,SKU-EL-002,USB-C Charger 30W,Electronics,2,8.99,Central
ORD-01841,2026-05-04,ST-017,SKU-HM-003,Cotton Bedsheet Set,Home,2,14.99,South
ORD-00389,2026-03-14,ST-016,SKU-BE-002,Sunscreen SPF 50,Beauty,5,5.49,Central
ORD-01203,2026-04-11,ST-006,SKU-TY-002,Building Blocks 100pc,Toys,1,12.99,North
ORD-03668,2026-07-09,ST-010,SKU-HM-005,Storage Basket Set,Home,4,6.99,North
ORD-03999,2026-07-20,ST-009,SKU-TY-005,Remote Control Car,Toys,2,16.99,West
ORD-01496,2026-04-22,ST-004,SKU-ST-002,Gel Pen Pack of 10,Stationery,4,1.49,North
ORD-03423,2026-07-01,ST-005,SKU-GR-005,Dark Chocolate Bar,Grocery,2,1.79,East
ORD-01000,2026-04-04,ST-014,SKU-BE-002,Sunscreen SPF 50,Beauty,1,5.49,East
ORD-02914,2026-06-13,ST-004,SKU-GR-004,Whole Wheat Pasta 1kg,Grocery,1,1.99,West
ORD-01653,2026-04-28,ST-018,SKU-GR-005,Dark Chocolate Bar,Grocery,1,1.79,West
ORD-02430,2026-05-25,ST-007,SKU-AP-002,Running Shoes,Apparel,1,29.99,East
ORD-02831,2026-06-10,ST-020,SKU-HM-001,Ceramic Mug Set,Home,2,5.99,East
ORD-00017,2026-03-01,ST-016,SKU-BE-004,Hand Cream 100ml,Beauty,5,1.99,South
ORD-03703,2026-07-11,ST-022,SKU-ST-003,Desk Organizer,Stationery,1,5.99,East
ORD-02066,2026-05-12,ST-021,SKU-BE-004,Hand Cream 100ml,Beauty,1,1.99,North
ORD-01474,2026-04-21,ST-018,SKU-TY-003,Plush Bear Medium,Toys,5,6.49,Central
ORD-01649,2026-04-27,ST-014,SKU-AP-004,Wool Socks 3-pack,Apparel,5,3.49,East
ORD-03985,2026-07-20,ST-019,SKU-ST-003,Desk Organizer,Stationery,2,5.99,East
ORD-04771,2026-08-16,ST-009,SKU-AP-002,Running Shoes,Apparel,1,29.99,South
ORD-03249,2026-06-25,ST-018,SKU-BE-002,Sunscreen SPF 50,Beauty,4,5.49,West
ORD-02986,2026-06-15,ST-008,SKU-BE-001,Aloe Vera Gel 200ml,Beauty,2,2.49,West
ORD-04553,2026-08-09,ST-015,SKU-GR-001,Organic Almonds 500g,Grocery,2,6.49,Central
ORD-03121,2026-06-20,ST-001,SKU-EL-004,Power Bank 10000mAh,Electronics,2,12.99,West
ORD-00113,2026-03-04,ST-016,SKU-GR-002,Green Tea Box 25pk,Grocery,1,2.49,North
ORD-00417,2026-03-14,ST-011,SKU-HM-005,Storage Basket Set,Home,1,6.99,West
ORD-03524,2026-07-04,ST-021,SKU-HM-003,Cotton Bedsheet Set,Home,3,14.99,West
ORD-04940,2026-08-22,ST-015,SKU-BE-002,Sunscreen SPF 50,Beauty,1,5.49,North
ORD-01549,2026-04-24,ST-002,SKU-AP-005,Rain Jacket,Apparel,5,18.99,West
ORD-02854,2026-06-11,ST-009,SKU-GR-001,Organic Almonds 500g,Grocery,2,6.49,North
ORD-03826,2026-07-15,ST-010,SKU-AP-003,Denim Jacket,Apparel,3,23.99,West
ORD-02825,2026-06-10,ST-014,SKU-BE-003,Shampoo 400ml,Beauty,1,3.49,South
ORD-04692,2026-08-14,ST-001,SKU-TY-005,Remote Control Car,Toys,5,16.99,South
ORD-00878,2026-03-31,ST-021,SKU-TY-003,Plush Bear Medium,Toys,3,6.49,Central
ORD-03777,2026-07-13,ST-015,SKU-BE-001,Aloe Vera Gel 200ml,Beauty,2,2.49,East
ORD-04167,2026-07-25,ST-002,SKU-AP-005,Rain Jacket,Apparel,1,18.99,East
ORD-01187,2026-04-11,ST-015,SKU-BE-005,Lip Balm Pack of 3,Beauty,4,1.49,North
ORD-05060,2026-08-26,ST-009,SKU-AP-004,Wool Socks 3-pack,Apparel,1,3.49,East
ORD-02635,2026-06-03,ST-003,SKU-EL-001,Wireless Earbuds,Electronics,2,18.49,South
ORD-00686,2026-03-24,ST-006,SKU-TY-001,Wooden Puzzle Set,Toys,3,7.99,North
ORD-03590,2026-07-06,ST-017,SKU-TY-001,Wooden Puzzle Set,Toys,2,7.99,West
ORD-00044,2026-03-02,ST-020,SKU-GR-005,Dark Chocolate Bar,Grocery,4,1.79,West
ORD-02327,2026-05-22,ST-009,SKU-GR-005,Dark Chocolate Bar,Grocery,1,1.79,East
ORD-04572,2026-08-10,ST-023,SKU-BE-003,Shampoo 400ml,Beauty,2,3.49,North
ORD-01323,2026-04-16,ST-008,SKU-AP-001,Cotton T-Shirt,Apparel,1,4.99,South
ORD-01442,2026-04-20,ST-004,SKU-TY-003,Plush Bear Medium,Toys,2,6.49,Central
ORD-05082,2026-08-27,ST-015,SKU-GR-002,Green Tea Box 25pk,Grocery,1,2.49,East
ORD-02520,2026-05-29,ST-001,SKU-ST-003,Desk Organizer,Stationery,3,5.99,East
ORD-03237,2026-06-24,ST-011,SKU-AP-003,Denim Jacket,Apparel,1,23.99,North
ORD-04326,2026-08-01,ST-018,SKU-EL-005,Smartwatch Band,Electronics,1,7.99,East
ORD-00336,2026-03-12,ST-024,SKU-ST-004,Sticky Notes Set,Stationery,5,0.99,North
ORD-03654,2026-07-09,ST-004,SKU-GR-001,Organic Almonds 500g,Grocery,1,6.49,South
ORD-02084,2026-05-13,ST-021,SKU-BE-001,Aloe Vera Gel 200ml,Beauty,3,2.49,South
ORD-03063,2026-06-18,ST-002,SKU-HM-001,Ceramic Mug Set,Home,3,5.99,East
ORD-01741,2026-05-01,ST-001,SKU-AP-002,Running Shoes,Apparel,4,29.99,West
ORD-03300,2026-06-26,ST-004,SKU-EL-005,Smartwatch Band,Electronics,1,7.99,East
ORD-03806,2026-07-14,ST-003,SKU-HM-004,Non-stick Pan 24cm,Home,5,9.99,East
ORD-03112,2026-06-20,ST-024,SKU-GR-002,Green Tea Box 25pk,Grocery,5,2.49,North
ORD-04443,2026-08-05,ST-022,SKU-HM-003,Cotton Bedsheet Set,Home,1,14.99,Central
ORD-00806,2026-03-28,ST-009,SKU-EL-004,Power Bank 10000mAh,Electronics,1,12.99,Central
ORD-02690,2026-06-05,ST-023,SKU-ST-001,Notebook A5 Ruled,Stationery,5,1.29,North
ORD-02204,2026-05-18,ST-018,SKU-AP-001,Cotton T-Shirt,Apparel,1,4.99,Central
ORD-03402,2026/06/30,ST-005,SKU-HM-001,Ceramic Mug Set,Home,5,5.99,South
ORD-01808,2026-05-03,ST-012,SKU-TY-003,Plush Bear Medium,Toys,1,6.49,Central
ORD-03126,2026-06-20,ST-013,SKU-EL-005,Smartwatch Band,Electronics,3,7.99,North
ORD-04693,2026-08-14,ST-003,SKU-BE-001,Aloe Vera Gel 200ml,Beauty,3,2.49,North
ORD-04673,2026-08-14,ST-021,SKU-TY-003,Plush Bear Medium,Toys,1,6.49,Central
ORD-03931,2026-07-18,ST-023,SKU-ST-003,Desk Organizer,Stationery,1,5.99,West
ORD-04832,2026-08-19,ST-002,SKU-ST-004,Sticky Notes Set,Stationery,1,0.99,Central
ORD-03568,2026-07-06,ST-008,SKU-TY-001,Wooden Puzzle Set,Toys,1,7.99,Central
ORD-00109,2026-03-04,ST-002,SKU-GR-003,Extra Virgin Olive Oil 1L,Grocery,1,8.99,East
ORD-04933,2026-08-22,ST-006,SKU-ST-003,Desk Organizer,Stationery,2,5.99,North
ORD-02301,2026-05-21,ST-011,SKU-ST-001,Notebook A5 Ruled,Stationery,4,1.29,East
ORD-03281,2026-06-26,ST-003,SKU-TY-002,Building Blocks 100pc,Toys,5,12.99,North
ORD-04994,2026-08-24,ST-003,SKU-EL-005,Smartwatch Band,Electronics,3,7.99,West
ORD-04391,2026-08-03,ST-002,SKU-AP-001,Cotton T-Shirt,Apparel,2,4.99,East
ORD-00728,2026-03-26,ST-013,SKU-GR-003,Extra Virgin Olive Oil 1L,Grocery,4,8.99,South
ORD-03982,2026-07-19,ST-003,SKU-AP-005,Rain Jacket,Apparel,1,18.99,West
ORD-02682,2026-06-04,ST-023,SKU-GR-002,Green Tea Box 25pk,Grocery,3,2.49,East
ORD-04948,2026-08-23,ST-022,SKU-AP-003,Denim Jacket,Apparel,1,23.99,East
ORD-01242,2026-04-13,ST-006,SKU-ST-002,Gel Pen Pack of 10,Stationery,5,1.49,North
ORD-02347,2026-05-23,ST-011,SKU-TY-005,Remote Control Car,Toys,1,16.99,East
ORD-02415,2026-05-25,ST-017,SKU-TY-005,Remote Control Car,Toys,2,16.99,Central
ORD-03655,2026-07-09,ST-002,SKU-TY-003,Plush Bear Medium,Toys,4,6.49,North
ORD-03216,2026-06-24,ST-012,SKU-AP-005,Rain Jacket,Apparel,4,18.99,West
ORD-01427,2026-04-20,ST-011,SKU-EL-001,Wireless Earbuds,Electronics,3,18.49,West
ORD-03528,2026-07-05,ST-008,SKU-BE-001,Aloe Vera Gel 200ml,Beauty,4,2.49,West
ORD-02151,2026-05-16,ST-016,SKU-TY-001,Wooden Puzzle Set,Toys,2,7.99,Central
ORD-00553,2026-03-20,ST-013,SKU-AP-002,Running Shoes,Apparel,4,29.99,South
ORD-02613,2026-06-02,ST-016,SKU-EL-003,Bluetooth Speaker,Electronics,4,24.99,North
ORD-01799,2026-05-03,ST-016,SKU-ST-003,Desk Organizer,Stationery,1,5.99,North
ORD-02874,2026-06-11,ST-012,SKU-TY-003,Plush Bear Medium,Toys,4,6.49,North
ORD-00081,2026-03-03,ST-015,SKU-AP-003,Denim Jacket,Apparel,1,23.99,West
ORD-02769,2026-06-08,ST-015,SKU-TY-001,Wooden Puzzle Set,Toys,2,7.99,West
ORD-03933,2026-07-18,ST-012,SKU-HM-004,Non-stick Pan 24cm,Home,2,9.99,South
ORD-02014,2026-05-10,ST-014,SKU-EL-003,Bluetooth Speaker,Electronics,2,24.99,East
ORD-03324,2026-06-27,ST-023,SKU-HM-002,LED Desk Lamp,Home,2,11.99,East
ORD-00876,2026-03-31,ST-005,SKU-ST-004,Sticky Notes Set,Stationery,5,0.99,West
ORD-00156,2026-03-06,ST-021,SKU-HM-003,Cotton Bedsheet Set,Home,2,14.99,Central
ORD-02228,2026-05-19,ST-002,SKU-GR-004,Whole Wheat Pasta 1kg,Grocery,5,1.99,West
ORD-02193,2026-05-17,ST-021,SKU-TY-002,Building Blocks 100pc,Toys,4,12.99,East
ORD-04898,2026-08-21,ST-015,SKU-GR-005,Dark Chocolate Bar,Grocery,1,1.79,North
ORD-00261,2026-03-09,ST-019,SKU-TY-004,Board Game Family Pack,Toys,3,14.99,Central
ORD-00693,2026-03-24,ST-003,SKU-EL-005,Smartwatch Band,Electronics,2,7.99,North
ORD-01188,2026-04-11,ST-002,SKU-GR-003,Extra Virgin Olive Oil 1L,Grocery,2,8.99,West
ORD-02289,2026-05-21,ST-024,SKU-HM-001,Ceramic Mug Set,Home,2,5.99,East
ORD-03340,2026-06-28,ST-004,SKU-HM-005,Storage Basket Set,Home,4,6.99,Central
ORD-02553,2026-05-31,ST-004,SKU-AP-003,Denim Jacket,Apparel,3,23.99,Central
ORD-02880,2026-06-12,ST-013,SKU-HM-004,Non-stick Pan 24cm,Home,1,9.99,North
ORD-00833,2026-03-29,ST-006,SKU-GR-003,Extra Virgin Olive Oil 1L,Grocery,1,8.99,South
ORD-03871,2026-07-16,ST-022,SKU-AP-004,Wool Socks 3-pack,Apparel,1,3.49,South
ORD-02394,2026-05-24,ST-016,SKU-EL-005,Smartwatch Band,Electronics,4,7.99,East
ORD-01495,2026-04-22,ST-013,SKU-BE-001,Aloe Vera Gel 200ml,Beauty,3,2.49,North
ORD-02549,2026-05-30,ST-003,SKU-BE-003,Shampoo 400ml,Beauty,2,3.49,North
ORD-03045,2026-06-17,ST-006,SKU-EL-001,Wireless Earbuds,Electronics,4,18.49,North
ORD-00251,2026-03-09,ST-015,SKU-EL-002,USB-C Charger 30W,Electronics,2,8.99,East
ORD-02341,2026-05-23,ST-001,SKU-GR-003,Extra Virgin Olive Oil 1L,Grocery,4,8.99,East
ORD-04749,2026-08-16,ST-023,SKU-GR-003,Extra Virgin Olive Oil 1L,Grocery,3,8.99,South
ORD-04273,2026-07-30,ST-022,SKU-ST-001,Notebook A5 Ruled,Stationery,3,1.29,East
ORD-00420,2026-03-15,ST-002,SKU-EL-005,Smartwatch Band,Electronics,2,7.99,Central
ORD-01172,2026-04-10,ST-002,SKU-HM-003,Cotton Bedsheet Set,Home,4,14.99,East
ORD-04170,2026-07-26,ST-011,SKU-EL-005,Smartwatch Band,Electronics,1,7.99,East
ORD-04144,2026-07-25,ST-020,SKU-HM-005,Storage Basket Set,Home,3,6.99,South
ORD-02460,2026-05-27,ST-014,SKU-AP-004,Wool Socks 3-pack,Apparel,1,3.49,South
ORD-03437,2026-07-02,ST-021,SKU-GR-005,Dark Chocolate Bar,Grocery,2,1.79,East
ORD-04736,2026-08-15,ST-023,SKU-EL-003,Bluetooth Speaker,Electronics,1,24.99,South
ORD-02550,2026-05-30,ST-009,SKU-EL-002,USB-C Charger 30W,Electronics,1,8.99,West
ORD-04418,2026-08-04,ST-008,SKU-GR-002,Green Tea Box 25pk,Grocery,1,2.49,Central
ORD-00847,2026-03-30,ST-020,SKU-BE-001,Aloe Vera Gel 200ml,Beauty,1,2.49,East
ORD-02293,2026-05-21,ST-022,SKU-EL-002,USB-C Charger 30W,Electronics,2,8.99,East
ORD-03539,2026-07-05,ST-008,SKU-GR-003,Extra Virgin Olive Oil 1L,Grocery,1,8.99,West
ORD-03238,2026-06-24,ST-017,SKU-AP-004,Wool Socks 3-pack,Apparel,2,3.49,Central
ORD-00856,2026-03-30,ST-008,SKU-AP-003,Denim Jacket,Apparel,4,23.99,West
ORD-04392,2026/08/03,ST-018,SKU-GR-002,Green Tea Box 25pk,Grocery,4,2.49,North
ORD-00020,2026-03-01,ST-012,SKU-AP-005,Rain Jacket,Apparel,2,18.99,South
ORD-03359,2026-06-28,ST-020,SKU-TY-003,Plush Bear Medium,Toys,1,6.49,North
ORD-03935,2026-07-18,ST-012,SKU-ST-002,Gel Pen Pack of 10,Stationery,1,1.49,East
ORD-00032,2026-03-01,ST-012,SKU-AP-005,Rain Jacket,Apparel,3,18.99,South
ORD-02577,2026-06-01,ST-022,SKU-EL-003,Bluetooth Speaker,Electronics,1,24.99,North
ORD-02761,2026-06-07,ST-013,SKU-ST-004,Sticky Notes Set,Stationery,3,0.99,East
ORD-02377,2026-05-24,ST-003,SKU-TY-001,Wooden Puzzle Set,Toys,5,7.99,South
ORD-00640,2026-03-23,ST-008,SKU-BE-005,Lip Balm Pack of 3,Beauty,2,1.49,South
ORD-04048,2026-07-21,ST-008,SKU-HM-003,Cotton Bedsheet Set,Home,4,14.99,Central
ORD-03194,2026-06-23,ST-012,SKU-HM-005,Storage Basket Set,Home,4,6.99,East
ORD-03544,2026-07-05,ST-003,SKU-GR-003,Extra Virgin Olive Oil 1L,Grocery,1,8.99,North
ORD-00668,2026-03-24,ST-024,SKU-TY-004,Board Game Family Pack,Toys,1,14.99,East
ORD-02130,2026-05-15,ST-024,SKU-TY-004,Board Game Family Pack,Toys,1,14.99,Central
ORD-01354,2026-04-17,ST-013,SKU-BE-002,Sunscreen SPF 50,Beauty,1,5.49,North
ORD-03041,2026-06-17,ST-007,SKU-GR-003,Extra Virgin Olive Oil 1L,Grocery,4,8.99,East
ORD-01726,2026-04-30,ST-024,SKU-AP-001,Cotton T-Shirt,Apparel,,4.99,West
ORD-02119,2026-05-14,ST-005,SKU-GR-005,Dark Chocolate Bar,Grocery,1,1.79,North
ORD-04851,2026-08-19,ST-014,SKU-BE-003,Shampoo 400ml,Beauty,4,3.49,East
ORD-03538,2026-07-05,ST-012,SKU-HM-002,LED Desk Lamp,Home,2,11.99,West
ORD-02332,2026-05-22,ST-010,SKU-BE-002,Sunscreen SPF 50,Beauty,2,5.49,Central
ORD-03102,2026-06-19,ST-007,SKU-HM-001,Ceramic Mug Set,Home,1,5.99,South
ORD-02926,2026-06-13,ST-021,SKU-GR-005,Dark Chocolate Bar,Grocery,2,1.79,North
ORD-01168,2026-04-10,ST-009,SKU-EL-004,Power Bank 10000mAh,Electronics,2,12.99,North
ORD-03410,2026-07-01,ST-012,SKU-GR-001,Organic Almonds 500g,Grocery,1,6.49,East
ORD-04291,2026-07-31,ST-019,SKU-TY-001,Wooden Puzzle Set,Toys,1,7.99,North
ORD-02370,2026-05-24,ST-016,SKU-HM-004,Non-stick Pan 24cm,Home,4,9.99,South
ORD-00872,2026-03-30,ST-008,SKU-GR-001,Organic Almonds 500g,Grocery,2,6.49,South
ORD-01748,2026-05-01,ST-019,SKU-AP-003,Denim Jacket,Apparel,1,23.99,West
ORD-03449,2026-07-02,ST-010,SKU-GR-004,Whole Wheat Pasta 1kg,Grocery,1,1.99,West
ORD-02653,2026-06-04,ST-018,SKU-AP-004,Wool Socks 3-pack,Apparel,4,3.49,West
ORD-02616,2026-06-02,ST-023,SKU-AP-001,Cotton T-Shirt,Apparel,1,4.99,West
ORD-00702,2026-03-25,ST-016,SKU-BE-003,Shampoo 400ml,Beauty,2,3.49,Central
ORD-02836,2026-06-10,ST-007,SKU-EL-005,Smartwatch Band,Electronics,3,7.99,South
ORD-02385,2026-05-24,ST-003,SKU-EL-004,Power Bank 10000mAh,Electronics,2,12.99,North
ORD-00188,2026-03-07,ST-021,SKU-TY-004,Board Game Family Pack,Toys,4,14.99,Central
ORD-00147,2026-03-06,ST-022,SKU-ST-001,,Stationery,2,1.29,South
ORD-02826,2026-06-10,ST-021,SKU-AP-005,Rain Jacket,Apparel,1,18.99,South
ORD-00636,2026-03-22,ST-002,SKU-BE-001,Aloe Vera Gel 200ml,Beauty,5,2.49,Central
ORD-03737,2026-07-12,ST-021,SKU-ST-003,Desk Organizer,Stationery,1,5.99,East
ORD-00241,2026-03-09,ST-004,SKU-BE-003,Shampoo 400ml,Beauty,3,3.49,North
ORD-01255,2026-04-13,ST-024,SKU-TY-002,Building Blocks 100pc,Toys,5,12.99,South
ORD-00470,2026-03-17,ST-017,SKU-GR-002,Green Tea Box 25pk,Grocery,4,2.49,South
ORD-04196,2026-07-27,ST-001,SKU-TY-002,Building Blocks 100pc,Toys,4,12.99,South
ORD-02956,2026-06-14,ST-004,SKU-BE-001,Aloe Vera Gel 200ml,Beauty,5,2.49,Central
ORD-01517,2026-04-23,ST-002,SKU-ST-004,Sticky Notes Set,Stationery,1,0.99,West
ORD-00605,2026-03-21,ST-006,SKU-EL-005,Smartwatch Band,Electronics,4,7.99,Central
ORD-05055,2026-08-26,ST-008,SKU-EL-002,USB-C Charger 30W,Electronics,1,8.99,Central
ORD-00476,2026-03-17,ST-003,SKU-BE-005,Lip Balm Pack of 3,Beauty,2,1.49,Central
ORD-01253,2026-04-13,ST-011,SKU-ST-003,Desk Organizer,Stationery,2,5.99,South
ORD-02785,2026-06-08,ST-023,SKU-TY-001,Wooden Puzzle Set,Toys,4,7.99,South
ORD-04847,2026-08-19,ST-013,SKU-TY-005,Remote Control Car,Toys,1,16.99,North
ORD-00628,2026-03-22,ST-017,SKU-AP-005,Rain Jacket,Apparel,1,18.99,Central
ORD-04530,2026-08-08,ST-023,SKU-EL-003,Bluetooth Speaker,Electronics,1,24.99,Central
ORD-04976,2026-08-23,ST-016,SKU-EL-002,USB-C Charger 30W,Electronics,1,8.99,Central
ORD-04377,2026-08-03,ST-021,SKU-TY-005,Remote Control Car,Toys,5,16.99,North
ORD-03585,2026-07-06,ST-021,SKU-EL-002,USB-C Charger 30W,Electronics,1,8.99,Central
ORD-02739,2026-06-06,ST-017,SKU-HM-005,Storage Basket Set,Home,1,6.99,South
ORD-03498,2026-07-04,ST-011,SKU-AP-002,Running Shoes,Apparel,5,29.99,South
ORD-04722,2026-08-15,ST-002,SKU-HM-003,Cotton Bedsheet Set,Home,1,14.99,Central
ORD-02323,2026-05-22,ST-015,SKU-EL-001,Wireless Earbuds,Electronics,1,18.49,East
ORD-00461,2026-03-16,ST-014,SKU-GR-003,Extra Virgin Olive Oil 1L,Grocery,2,8.99,West
ORD-00167,2026-03-06,ST-016,SKU-GR-001,Organic Almonds 500g,Grocery,1,6.49,North
ORD-04075,2026-07-22,ST-003,SKU-ST-001,Notebook A5 Ruled,Stationery,1,1.29,Central
ORD-03303,2026-06-26,ST-019,SKU-AP-003,Denim Jacket,Apparel,1,23.99,South
ORD-03648,2026-07-08,ST-023,SKU-GR-002,Green Tea Box 25pk,Grocery,1,2.49,West
ORD-01338,2026-04-16,ST-012,SKU-AP-002,Running Shoes,Apparel,2,29.99,North
ORD-03414,2026-07-01,ST-015,SKU-HM-005,Storage Basket Set,Home,4,6.99,Central
ORD-03271,2026-06-25,ST-012,SKU-HM-005,Storage Basket Set,Home,3,6.99,South
ORD-00332,2026-03-12,ST-020,SKU-TY-003,Plush Bear Medium,Toys,4,6.49,Central
ORD-00464,2026-03-16,ST-008,SKU-TY-002,Building Blocks 100pc,Toys,3,12.99,North
ORD-03687,2026-07-10,ST-001,SKU-GR-005,Dark Chocolate Bar,Grocery,1,1.79,North
ORD-02436,2026-05-26,ST-014,SKU-AP-005,Rain Jacket,Apparel,5,18.99,South
ORD-03838,2026-07-15,ST-017,SKU-EL-004,Power Bank 10000mAh,Electronics,1,12.99,Central
ORD-03747,2026-07-12,ST-021,SKU-EL-004,Power Bank 10000mAh,Electronics,4,12.99,East
ORD-03154,2026-06-21,ST-006,SKU-AP-005,Rain Jacket,Apparel,1,18.99,East
ORD-00469,2026-03-17,ST-009,SKU-GR-003,Extra Virgin Olive Oil 1L,Grocery,3,8.99,South
ORD-02359,2026-05-23,ST-011,SKU-TY-003,Plush Bear Medium,Toys,1,6.49,North
ORD-01194,2026-04-11,ST-004,SKU-ST-003,Desk Organizer,Stationery,1,5.99,East
ORD-02049,2026-05-12,ST-010,SKU-HM-005,Storage Basket Set,Home,1,6.99,Central
ORD-03650,2026-07-08,ST-018,SKU-EL-001,Wireless Earbuds,Electronics,4,18.49,North
ORD-04229,2026-07-28,ST-018,SKU-ST-002,Gel Pen Pack of 10,Stationery,3,1.49,South
ORD-03075,2026-06-18,ST-017,SKU-HM-002,LED Desk Lamp,Home,3,11.99,West
ORD-04052,2026-07-22,ST-020,SKU-EL-005,Smartwatch Band,Electronics,3,7.99,Central
ORD-03779,2026-07-13,ST-013,SKU-HM-002,LED Desk Lamp,Home,1,11.99,Central
ORD-03837,2026-07-15,ST-010,SKU-HM-005,Storage Basket Set,Home,1,6.99,Central
ORD-00171,2026-03-07,ST-019,SKU-GR-004,Whole Wheat Pasta 1kg,Grocery,2,1.99,Central
ORD-03448,2026-07-02,ST-012,SKU-HM-003,Cotton Bedsheet Set,Home,5,14.99,Central
ORD-03796,2026-07-13,ST-019,SKU-BE-005,Lip Balm Pack of 3,Beauty,2,1.49,Central
ORD-02576,2026-06-01,ST-010,SKU-BE-004,Hand Cream 100ml,Beauty,2,1.99,West
ORD-01944,2026-05-08,ST-006,SKU-GR-003,Extra Virgin Olive Oil 1L,Grocery,1,8.99,Central
ORD-00014,2026-03-01,ST-006,SKU-TY-002,Building Blocks 100pc,Toys,2,12.99,Central
ORD-04134,2026-07-24,ST-007,SKU-EL-002,USB-C Charger 30W,Electronics,5,8.99,West
ORD-01639,2026-04-27,ST-019,SKU-ST-002,Gel Pen Pack of 10,Stationery,4,1.49,East
ORD-00232,2026-03-09,ST-016,SKU-BE-001,Aloe Vera Gel 200ml,Beauty,1,2.49,South
ORD-04145,2026-07-25,ST-012,SKU-TY-003,Plush Bear Medium,Toys,2,6.49,Central
ORD-04540,2026/08/09,ST-005,SKU-AP-001,Cotton T-Shirt,Apparel,1,4.99,North
ORD-04463,2026-08-06,ST-012,SKU-HM-003,Cotton Bedsheet Set,Home,5,14.99,North
ORD-02134,2026-05-15,ST-011,SKU-ST-004,Sticky Notes Set,Stationery,2,0.99,Central
ORD-00863,2026-03-30,ST-014,SKU-GR-005,Dark Chocolate Bar,Grocery,2,1.79,East
ORD-02939,2026-06-13,ST-013,SKU-GR-003,Extra Virgin Olive Oil 1L,Grocery,1,8.99,North
ORD-00925,2026-04-01,ST-011,SKU-TY-001,Wooden Puzzle Set,Toys,2,7.99,Central
ORD-00325,2026-03-11,ST-010,SKU-EL-001,Wireless Earbuds,Electronics,1,18.49,North
ORD-04954,2026-08-23,ST-018,SKU-HM-004,Non-stick Pan 24cm,Home,3,9.99,East
ORD-02237,2026-05-19,ST-003,SKU-GR-001,Organic Almonds 500g,Grocery,2,6.49,East
ORD-01013,2026-04-04,ST-020,SKU-TY-004,Board Game Family Pack,Toys,4,14.99,Central
ORD-05056,2026-08-26,ST-001,SKU-EL-002,USB-C Charger 30W,Electronics,3,8.99,East
ORD-00046,2026-03-02,ST-011,SKU-TY-003,Plush Bear Medium,Toys,1,6.49,West
ORD-03332,2026-06-27,ST-009,SKU-HM-002,LED Desk Lamp,Home,3,11.99,East
ORD-00767,2026-03-27,ST-014,SKU-HM-001,Ceramic Mug Set,Home,3,5.99,East
ORD-02668,2026-06-04,ST-023,SKU-HM-004,Non-stick Pan 24cm,Home,5,9.99,East
ORD-01337,2026-04-16,ST-018,SKU-GR-003,Extra Virgin Olive Oil 1L,Grocery,5,8.99,West
ORD-03731,2026-07-12,ST-021,SKU-BE-001,Aloe Vera Gel 200ml,Beauty,5,2.49,Central
ORD-03728,2026-07-11,ST-006,SKU-AP-004,Wool Socks 3-pack,Apparel,1,3.49,South
ORD-04833,2026-08-19,ST-014,SKU-ST-003,Desk Organizer,Stationery,1,5.99,Central
ORD-03166,2026-06-22,ST-008,SKU-EL-004,Power Bank 10000mAh,Electronics,1,12.99,North
ORD-03385,2026-06-29,ST-015,SKU-GR-003,Extra Virgin Olive Oil 1L,Grocery,2,8.99,Central
ORD-00436,2026-03-15,ST-024,SKU-TY-003,Plush Bear Medium,Toys,5,6.49,East
ORD-00456,2026-03-16,ST-018,SKU-EL-004,Power Bank 10000mAh,Electronics,3,12.99,West
ORD-01655,2026-04-28,ST-014,SKU-TY-004,,Toys,2,14.99,East
ORD-01379,2026-04-18,ST-011,SKU-TY-003,Plush Bear Medium,Toys,2,6.49,East
ORD-03504,2026-07-04,ST-020,SKU-EL-005,Smartwatch Band,Electronics,2,7.99,Central
ORD-03103,2026-06-19,ST-022,SKU-AP-001,Cotton T-Shirt,Apparel,4,4.99,South
ORD-01113,2026-04-08,ST-001,SKU-HM-001,Ceramic Mug Set,Home,4,5.99,North
ORD-01683,2026-04-29,ST-010,SKU-AP-002,Running Shoes,Apparel,2,29.99,North
ORD-01067,2026-04-06,ST-009,SKU-HM-002,LED Desk Lamp,Home,1,11.99,North
ORD-03739,2026-07-12,ST-021,SKU-EL-003,Bluetooth Speaker,Electronics,2,24.99,North
ORD-02712,2026-06-05,ST-003,SKU-GR-001,Organic Almonds 500g,Grocery,1,6.49,Central
ORD-01095,2026-04-07,ST-015,SKU-BE-002,Sunscreen SPF 50,Beauty,5,5.49,North
ORD-04513,2026-08-08,ST-008,SKU-BE-004,Hand Cream 100ml,Beauty,1,1.99,Central
ORD-01805,2026-05-03,ST-020,SKU-TY-002,Building Blocks 100pc,Toys,,12.99,West
ORD-04742,2026-08-15,ST-015,SKU-AP-004,Wool Socks 3-pack,Apparel,5,3.49,Central
ORD-02040,2026-05-11,ST-009,SKU-EL-004,Power Bank 10000mAh,Electronics,4,12.99,South
ORD-02664,2026-06-04,ST-019,SKU-BE-002,Sunscreen SPF 50,Beauty,4,5.49,North
ORD-02039,2026-05-11,ST-003,SKU-HM-003,Cotton Bedsheet Set,Home,1,14.99,South
ORD-01120,2026-04-08,ST-007,SKU-BE-003,Shampoo 400ml,Beauty,4,3.49,East
ORD-02867,2026-06-11,ST-021,SKU-AP-002,Running Shoes,Apparel,5,29.99,East
ORD-00733,2026-03-26,ST-004,SKU-HM-003,Cotton Bedsheet Set,Home,2,14.99,South
ORD-02171,2026-05-16,ST-011,SKU-BE-001,Aloe Vera Gel 200ml,Beauty,1,2.49,North
ORD-02959,2026-06-14,ST-001,SKU-ST-003,Desk Organizer,Stationery,4,5.99,East
ORD-00777,2026-03-27,ST-017,SKU-EL-002,USB-C Charger 30W,Electronics,2,8.99,Central
ORD-04955,2026-08-23,ST-022,SKU-EL-001,Wireless Earbuds,Electronics,1,18.49,West
ORD-01931,2026-05-07,ST-005,SKU-AP-005,Rain Jacket,Apparel,1,18.99,North
ORD-03904,2026-07-17,ST-010,SKU-BE-004,Hand Cream 100ml,Beauty,1,1.99,Central
ORD-03983,2026-07-19,ST-018,SKU-AP-004,Wool Socks 3-pack,Apparel,5,3.49,East
ORD-04825,2026-08-18,ST-013,SKU-AP-004,Wool Socks 3-pack,Apparel,1,3.49,North
ORD-03841,2026-07-15,ST-023,SKU-TY-003,Plush Bear Medium,Toys,3,6.49,West
ORD-00263,2026-03-09,ST-005,SKU-TY-005,Remote Control Car,Toys,1,16.99,East
ORD-04476,2026-08-07,ST-012,SKU-AP-005,Rain Jacket,Apparel,4,18.99,South
ORD-01767,2026-05-02,ST-019,SKU-TY-001,Wooden Puzzle Set,Toys,2,7.99,East
ORD-00949,2026-04-02,ST-020,SKU-TY-005,Remote Control Car,Toys,2,16.99,East
ORD-00911,2026-04-01,ST-003,SKU-GR-001,Organic Almonds 500g,Grocery,1,6.49,West
ORD-01776,2026-05-02,ST-008,SKU-AP-005,Rain Jacket,Apparel,1,18.99,Central
ORD-04112,2026-07-24,ST-007,SKU-EL-004,Power Bank 10000mAh,Electronics,5,12.99,West
ORD-00257,2026-03-09,ST-020,SKU-EL-005,Smartwatch Band,Electronics,1,7.99,Central
ORD-01656,2026-04-28,ST-015,SKU-TY-003,Plush Bear Medium,Toys,5,6.49,Central
ORD-00386,2026-03-14,ST-019,SKU-TY-005,Remote Control Car,Toys,2,16.99,East
ORD-04727,2026-08-15,ST-023,SKU-HM-003,Cotton Bedsheet Set,Home,1,14.99,South
ORD-01850,2026-05-05,ST-020,SKU-EL-001,Wireless Earbuds,Electronics,2,18.49,South
ORD-03487,2026-07-03,ST-002,SKU-TY-003,Plush Bear Medium,Toys,5,6.49,East
ORD-04239,2026-07-28,ST-009,SKU-BE-005,Lip Balm Pack of 3,Beauty,3,1.49,South
ORD-02468,2026-05-27,ST-022,SKU-EL-001,Wireless Earbuds,Electronics,5,18.49,North
ORD-04201,2026-07-27,ST-012,SKU-TY-002,Building Blocks 100pc,Toys,1,12.99,East
ORD-01497,2026-04-22,ST-020,SKU-EL-005,Smartwatch Band,Electronics,3,7.99,South
ORD-02943,2026-06-14,ST-004,SKU-EL-004,Power Bank 10000mAh,Electronics,4,12.99,West
ORD-04176,2026-07-26,ST-003,SKU-AP-004,Wool Socks 3-pack,Apparel,1,3.49,North
ORD-04270,2026-07-30,ST-011,SKU-ST-002,Gel Pen Pack of 10,Stationery,2,1.49,South
ORD-04502,2026-08-07,ST-006,SKU-HM-002,LED Desk Lamp,Home,1,11.99,West
ORD-03774,2026-07-13,ST-012,SKU-HM-005,Storage Basket Set,Home,1,6.99,Central
ORD-00597,2026-03-21,ST-019,SKU-GR-002,Green Tea Box 25pk,Grocery,1,2.49,East
ORD-01968,2026-05-09,ST-011,SKU-BE-002,Sunscreen SPF 50,Beauty,2,5.49,North
ORD-04068,2026-07-22,ST-015,SKU-TY-001,Wooden Puzzle Set,Toys,3,7.99,East
ORD-04051,2026-07-22,ST-016,SKU-TY-002,Building Blocks 100pc,Toys,1,12.99,East
ORD-03333,2026-06-27,ST-003,SKU-GR-004,Whole Wheat Pasta 1kg,Grocery,1,1.99,North
ORD-01551,2026-04-24,ST-011,SKU-EL-002,USB-C Charger 30W,Electronics,1,8.99,North
ORD-00431,2026-03-15,ST-015,SKU-HM-004,Non-stick Pan 24cm,Home,3,9.99,North
ORD-04057,2026-07-22,ST-019,SKU-HM-003,Cotton Bedsheet Set,Home,2,14.99,East
ORD-05094,2026-08-27,ST-012,SKU-GR-004,Whole Wheat Pasta 1kg,Grocery,4,1.99,Central
ORD-02983,2026-06-15,ST-015,SKU-AP-005,Rain Jacket,Apparel,1,18.99,South
ORD-00625,2026-03-22,ST-014,SKU-GR-003,,Grocery,4,8.99,Central
ORD-00237,2026-03-09,ST-020,SKU-GR-001,Organic Almonds 500g,Grocery,1,6.49,Central
ORD-00429,2026-03-15,ST-006,SKU-BE-002,Sunscreen SPF 50,Beauty,5,5.49,South
ORD-00820,2026-03-29,ST-002,SKU-TY-005,Remote Control Car,Toys,1,16.99,East
ORD-04035,2026-07-21,ST-017,SKU-TY-005,Remote Control Car,Toys,1,16.99,East
ORD-03447,2026-07-02,ST-015,SKU-EL-005,Smartwatch Band,Electronics,1,7.99,Central
ORD-00408,2026-03-14,ST-017,SKU-HM-002,LED Desk Lamp,Home,1,11.99,South
ORD-01204,2026-04-11,ST-010,SKU-ST-002,Gel Pen Pack of 10,Stationery,1,1.49,North
ORD-03141,2026-06-21,ST-008,SKU-BE-005,Lip Balm Pack of 3,Beauty,4,1.49,South
ORD-02985,2026-06-15,ST-006,SKU-BE-001,Aloe Vera Gel 200ml,Beauty,1,2.49,South
ORD-02198,2026-05-18,ST-008,SKU-HM-005,Storage Basket Set,Home,2,6.99,Central
ORD-02994,2026-06-15,ST-010,SKU-ST-004,Sticky Notes Set,Stationery,1,0.99,East
ORD-02801,2026-06-09,ST-006,SKU-BE-002,Sunscreen SPF 50,Beauty,2,5.49,East
ORD-04096,2026-07-23,ST-017,SKU-HM-004,Non-stick Pan 24cm,Home,1,9.99,West
ORD-02593,2026-06-01,ST-009,SKU-BE-003,Shampoo 400ml,Beauty,4,3.49,South
ORD-02233,2026-05-19,ST-016,SKU-BE-003,Shampoo 400ml,Beauty,,3.49,West
ORD-05087,2026-08-27,ST-016,SKU-HM-004,Non-stick Pan 24cm,Home,4,9.99,East
ORD-03251,2026-06-25,ST-016,SKU-AP-004,Wool Socks 3-pack,Apparel,3,3.49,North
ORD-02060,2026-05-12,ST-007,SKU-ST-004,Sticky Notes Set,Stationery,5,0.99,North
ORD-00491,2026-03-17,ST-010,SKU-TY-001,,Toys,5,7.99,West
ORD-01622,2026-04-27,ST-005,SKU-BE-001,Aloe Vera Gel 200ml,Beauty,1,2.49,South
ORD-00947,2026-04-02,ST-015,SKU-HM-004,Non-stick Pan 24cm,Home,1,9.99,East
ORD-02271,2026-05-20,ST-007,SKU-TY-005,Remote Control Car,Toys,1,16.99,North
ORD-00437,2026-03-15,ST-013,SKU-AP-003,Denim Jacket,Apparel,1,23.99,North
ORD-00538,2026-03-19,ST-006,SKU-ST-001,Notebook A5 Ruled,Stationery,2,1.29,Central
ORD-02125,2026-05-15,ST-007,SKU-AP-002,Running Shoes,Apparel,2,29.99,West
ORD-04456,2026/08/06,ST-001,SKU-TY-002,Building Blocks 100pc,Toys,2,12.99,East
ORD-02978,2026-06-15,ST-022,SKU-HM-003,Cotton Bedsheet Set,Home,1,14.99,Central
ORD-03379,2026-06-29,ST-007,SKU-ST-003,Desk Organizer,Stationery,1,5.99,East
ORD-01316,2026-04-15,ST-017,SKU-AP-001,Cotton T-Shirt,Apparel,1,4.99,North
ORD-02796,2026-06-08,ST-024,SKU-ST-003,Desk Organizer,Stationery,2,5.99,East
ORD-02610,2026-06-02,ST-013,SKU-HM-004,Non-stick Pan 24cm,Home,3,9.99,Central
ORD-01103,2026-04-07,ST-002,SKU-GR-005,Dark Chocolate Bar,Grocery,1,1.79,North
ORD-01955,2026-05-08,ST-023,SKU-TY-001,Wooden Puzzle Set,Toys,1,7.99,North
ORD-01440,2026-04-20,ST-006,SKU-TY-002,Building Blocks 100pc,Toys,4,12.99,West
ORD-02624,2026-06-02,ST-019,SKU-GR-004,Whole Wheat Pasta 1kg,Grocery,3,1.99,South
ORD-02335,2026-05-22,ST-002,SKU-HM-005,Storage Basket Set,Home,1,6.99,North
ORD-02094,2026-05-13,ST-010,SKU-TY-001,Wooden Puzzle Set,Toys,1,7.99,South
ORD-01179,2026-04-10,ST-017,SKU-ST-004,Sticky Notes Set,Stationery,-1,0.99,Central
ORD-02403,2026-05-25,ST-022,SKU-GR-002,Green Tea Box 25pk,Grocery,1,2.49,North
ORD-01581,2026-04-26,ST-004,SKU-EL-004,Power Bank 10000mAh,Electronics,2,12.99,Central
ORD-03529,2026-07-05,ST-004,SKU-GR-001,Organic Almonds 500g,Grocery,1,6.49,South
ORD-01784,2026-05-02,ST-015,SKU-HM-002,LED Desk Lamp,Home,2,11.99,West
ORD-00683,2026-03-24,ST-010,SKU-TY-005,Remote Control Car,Toys,5,16.99,North
ORD-02419,2026-05-25,ST-006,SKU-ST-004,Sticky Notes Set,Stationery,1,0.99,South
ORD-01062,2026-04-06,ST-008,SKU-TY-001,Wooden Puzzle Set,Toys,1,7.99,South
ORD-04665,2026-08-13,ST-023,SKU-AP-005,Rain Jacket,Apparel,1,18.99,South
ORD-03692,2026-07-10,ST-001,SKU-GR-003,Extra Virgin Olive Oil 1L,Grocery,2,8.99,South
ORD-02963,2026-06-14,ST-004,SKU-TY-005,Remote Control Car,Toys,5,16.99,South
ORD-04649,2026-08-13,ST-022,SKU-GR-001,Organic Almonds 500g,Grocery,5,6.49,Central
ORD-02281,2026-05-21,ST-001,SKU-ST-002,Gel Pen Pack of 10,Stationery,2,1.49,South
ORD-01753,2026-05-01,ST-022,SKU-EL-004,Power Bank 10000mAh,Electronics,5,12.99,West
ORD-01925,2026-05-07,ST-005,SKU-ST-003,Desk Organizer,Stationery,5,5.99,North
ORD-00706,2026-03-25,ST-024,SKU-HM-001,Ceramic Mug Set,Home,1,5.99,South
ORD-01860,2026-05-05,ST-005,SKU-AP-003,Denim Jacket,Apparel,4,23.99,West
ORD-03051,2026-06-18,ST-015,SKU-GR-003,Extra Virgin Olive Oil 1L,Grocery,2,8.99,East
ORD-03540,2026-07-05,ST-020,SKU-HM-002,LED Desk Lamp,Home,1,11.99,West
ORD-02704,2026-06-05,ST-001,SKU-AP-003,Denim Jacket,Apparel,1,23.99,West
ORD-01226,2026-04-12,ST-008,SKU-HM-004,Non-stick Pan 24cm,Home,2,9.99,South
ORD-02533,2026-05-30,ST-015,SKU-ST-001,Notebook A5 Ruled,Stationery,2,1.29,North
ORD-00629,2026-03-22,ST-024,SKU-GR-003,Extra Virgin Olive Oil 1L,Grocery,3,8.99,South
ORD-03128,2026-06-20,ST-022,SKU-TY-002,Building Blocks 100pc,Toys,1,12.99,South
ORD-04283,2026-07-30,ST-003,SKU-AP-005,Rain Jacket,Apparel,1,18.99,South
ORD-00691,2026-03-24,ST-012,SKU-AP-003,Denim Jacket,Apparel,1,23.99,East
ORD-02564,2026-05-31,ST-013,SKU-BE-004,Hand Cream 100ml,Beauty,5,1.99,Central
ORD-01515,2026-04-23,ST-017,SKU-TY-004,Board Game Family Pack,Toys,2,14.99,West
ORD-01646,2026-04-27,ST-011,SKU-GR-001,Organic Almonds 500g,Grocery,3,6.49,South
ORD-03231,2026/06/24,ST-001,SKU-GR-004,Whole Wheat Pasta 1kg,Grocery,1,1.99,West
ORD-02267,2026-05-20,ST-023,SKU-EL-001,Wireless Earbuds,Electronics,5,18.49,West
ORD-00498,2026-03-18,ST-012,SKU-AP-005,Rain Jacket,Apparel,2,18.99,Central
ORD-01466,2026-04-21,ST-008,SKU-TY-001,Wooden Puzzle Set,Toys,2,7.99,North
ORD-01643,2026-04-27,ST-007,SKU-AP-004,Wool Socks 3-pack,Apparel,2,3.49,Central
ORD-04200,2026-07-27,ST-006,SKU-BE-003,Shampoo 400ml,Beauty,5,3.49,South
ORD-03456,2026-07-02,ST-023,SKU-EL-003,Bluetooth Speaker,Electronics,1,24.99,North
ORD-00610,2026-03-21,ST-004,SKU-BE-003,Shampoo 400ml,Beauty,5,3.49,North
ORD-02283,2026-05-21,ST-011,SKU-HM-003,Cotton Bedsheet Set,Home,2,14.99,Central
ORD-04122,2026/07/24,ST-014,SKU-ST-001,Notebook A5 Ruled,Stationery,2,1.29,East
ORD-03077,2026-06-19,ST-002,SKU-AP-004,Wool Socks 3-pack,Apparel,5,3.49,East
ORD-01130,2026-04-08,ST-019,SKU-EL-001,Wireless Earbuds,Electronics,5,18.49,East
ORD-03950,2026-07-19,ST-015,SKU-EL-005,Smartwatch Band,Electronics,2,7.99,South
ORD-02239,2026-05-19,ST-006,SKU-HM-005,Storage Basket Set,Home,1,6.99,South
ORD-03350,2026-06-28,ST-014,SKU-AP-001,Cotton T-Shirt,Apparel,1,4.99,West
ORD-00227,2026-03-08,ST-023,SKU-BE-004,Hand Cream 100ml,Beauty,1,1.99,North
ORD-03961,2026-07-19,ST-008,SKU-EL-004,Power Bank 10000mAh,Electronics,1,12.99,Central
ORD-00158,2026-03-06,ST-016,SKU-TY-004,Board Game Family Pack,Toys,1,14.99,North
ORD-02391,2026-05-24,ST-022,SKU-ST-001,Notebook A5 Ruled,Stationery,1,1.29,Central
ORD-02912,2026-06-13,ST-001,SKU-BE-004,Hand Cream 100ml,Beauty,1,1.99,North
ORD-00304,2026-03-11,ST-004,SKU-ST-001,Notebook A5 Ruled,Stationery,5,1.29,Central
ORD-01947,2026-05-08,ST-012,SKU-EL-001,Wireless Earbuds,Electronics,1,18.49,West
ORD-01127,2026-04-08,ST-014,SKU-TY-005,Remote Control Car,Toys,1,16.99,South
ORD-01828,2026-05-04,ST-011,SKU-GR-005,Dark Chocolate Bar,Grocery,5,1.79,South
ORD-00375,2026-03-13,ST-012,SKU-BE-003,Shampoo 400ml,Beauty,1,3.49,South
ORD-02568,2026-05-31,ST-014,SKU-EL-005,Smartwatch Band,Electronics,2,7.99,North
ORD-02302,2026-05-21,ST-024,SKU-EL-004,Power Bank 10000mAh,Electronics,1,12.99,West
ORD-02081,2026-05-13,ST-019,SKU-ST-004,Sticky Notes Set,Stationery,1,0.99,Central
ORD-04538,2026-08-09,ST-005,SKU-ST-004,Sticky Notes Set,Stationery,1,0.99,Central
ORD-01964,2026-05-08,ST-001,SKU-AP-004,Wool Socks 3-pack,Apparel,1,3.49,South
ORD-01661,2026-04-28,ST-023,SKU-ST-001,Notebook A5 Ruled,Stationery,5,1.29,South
ORD-01893,2026-05-06,ST-020,SKU-ST-004,Sticky Notes Set,Stationery,4,0.99,West
ORD-00133,2026-03-05,ST-024,SKU-BE-005,Lip Balm Pack of 3,Beauty,2,1.49,North
ORD-00162,2026-03-06,ST-010,SKU-EL-002,USB-C Charger 30W,Electronics,4,8.99,West
ORD-03092,2026-06-19,ST-022,SKU-AP-005,Rain Jacket,Apparel,1,18.99,East
ORD-03336,2026-06-27,ST-006,SKU-HM-002,LED Desk Lamp,Home,1,11.99,Central
ORD-00002,2026-03-01,ST-009,SKU-BE-001,Aloe Vera Gel 200ml,Beauty,3,2.49,South
ORD-02512,2026-05-29,ST-017,SKU-ST-003,Desk Organizer,Stationery,1,5.99,Central
ORD-02454,2026-05-26,ST-012,SKU-EL-001,Wireless Earbuds,Electronics,2,18.49,East
ORD-01298,2026-04-15,ST-010,SKU-TY-004,Board Game Family Pack,Toys,2,14.99,West
ORD-04381,2026-08-03,ST-015,SKU-HM-001,Ceramic Mug Set,Home,1,5.99,North
ORD-00769,2026-03-27,ST-019,SKU-EL-003,Bluetooth Speaker,Electronics,3,24.99,West
ORD-00180,2026-03-07,ST-006,SKU-EL-002,USB-C Charger 30W,Electronics,4,8.99,Central
ORD-00507,2026-03-18,ST-018,SKU-EL-001,Wireless Earbuds,Electronics,4,18.49,East
ORD-04589,2026-08-10,ST-017,SKU-TY-004,Board Game Family Pack,Toys,5,14.99,South
ORD-01972,2026-05-09,ST-005,SKU-GR-002,Green Tea Box 25pk,Grocery,1,2.49,North
ORD-02103,2026-05-14,ST-014,SKU-ST-001,Notebook A5 Ruled,Stationery,1,1.29,North
ORD-03551,2026-07-05,ST-012,SKU-AP-001,Cotton T-Shirt,Apparel,1,4.99,East
ORD-02131,2026-05-15,ST-012,SKU-AP-003,Denim Jacket,Apparel,1,23.99,East
ORD-03624,2026-07-08,ST-022,SKU-HM-004,Non-stick Pan 24cm,Home,1,9.99,South
ORD-03219,2026-06-24,ST-002,SKU-AP-001,Cotton T-Shirt,Apparel,2,4.99,Central
ORD-01586,2026-04-26,ST-011,SKU-TY-004,Board Game Family Pack,Toys,1,14.99,Central
ORD-04031,2026-07-21,ST-010,SKU-TY-001,Wooden Puzzle Set,Toys,4,7.99,North
ORD-02030,2026-05-11,ST-005,SKU-HM-003,Cotton Bedsheet Set,Home,5,14.99,North
ORD-04867,2026-08-20,ST-014,SKU-TY-001,Wooden Puzzle Set,Toys,1,7.99,North
ORD-01243,2026-04-13,ST-020,SKU-BE-004,Hand Cream 100ml,Beauty,4,1.99,East
ORD-04019,2026-07-20,ST-002,SKU-BE-001,Aloe Vera Gel 200ml,Beauty,2,2.49,North
ORD-02793,2026-06-08,ST-011,SKU-HM-002,LED Desk Lamp,Home,1,11.99,East
ORD-01913,2026-05-07,ST-023,SKU-AP-003,Denim Jacket,Apparel,2,23.99,West
ORD-01754,2026-05-01,ST-007,SKU-TY-005,Remote Control Car,Toys,2,16.99,East
ORD-03827,2026-07-15,ST-006,SKU-BE-003,Shampoo 400ml,Beauty,1,3.49,West
ORD-01164,2026-04-10,ST-013,SKU-ST-003,Desk Organizer,Stationery,1,5.99,Central
ORD-01276,2026-04-14,ST-012,SKU-GR-001,Organic Almonds 500g,Grocery,2,6.49,Central
ORD-00293,2026-03-10,ST-001,SKU-AP-004,Wool Socks 3-pack,Apparel,3,3.49,South
ORD-03614,2026-07-07,ST-006,SKU-EL-004,Power Bank 10000mAh,Electronics,1,12.99,North
ORD-00143,2026-03-05,ST-006,SKU-AP-001,Cotton T-Shirt,Apparel,1,4.99,West
ORD-00516,2026-03-18,ST-007,SKU-AP-002,Running Shoes,Apparel,1,29.99,Central
ORD-03631,2026-07-08,ST-021,SKU-GR-004,Whole Wheat Pasta 1kg,Grocery,4,1.99,Central
ORD-04329,2026-08-01,ST-003,SKU-TY-002,Building Blocks 100pc,Toys,1,12.99,East
ORD-01665,2026-04-28,ST-005,SKU-ST-001,Notebook A5 Ruled,Stationery,4,1.29,Central
ORD-01506,2026-04-22,ST-009,SKU-GR-001,Organic Almonds 500g,Grocery,4,6.49,West
ORD-04625,2026-08-12,ST-019,SKU-EL-003,Bluetooth Speaker,Electronics,1,24.99,East
ORD-01273,2026-04-14,ST-019,SKU-AP-002,Running Shoes,Apparel,2,29.99,East
ORD-03885,2026-07-16,ST-023,SKU-ST-004,Sticky Notes Set,Stationery,2,0.99,South
ORD-04556,2026-08-09,ST-003,SKU-ST-004,Sticky Notes Set,Stationery,2,0.99,East
ORD-03224,2026-06-24,ST-023,SKU-ST-004,Sticky Notes Set,Stationery,1,0.99,West
ORD-05044,2026-08-25,ST-003,SKU-HM-003,Cotton Bedsheet Set,Home,3,14.99,South
ORD-03627,2026-07-08,ST-005,SKU-GR-003,Extra Virgin Olive Oil 1L,Grocery,5,8.99,South
ORD-01522,2026-04-23,ST-021,SKU-BE-003,Shampoo 400ml,Beauty,2,3.49,Central
ORD-02642,2026-06-03,ST-014,SKU-AP-005,Rain Jacket,Apparel,2,18.99,Central
ORD-01376,2026-04-17,ST-002,SKU-AP-004,Wool Socks 3-pack,Apparel,2,3.49,North
ORD-01144,2026-04-09,ST-017,SKU-EL-004,Power Bank 10000mAh,Electronics,2,12.99,West
ORD-03004,2026-06-16,ST-001,SKU-ST-002,Gel Pen Pack of 10,Stationery,3,1.49,North
ORD-02062,2026-05-12,ST-018,SKU-GR-003,Extra Virgin Olive Oil 1L,Grocery,2,8.99,South
ORD-02021,2026-05-11,ST-017,SKU-EL-001,Wireless Earbuds,Electronics,4,18.49,Central
ORD-03603,2026-07-07,ST-019,SKU-EL-005,Smartwatch Band,Electronics,5,7.99,North
ORD-01615,2026-04-27,ST-023,SKU-BE-003,Shampoo 400ml,Beauty,5,3.49,North
ORD-04210,2026-07-27,ST-003,SKU-TY-005,Remote Control Car,Toys,1,16.99,North
ORD-03535,2026-07-05,ST-011,SKU-GR-001,Organic Almonds 500g,Grocery,1,6.49,East
ORD-00543,2026-03-19,ST-020,SKU-BE-004,Hand Cream 100ml,Beauty,1,1.99,North
ORD-01206,2026-04-11,ST-007,SKU-AP-002,Running Shoes,Apparel,2,29.99,East
ORD-03250,2026-06-25,ST-022,SKU-ST-003,Desk Organizer,Stationery,,5.99,West
ORD-00672,2026-03-24,ST-020,SKU-GR-004,Whole Wheat Pasta 1kg,Grocery,,1.99,South
ORD-01609,2026-04-26,ST-019,SKU-TY-001,Wooden Puzzle Set,Toys,2,7.99,South
ORD-04050,2026-07-22,ST-008,SKU-AP-002,Running Shoes,Apparel,1,29.99,East
ORD-01680,2026-04-29,ST-012,SKU-BE-002,Sunscreen SPF 50,Beauty,2,5.49,North
ORD-00223,2026-03-08,ST-009,SKU-EL-005,Smartwatch Band,Electronics,2,7.99,East
ORD-01102,2026-04-07,ST-016,SKU-BE-004,Hand Cream 100ml,Beauty,3,1.99,North
ORD-02530,2026-05-29,ST-021,SKU-AP-003,Denim Jacket,Apparel,1,23.99,East
ORD-04866,2026-08-20,ST-013,SKU-TY-005,Remote Control Car,Toys,2,16.99,Central
ORD-02562,2026-05-31,ST-024,SKU-ST-001,Notebook A5 Ruled,Stationery,4,1.29,Central
ORD-01719,2026-04-30,ST-019,SKU-TY-002,Building Blocks 100pc,Toys,1,12.99,West
ORD-03556,2026-07-05,ST-009,SKU-EL-004,Power Bank 10000mAh,Electronics,1,12.99,West
ORD-00936,2026-04-01,ST-012,SKU-GR-003,Extra Virgin Olive Oil 1L,Grocery,1,8.99,East
ORD-04324,2026-08-01,ST-021,SKU-EL-005,Smartwatch Band,Electronics,5,7.99,East
ORD-03506,2026-07-04,ST-004,SKU-BE-002,Sunscreen SPF 50,Beauty,1,5.49,North
ORD-04474,2026-08-06,ST-023,SKU-BE-003,Shampoo 400ml,Beauty,2,3.49,South
ORD-04454,2026-08-06,ST-014,SKU-HM-004,Non-stick Pan 24cm,Home,-5,9.99,West
ORD-01894,2026-05-06,ST-012,SKU-GR-002,Green Tea Box 25pk,Grocery,3,2.49,Central
ORD-03315,2026-06-27,ST-007,SKU-EL-003,Bluetooth Speaker,Electronics,3,24.99,South
ORD-02024,2026-05-11,ST-004,SKU-GR-005,Dark Chocolate Bar,Grocery,1,1.79,Central
ORD-03563,2026-07-06,ST-016,SKU-AP-001,Cotton T-Shirt,Apparel,2,4.99,North
ORD-02888,2026-06-12,ST-023,SKU-BE-005,Lip Balm Pack of 3,Beauty,1,1.49,West
ORD-00943,2026-04-02,ST-005,SKU-TY-002,Building Blocks 100pc,Toys,1,12.99,South
ORD-03412,2026-07-01,ST-022,SKU-EL-003,Bluetooth Speaker,Electronics,2,24.99,South
ORD-01107,2026-04-07,ST-023,SKU-EL-002,USB-C Charger 30W,Electronics,1,8.99,North
ORD-02852,2026-06-10,ST-014,SKU-HM-001,Ceramic Mug Set,Home,-5,5.99,East
ORD-00174,2026-03-07,ST-003,SKU-EL-005,Smartwatch Band,Electronics,3,7.99,North
ORD-03197,2026-06-23,ST-003,SKU-GR-004,Whole Wheat Pasta 1kg,Grocery,1,1.99,East
ORD-01404,2026-04-19,ST-013,SKU-AP-002,Running Shoes,Apparel,1,29.99,West
ORD-03825,2026-07-15,ST-023,SKU-ST-004,Sticky Notes Set,Stationery,5,0.99,South
ORD-00832,2026-03-29,ST-007,SKU-AP-003,Denim Jacket,Apparel,1,23.99,Central
ORD-03919,2026-07-17,ST-023,SKU-HM-001,Ceramic Mug Set,Home,5,5.99,West
ORD-01301,2026-04-15,ST-024,SKU-EL-005,Smartwatch Band,Electronics,2,7.99,East
ORD-01042,2026-04-05,ST-020,SKU-AP-005,Rain Jacket,Apparel,2,18.99,East
ORD-04256,2026-07-29,ST-021,SKU-AP-001,Cotton T-Shirt,Apparel,5,4.99,West
ORD-03685,2026-07-10,ST-014,SKU-BE-001,Aloe Vera Gel 200ml,Beauty,2,2.49,East
ORD-04005,2026-07-20,ST-016,SKU-AP-001,Cotton T-Shirt,Apparel,1,4.99,North
ORD-04054,2026-07-22,ST-018,SKU-HM-004,Non-stick Pan 24cm,Home,2,9.99,West
ORD-04430,2026-08-05,ST-006,SKU-HM-001,Ceramic Mug Set,Home,2,5.99,South
ORD-00152,2026-03-06,ST-009,SKU-TY-001,Wooden Puzzle Set,Toys,1,7.99,Central
ORD-02315,2026-05-22,ST-024,SKU-AP-003,Denim Jacket,Apparel,4,23.99,North
ORD-00148,2026-03-06,ST-024,SKU-GR-002,Green Tea Box 25pk,Grocery,2,2.49,North
ORD-04871,2026-08-20,ST-015,SKU-AP-002,Running Shoes,Apparel,4,29.99,West
ORD-01020,2026-04-04,ST-013,SKU-TY-003,Plush Bear Medium,Toys,3,6.49,West
ORD-03380,2026-06-29,ST-012,SKU-ST-001,Notebook A5 Ruled,Stationery,1,1.29,East
ORD-00870,2026-03-30,ST-019,SKU-ST-004,Sticky Notes Set,Stationery,1,0.99,West
ORD-00202,2026-03-07,ST-001,SKU-AP-004,Wool Socks 3-pack,Apparel,3,3.49,North
ORD-04078,2026-07-23,ST-006,SKU-EL-004,Power Bank 10000mAh,Electronics,1,12.99,East
ORD-02603,2026-06-02,ST-012,SKU-EL-002,USB-C Charger 30W,Electronics,4,8.99,East
ORD-04526,2026-08-08,ST-024,SKU-AP-005,Rain Jacket,Apparel,2,18.99,East
ORD-01222,2026-04-12,ST-022,SKU-BE-003,Shampoo 400ml,Beauty,2,3.49,South
ORD-00379,2026-03-13,ST-009,SKU-ST-001,Notebook A5 Ruled,Stationery,1,1.29,West
ORD-04583,2026-08-10,ST-019,SKU-TY-003,Plush Bear Medium,Toys,1,6.49,South
ORD-01082,2026-04-07,ST-021,SKU-ST-003,Desk Organizer,Stationery,4,5.99,South
ORD-03934,2026-07-18,ST-018,SKU-BE-002,Sunscreen SPF 50,Beauty,1,5.49,South
ORD-00072,2026-03-03,ST-017,SKU-AP-002,Running Shoes,Apparel,2,29.99,East
ORD-01200,2026-04-11,ST-008,SKU-GR-005,Dark Chocolate Bar,Grocery,,1.79,East
ORD-03032,2026-06-17,ST-009,SKU-EL-001,Wireless Earbuds,Electronics,1,18.49,South
ORD-03076,2026-06-19,ST-017,SKU-TY-004,Board Game Family Pack,Toys,4,14.99,South
ORD-00908,2026-03-31,ST-003,SKU-HM-005,Storage Basket Set,Home,1,6.99,South
ORD-02919,2026-06-13,ST-012,SKU-BE-003,Shampoo 400ml,Beauty,4,3.49,North
ORD-02498,2026-05-28,ST-002,SKU-GR-004,Whole Wheat Pasta 1kg,Grocery,3,1.99,Central
ORD-03264,2026-06-25,ST-021,SKU-AP-004,,Apparel,1,3.49,East
ORD-00853,2026-03-30,ST-011,SKU-AP-005,Rain Jacket,Apparel,5,18.99,East
ORD-03239,2026-06-24,ST-010,SKU-ST-003,Desk Organizer,Stationery,1,5.99,East
ORD-02802,2026-06-09,ST-003,SKU-HM-003,Cotton Bedsheet Set,Home,5,14.99,East
ORD-00919,2026-04-01,ST-024,SKU-HM-001,Ceramic Mug Set,Home,-3,5.99,South
ORD-04151,2026-07-25,ST-007,SKU-GR-004,Whole Wheat Pasta 1kg,Grocery,1,1.99,East
ORD-04227,2026-07-28,ST-003,SKU-AP-002,Running Shoes,Apparel,1,29.99,North
ORD-01922,2026-05-07,ST-002,SKU-ST-002,Gel Pen Pack of 10,Stationery,1,1.49,North
ORD-02123,2026-05-15,ST-023,SKU-ST-002,Gel Pen Pack of 10,Stationery,1,1.49,West
ORD-03176,2026-06-22,ST-023,SKU-ST-003,Desk Organizer,Stationery,5,5.99,West
ORD-02229,2026-05-19,ST-012,SKU-EL-003,Bluetooth Speaker,Electronics,4,24.99,East
ORD-02264,2026-05-20,ST-003,SKU-HM-001,Ceramic Mug Set,Home,5,5.99,East
ORD-02175,2026-05-17,ST-010,SKU-HM-001,Ceramic Mug Set,Home,5,5.99,South
ORD-00931,2026-04-01,ST-007,SKU-GR-001,Organic Almonds 500g,Grocery,3,6.49,West
ORD-00192,2026-03-07,ST-001,SKU-EL-001,Wireless Earbuds,Electronics,1,18.49,Central
ORD-04370,2026-08-03,ST-019,SKU-HM-005,Storage Basket Set,Home,5,6.99,North
ORD-02429,2026-05-25,ST-005,SKU-BE-002,Sunscreen SPF 50,Beauty,2,5.49,South
ORD-02516,2026-05-29,ST-011,SKU-AP-004,Wool Socks 3-pack,Apparel,1,3.49,North
ORD-00818,2026-03-29,ST-002,SKU-ST-001,Notebook A5 Ruled,Stationery,1,1.29,West
ORD-01579,2026-04-26,ST-014,SKU-AP-003,Denim Jacket,Apparel,2,23.99,South
ORD-03069,2026-06-18,ST-010,SKU-BE-002,Sunscreen SPF 50,Beauty,1,5.49,East
ORD-04829,2026-08-19,ST-016,SKU-TY-002,Building Blocks 100pc,Toys,1,12.99,South
ORD-03638,2026-07-08,ST-018,SKU-GR-001,Organic Almonds 500g,Grocery,5,6.49,North
ORD-00997,2026-04-03,ST-011,SKU-EL-005,Smartwatch Band,Electronics,3,7.99,North
ORD-04285,2026/07/30,ST-022,SKU-HM-005,Storage Basket Set,Home,2,6.99,South
ORD-02713,2026-06-05,ST-011,SKU-GR-005,Dark Chocolate Bar,Grocery,3,1.79,North
ORD-00868,2026-03-30,ST-017,SKU-AP-003,Denim Jacket,Apparel,2,23.99,East
ORD-01848,2026-05-05,ST-002,SKU-HM-005,Storage Basket Set,Home,2,6.99,South
ORD-03764,2026-07-13,ST-023,SKU-TY-002,Building Blocks 100pc,Toys,5,12.99,East
ORD-00608,2026-03-21,ST-024,SKU-AP-005,Rain Jacket,Apparel,3,18.99,East
ORD-00012,2026-03-01,ST-020,SKU-AP-001,Cotton T-Shirt,Apparel,3,4.99,Central
ORD-02918,2026-06-13,ST-006,SKU-ST-003,Desk Organizer,Stationery,1,5.99,South
ORD-02531,2026-05-30,ST-022,SKU-HM-003,Cotton Bedsheet Set,Home,1,14.99,North
ORD-02483,2026-05-28,ST-014,SKU-AP-004,Wool Socks 3-pack,Apparel,1,3.49,North
ORD-00685,2026-03-24,ST-020,SKU-HM-005,Storage Basket Set,Home,1,6.99,Central
ORD-00536,2026-03-19,ST-011,SKU-HM-002,LED Desk Lamp,Home,1,11.99,West
ORD-03990,2026-07-20,ST-006,SKU-BE-002,Sunscreen SPF 50,Beauty,2,5.49,North
ORD-01864,2026-05-05,ST-004,SKU-ST-003,Desk Organizer,Stationery,2,5.99,East
ORD-00347,2026-03-12,ST-024,SKU-EL-004,Power Bank 10000mAh,Electronics,1,12.99,West
ORD-01684,2026-04-29,ST-004,SKU-BE-005,Lip Balm Pack of 3,Beauty,3,1.49,South
ORD-02414,2026-05-25,ST-022,SKU-AP-003,Denim Jacket,Apparel,1,23.99,North
ORD-04422,2026-08-04,ST-002,SKU-ST-001,Notebook A5 Ruled,Stationery,1,1.29,North
ORD-01236,2026-04-13,ST-001,SKU-EL-005,Smartwatch Band,Electronics,5,7.99,West
ORD-00262,2026-03-09,ST-007,SKU-TY-002,Building Blocks 100pc,Toys,4,12.99,West
ORD-01667,2026-04-28,ST-013,SKU-AP-004,Wool Socks 3-pack,Apparel,1,3.49,North
ORD-00322,2026-03-11,ST-010,SKU-TY-004,Board Game Family Pack,Toys,5,14.99,North
ORD-02832,2026-06-10,ST-008,SKU-AP-005,Rain Jacket,Apparel,1,18.99,West
ORD-02405,2026-05-25,ST-019,SKU-GR-005,Dark Chocolate Bar,Grocery,5,1.79,Central
ORD-04044,2026-07-21,ST-007,SKU-GR-001,Organic Almonds 500g,Grocery,2,6.49,North
ORD-05099,2026-08-27,ST-007,SKU-BE-003,Shampoo 400ml,Beauty,5,3.49,West
ORD-01397,2026-04-18,ST-009,SKU-HM-003,Cotton Bedsheet Set,Home,2,14.99,North
ORD-04417,2026-08-04,ST-011,SKU-GR-002,Green Tea Box 25pk,Grocery,2,2.49,Central
ORD-04342,2026-08-02,ST-003,SKU-HM-003,Cotton Bedsheet Set,Home,1,14.99,South
ORD-02487,2026-05-28,ST-002,SKU-HM-005,Storage Basket Set,Home,4,6.99,West
ORD-03418,2026-07-01,ST-005,SKU-GR-005,Dark Chocolate Bar,Grocery,2,1.79,West
ORD-02416,2026-05-25,ST-013,SKU-HM-004,Non-stick Pan 24cm,Home,3,9.99,South
ORD-04152,2026-07-25,ST-017,SKU-HM-002,LED Desk Lamp,Home,3,11.99,West
ORD-01782,2026-05-02,ST-003,SKU-ST-002,Gel Pen Pack of 10,Stationery,1,1.49,West
ORD-02287,2026-05-21,ST-010,SKU-EL-005,Smartwatch Band,Electronics,5,7.99,North
ORD-04799,2026-08-17,ST-002,SKU-ST-004,Sticky Notes Set,Stationery,1,0.99,North
ORD-02929,2026-06-13,ST-017,SKU-AP-003,Denim Jacket,Apparel,1,23.99,West
ORD-01216,2026-04-12,ST-024,SKU-AP-003,Denim Jacket,Apparel,5,23.99,East
ORD-02909,2026-06-12,ST-007,SKU-GR-005,Dark Chocolate Bar,Grocery,1,1.79,Central
ORD-01716,2026-04-30,ST-005,SKU-GR-001,Organic Almonds 500g,Grocery,5,6.49,North
ORD-04784,2026-08-17,ST-018,SKU-ST-002,Gel Pen Pack of 10,Stationery,4,1.49,South
ORD-00016,2026-03-01,ST-024,SKU-HM-001,Ceramic Mug Set,Home,1,5.99,West
ORD-01590,2026-04-26,ST-021,SKU-ST-003,Desk Organizer,Stationery,1,5.99,North
ORD-01600,2026-04-26,ST-001,SKU-GR-005,Dark Chocolate Bar,Grocery,3,1.79,South
ORD-01694,2026-04-29,ST-018,SKU-GR-005,Dark Chocolate Bar,Grocery,1,1.79,East
ORD-04514,2026-08-08,ST-019,SKU-BE-003,Shampoo 400ml,Beauty,1,3.49,North
ORD-02724,2026-06-06,ST-019,SKU-GR-001,Organic Almonds 500g,Grocery,2,6.49,East
ORD-00214,2026-03-08,ST-003,SKU-EL-003,Bluetooth Speaker,Electronics,2,24.99,East
ORD-02723,2026-06-06,ST-015,SKU-BE-004,Hand Cream 100ml,Beauty,4,1.99,North
ORD-01613,2026-04-26,ST-011,SKU-AP-002,Running Shoes,Apparel,4,29.99,South
ORD-03366,2026-06-29,ST-013,SKU-TY-005,Remote Control Car,Toys,1,16.99,Central
ORD-00316,2026-03-11,ST-012,SKU-GR-003,Extra Virgin Olive Oil 1L,Grocery,5,8.99,Central
ORD-02973,2026-06-15,ST-008,SKU-AP-001,Cotton T-Shirt,Apparel,1,4.99,East
ORD-02144,2026-05-15,ST-003,SKU-BE-003,Shampoo 400ml,Beauty,1,3.49,Central
ORD-02555,2026-05-31,ST-024,SKU-EL-001,Wireless Earbuds,Electronics,3,18.49,South
ORD-01755,2026-05-01,ST-016,SKU-AP-005,Rain Jacket,Apparel,2,18.99,East
ORD-00422,2026-03-15,ST-019,SKU-EL-004,Power Bank 10000mAh,Electronics,1,12.99,West
ORD-02649,2026-06-04,ST-008,SKU-HM-004,Non-stick Pan 24cm,Home,2,9.99,East
ORD-04541,2026-08-09,ST-002,SKU-ST-004,Sticky Notes Set,Stationery,1,0.99,East
ORD-00264,2026-03-09,ST-023,SKU-TY-001,Wooden Puzzle Set,Toys,1,7.99,South
ORD-03784,2026-07-13,ST-021,SKU-EL-002,USB-C Charger 30W,Electronics,2,8.99,Central
ORD-03070,2026-06-18,ST-008,SKU-BE-004,Hand Cream 100ml,Beauty,4,1.99,East
ORD-01572,2026-04-25,ST-007,SKU-EL-002,USB-C Charger 30W,Electronics,1,8.99,South
ORD-02711,2026-06-05,ST-007,SKU-GR-005,Dark Chocolate Bar,Grocery,2,1.79,West
ORD-02380,2026-05-24,ST-017,SKU-GR-002,Green Tea Box 25pk,Grocery,1,2.49,Central
ORD-02732,2026-06-06,ST-004,SKU-GR-004,Whole Wheat Pasta 1kg,Grocery,1,1.99,South
ORD-02511,2026-05-29,ST-015,SKU-TY-002,Building Blocks 100pc,Toys,5,12.99,West
ORD-04268,2026-07-29,ST-002,SKU-BE-005,Lip Balm Pack of 3,Beauty,5,1.49,West
ORD-03279,2026-06-25,ST-020,SKU-TY-005,Remote Control Car,Toys,2,16.99,West
ORD-04686,2026-08-14,ST-009,SKU-GR-004,Whole Wheat Pasta 1kg,Grocery,1,1.99,South
ORD-02371,2026-05-24,ST-019,SKU-EL-003,Bluetooth Speaker,Electronics,2,24.99,Central
ORD-00798,2026-03-28,ST-019,SKU-EL-001,Wireless Earbuds,Electronics,2,18.49,South
ORD-03213,2026-06-23,ST-002,SKU-BE-005,Lip Balm Pack of 3,Beauty,1,1.49,Central
ORD-01141,2026-04-09,ST-018,SKU-HM-002,LED Desk Lamp,Home,1,11.99,West
ORD-00135,2026-03-05,ST-009,SKU-GR-005,Dark Chocolate Bar,Grocery,5,1.79,North
ORD-04983,2026-08-24,ST-010,SKU-AP-003,Denim Jacket,Apparel,1,23.99,West
ORD-04689,2026-08-14,ST-007,SKU-GR-002,Green Tea Box 25pk,Grocery,2,2.49,East
ORD-01060,2026-04-06,ST-017,SKU-HM-005,Storage Basket Set,Home,1,6.99,West
ORD-03342,2026-06-28,ST-023,SKU-TY-005,Remote Control Car,Toys,3,16.99,East
ORD-04663,2026-08-13,ST-024,SKU-EL-005,Smartwatch Band,Electronics,3,7.99,North
ORD-00783,2026-03-28,ST-008,SKU-AP-001,Cotton T-Shirt,Apparel,3,4.99,East
ORD-05047,2026-08-25,ST-009,SKU-GR-004,Whole Wheat Pasta 1kg,Grocery,2,1.99,Central
ORD-04554,2026-08-09,ST-022,SKU-EL-005,Smartwatch Band,Electronics,5,7.99,North
ORD-01512,2026-04-23,ST-008,SKU-GR-003,Extra Virgin Olive Oil 1L,Grocery,5,8.99,Central
ORD-00573,2026-03-20,ST-015,SKU-ST-001,Notebook A5 Ruled,Stationery,2,1.29,Central
ORD-05001,2026-08-24,ST-013,SKU-HM-005,Storage Basket Set,Home,2,6.99,Central
ORD-02665,2026-06-04,ST-008,SKU-HM-003,Cotton Bedsheet Set,Home,3,14.99,East
ORD-03646,2026-07-08,ST-013,SKU-AP-004,Wool Socks 3-pack,Apparel,1,3.49,South
ORD-02774,2026-06-08,ST-024,SKU-TY-005,Remote Control Car,Toys,1,16.99,East
ORD-00757,2026-03-27,ST-004,SKU-GR-004,Whole Wheat Pasta 1kg,Grocery,4,1.99,North
ORD-04718,2026-08-15,ST-016,SKU-EL-001,Wireless Earbuds,Electronics,2,18.49,West
ORD-03786,2026-07-13,ST-001,SKU-EL-002,USB-C Charger 30W,Electronics,3,8.99,North
ORD-02102,2026-05-13,ST-002,SKU-GR-005,Dark Chocolate Bar,Grocery,3,1.79,West
ORD-01899,2026-05-06,ST-024,SKU-HM-004,Non-stick Pan 24cm,Home,2,9.99,Central
ORD-03110,2026-06-20,ST-021,SKU-HM-002,LED Desk Lamp,Home,4,11.99,South
ORD-01436,2026-04-20,ST-011,SKU-ST-004,Sticky Notes Set,Stationery,3,0.99,East
ORD-01282,2026-04-14,ST-009,SKU-BE-003,Shampoo 400ml,Beauty,1,3.49,West
ORD-02765,2026-06-07,ST-016,SKU-TY-002,Building Blocks 100pc,Toys,2,12.99,South
ORD-04974,2026-08-23,ST-011,SKU-AP-001,Cotton T-Shirt,Apparel,1,4.99,South
ORD-05053,2026-08-26,ST-022,SKU-AP-001,Cotton T-Shirt,Apparel,2,4.99,East
ORD-02727,2026-06-06,ST-014,SKU-TY-005,Remote Control Car,Toys,4,16.99,West
ORD-04951,2026-08-23,ST-019,SKU-EL-005,Smartwatch Band,Electronics,5,7.99,North
ORD-03976,2026-07-19,ST-020,SKU-AP-001,Cotton T-Shirt,Apparel,1,4.99,East
ORD-03151,2026-06-21,ST-015,SKU-ST-002,Gel Pen Pack of 10,Stationery,2,1.49,East
ORD-02666,2026-06-04,ST-002,SKU-TY-005,Remote Control Car,Toys,1,16.99,Central
ORD-02222,2026-05-19,ST-002,SKU-BE-004,Hand Cream 100ml,Beauty,1,1.99,West
ORD-02306,2026-05-21,ST-015,SKU-ST-002,Gel Pen Pack of 10,Stationery,1,1.49,North
ORD-00906,2026-03-31,ST-008,SKU-BE-005,Lip Balm Pack of 3,Beauty,3,1.49,South
ORD-01479,2026-04-22,ST-002,SKU-GR-005,Dark Chocolate Bar,Grocery,5,1.79,West
ORD-04614,2026-08-11,ST-015,SKU-HM-004,Non-stick Pan 24cm,Home,1,9.99,North
ORD-03863,2026-07-16,ST-013,SKU-TY-002,Building Blocks 100pc,Toys,2,12.99,East
ORD-01462,2026-04-21,ST-015,SKU-EL-003,Bluetooth Speaker,Electronics,5,24.99,East
ORD-02148,2026-05-16,ST-009,SKU-EL-002,USB-C Charger 30W,Electronics,1,8.99,South
ORD-01605,2026-04-26,ST-024,SKU-ST-002,Gel Pen Pack of 10,Stationery,2,1.49,South
ORD-03011,2026-06-16,ST-013,SKU-TY-003,Plush Bear Medium,Toys,2,6.49,East
ORD-02601,2026-06-02,ST-014,SKU-EL-004,Power Bank 10000mAh,Electronics,1,12.99,West
ORD-01271,2026-04-14,ST-016,SKU-AP-003,Denim Jacket,Apparel,2,23.99,South
ORD-02822,2026-06-10,ST-019,SKU-BE-003,Shampoo 400ml,Beauty,3,3.49,Central
ORD-03604,2026-07-07,ST-019,SKU-HM-002,LED Desk Lamp,Home,1,11.99,Central
ORD-03369,2026-06-29,ST-012,SKU-ST-001,Notebook A5 Ruled,Stationery,1,1.29,West
ORD-00305,2026-03-11,ST-022,SKU-HM-005,Storage Basket Set,Home,2,6.99,North
ORD-02643,2026-06-03,ST-019,SKU-ST-003,Desk Organizer,Stationery,2,5.99,South
ORD-03741,2026-07-12,ST-002,SKU-BE-002,Sunscreen SPF 50,Beauty,5,5.49,Central
ORD-00786,2026-03-28,ST-013,SKU-HM-003,Cotton Bedsheet Set,Home,1,14.99,East
ORD-01771,2026-05-02,ST-017,SKU-AP-004,Wool Socks 3-pack,Apparel,1,3.49,East
ORD-00979,2026-04-03,ST-009,SKU-ST-003,Desk Organizer,Stationery,2,5.99,Central
ORD-04292,2026-07-31,ST-019,SKU-EL-005,Smartwatch Band,Electronics,1,7.99,West
ORD-04062,2026-07-22,ST-018,SKU-HM-005,Storage Basket Set,Home,2,6.99,East
ORD-01678,2026-04-28,ST-005,SKU-AP-005,Rain Jacket,Apparel,-2,18.99,West
ORD-04215,2026-07-27,ST-023,SKU-HM-002,LED Desk Lamp,Home,2,11.99,Central
ORD-00517,2026-03-18,ST-010,SKU-HM-003,Cotton Bedsheet Set,Home,4,14.99,South
ORD-04238,2026-07-28,ST-019,SKU-HM-005,Storage Basket Set,Home,1,6.99,East
ORD-01669,2026-04-28,ST-011,SKU-GR-003,Extra Virgin Olive Oil 1L,Grocery,2,8.99,Central
ORD-00694,2026-03-24,ST-006,SKU-HM-002,LED Desk Lamp,Home,5,11.99,Central
ORD-01707,2026-04-29,ST-003,SKU-HM-002,LED Desk Lamp,Home,4,11.99,Central
ORD-03373,2026-06-29,ST-005,SKU-BE-003,Shampoo 400ml,Beauty,5,3.49,East
ORD-01240,2026-04-13,ST-020,SKU-HM-001,Ceramic Mug Set,Home,2,5.99,Central
ORD-00151,2026-03-06,ST-018,SKU-ST-002,Gel Pen Pack of 10,Stationery,2,1.49,Central
ORD-02056,2026-05-12,ST-009,SKU-EL-005,Smartwatch Band,Electronics,1,7.99,East
ORD-02004,2026-05-10,ST-012,SKU-ST-004,Sticky Notes Set,Stationery,4,0.99,North
ORD-00973,2026-04-03,ST-002,SKU-AP-002,Running Shoes,Apparel,2,29.99,West
ORD-02693,2026-06-05,ST-010,SKU-TY-002,Building Blocks 100pc,Toys,3,12.99,West
ORD-03431,2026-07-01,ST-020,SKU-TY-001,Wooden Puzzle Set,Toys,3,7.99,West
ORD-03661,2026-07-09,ST-011,SKU-TY-002,Building Blocks 100pc,Toys,5,12.99,South
ORD-04038,2026-07-21,ST-004,SKU-GR-001,Organic Almonds 500g,Grocery,2,6.49,North
ORD-01630,2026-04-27,ST-010,SKU-HM-003,Cotton Bedsheet Set,Home,1,14.99,North
ORD-04579,2026-08-10,ST-024,SKU-BE-002,Sunscreen SPF 50,Beauty,5,5.49,North
ORD-00334,2026-03-12,ST-006,SKU-TY-005,Remote Control Car,Toys,2,16.99,East
ORD-04092,2026-07-23,ST-018,SKU-EL-003,Bluetooth Speaker,Electronics,1,24.99,North
ORD-03726,2026-07-11,ST-018,SKU-ST-002,Gel Pen Pack of 10,Stationery,3,1.49,East
ORD-04612,2026-08-11,ST-001,SKU-GR-004,Whole Wheat Pasta 1kg,Grocery,2,1.99,East
ORD-04410,2026-08-04,ST-021,SKU-ST-001,Notebook A5 Ruled,Stationery,1,1.29,West
ORD-01773,2026-05-02,ST-022,SKU-AP-002,Running Shoes,Apparel,1,29.99,North
ORD-00331,2026-03-12,ST-008,SKU-BE-004,Hand Cream 100ml,Beauty,-1,1.99,East
ORD-03425,2026-07-01,ST-023,SKU-ST-002,Gel Pen Pack of 10,Stationery,4,1.49,North
ORD-02426,2026-05-25,ST-011,SKU-AP-002,Running Shoes,Apparel,3,29.99,South
ORD-00954,2026-04-02,ST-003,SKU-HM-005,Storage Basket Set,Home,3,6.99,South
ORD-02047,2026-05-12,ST-015,SKU-TY-004,Board Game Family Pack,Toys,1,14.99,Central
ORD-04969,2026-08-23,ST-016,SKU-BE-004,Hand Cream 100ml,Beauty,2,1.99,South
ORD-03181,2026-06-22,ST-024,SKU-GR-003,Extra Virgin Olive Oil 1L,Grocery,1,8.99,North
ORD-03114,2026-06-20,ST-024,SKU-AP-003,Denim Jacket,Apparel,1,23.99,North
ORD-01838,2026-05-04,ST-011,SKU-EL-004,Power Bank 10000mAh,Electronics,2,12.99,West
ORD-04696,2026-08-14,ST-015,SKU-TY-001,Wooden Puzzle Set,Toys,5,7.99,West
ORD-00459,2026-03-16,ST-016,SKU-AP-003,Denim Jacket,Apparel,2,23.99,South
ORD-01239,2026-04-13,ST-023,SKU-AP-004,Wool Socks 3-pack,Apparel,4,3.49,North
ORD-02561,2026-05-31,ST-015,SKU-HM-004,Non-stick Pan 24cm,Home,3,9.99,North
ORD-02884,2026-06-12,ST-013,SKU-BE-001,Aloe Vera Gel 200ml,Beauty,2,2.49,Central
ORD-01231,2026-04-12,ST-013,SKU-EL-005,Smartwatch Band,Electronics,3,7.99,South
ORD-01676,2026-04-28,ST-005,SKU-TY-003,Plush Bear Medium,Toys,1,6.49,South
ORD-02931,2026-06-13,ST-015,SKU-HM-002,LED Desk Lamp,Home,1,11.99,North
ORD-03130,2026-06-20,ST-001,SKU-BE-004,Hand Cream 100ml,Beauty,1,1.99,South
ORD-02372,2026-05-24,ST-012,SKU-TY-003,Plush Bear Medium,Toys,1,6.49,South
ORD-03698,2026-07-11,ST-010,SKU-HM-004,Non-stick Pan 24cm,Home,1,9.99,East
ORD-00077,2026-03-03,ST-017,SKU-GR-005,Dark Chocolate Bar,Grocery,1,1.79,South
ORD-00428,2026-03-15,ST-001,SKU-TY-001,Wooden Puzzle Set,Toys,1,7.99,South
ORD-04281,2026-07-30,ST-023,SKU-AP-002,Running Shoes,Apparel,1,29.99,South
ORD-00584,2026-03-20,ST-021,SKU-GR-004,Whole Wheat Pasta 1kg,Grocery,1,1.99,Central
ORD-02812,2026-06-09,ST-016,SKU-GR-001,Organic Almonds 500g,Grocery,4,6.49,South
ORD-04591,2026-08-10,ST-022,SKU-TY-005,Remote Control Car,Toys,3,16.99,North
ORD-05003,2026-08-24,ST-006,SKU-TY-004,Board Game Family Pack,Toys,5,14.99,West
ORD-00896,2026-03-31,ST-013,SKU-ST-003,Desk Organizer,Stationery,1,5.99,West
ORD-01171,2026-04-10,ST-015,SKU-TY-001,Wooden Puzzle Set,Toys,1,7.99,West
ORD-02006,2026-05-10,ST-021,SKU-HM-004,Non-stick Pan 24cm,Home,4,9.99,East
ORD-02829,2026-06-10,ST-001,SKU-BE-001,Aloe Vera Gel 200ml,Beauty,2,2.49,West
ORD-01721,2026-04-30,ST-014,SKU-TY-004,Board Game Family Pack,Toys,1,14.99,East
ORD-04956,2026-08-23,ST-007,SKU-TY-002,Building Blocks 100pc,Toys,1,12.99,East
ORD-03664,2026-07-09,ST-015,SKU-BE-002,Sunscreen SPF 50,Beauty,2,5.49,North
ORD-02001,2026-05-10,ST-024,SKU-ST-002,Gel Pen Pack of 10,Stationery,2,1.49,South
ORD-04793,2026-08-17,ST-012,SKU-BE-001,Aloe Vera Gel 200ml,Beauty,3,2.49,South
ORD-02863,2026-06-11,ST-017,SKU-TY-005,,Toys,4,16.99,East
ORD-02351,2026-05-23,ST-016,SKU-AP-005,Rain Jacket,Apparel,2,18.99,North
ORD-02288,2026-05-21,ST-008,SKU-AP-001,Cotton T-Shirt,Apparel,2,4.99,South
ORD-04241,2026-07-28,ST-008,SKU-GR-002,Green Tea Box 25pk,Grocery,1,2.49,South
ORD-03240,2026-06-24,ST-013,SKU-ST-002,Gel Pen Pack of 10,Stationery,2,1.49,North
ORD-02470,2026-05-27,ST-002,SKU-BE-005,Lip Balm Pack of 3,Beauty,5,1.49,South
ORD-01819,2026-05-04,ST-021,SKU-EL-005,Smartwatch Band,Electronics,2,7.99,South
ORD-00589,2026-03-21,ST-020,SKU-ST-001,Notebook A5 Ruled,Stationery,2,1.29,West
ORD-03605,2026-07-07,ST-021,SKU-ST-001,Notebook A5 Ruled,Stationery,1,1.29,North
ORD-00050,2026-03-02,ST-007,SKU-GR-004,Whole Wheat Pasta 1kg,Grocery,2,1.99,East
ORD-03775,2026-07-13,ST-022,SKU-GR-002,Green Tea Box 25pk,Grocery,5,2.49,West
ORD-04569,2026-08-10,ST-016,SKU-GR-002,Green Tea Box 25pk,Grocery,-1,2.49,Central
ORD-04199,2026-07-27,ST-019,SKU-HM-001,Ceramic Mug Set,Home,2,5.99,Central
ORD-03911,2026-07-17,ST-007,SKU-TY-005,Remote Control Car,Toys,1,16.99,Central
ORD-01729,2026-04-30,ST-022,SKU-AP-003,Denim Jacket,Apparel,2,23.99,South
ORD-05032,2026-08-25,ST-012,SKU-EL-005,Smartwatch Band,Electronics,4,7.99,East
ORD-00146,2026-03-05,ST-010,SKU-BE-005,Lip Balm Pack of 3,Beauty,1,1.49,North
ORD-01003,2026-04-04,ST-009,SKU-GR-004,Whole Wheat Pasta 1kg,Grocery,4,1.99,South
ORD-01794,2026-05-03,ST-004,SKU-EL-004,Power Bank 10000mAh,Electronics,2,12.99,Central
ORD-00572,2026-03-20,ST-022,SKU-GR-005,Dark Chocolate Bar,Grocery,5,1.79,South
ORD-02448,2026-05-26,ST-002,SKU-GR-004,Whole Wheat Pasta 1kg,Grocery,1,1.99,North
ORD-01985,2026-05-09,ST-024,SKU-BE-002,Sunscreen SPF 50,Beauty,5,5.49,Central
ORD-00089,2026-03-03,ST-015,SKU-HM-004,Non-stick Pan 24cm,Home,2,9.99,West
ORD-01064,2026-04-06,ST-005,SKU-BE-003,Shampoo 400ml,Beauty,1,3.49,West
ORD-00071,2026-03-03,ST-003,SKU-HM-004,Non-stick Pan 24cm,Home,1,9.99,North
ORD-04760,2026-08-16,ST-020,SKU-AP-004,Wool Socks 3-pack,Apparel,1,3.49,West
ORD-02104,2026-05-14,ST-022,SKU-TY-002,Building Blocks 100pc,Toys,2,12.99,North
ORD-02632,2026-06-03,ST-008,SKU-HM-005,Storage Basket Set,Home,2,6.99,South
ORD-00224,2026-03-08,ST-009,SKU-BE-002,Sunscreen SPF 50,Beauty,3,5.49,Central
ORD-01814,2026-05-04,ST-024,SKU-EL-004,Power Bank 10000mAh,Electronics,2,12.99,East
ORD-04688,2026-08-14,ST-004,SKU-GR-003,Extra Virgin Olive Oil 1L,Grocery,5,8.99,East
ORD-00545,2026-03-19,ST-012,SKU-HM-004,Non-stick Pan 24cm,Home,1,9.99,South
ORD-02076,2026-05-13,ST-008,SKU-BE-001,Aloe Vera Gel 200ml,Beauty,-1,2.49,Central
ORD-03680,2026-07-10,ST-013,SKU-EL-005,Smartwatch Band,Electronics,2,7.99,North
ORD-02515,2026-05-29,ST-016,SKU-GR-003,Extra Virgin Olive Oil 1L,Grocery,4,8.99,North
ORD-00816,2026-03-29,ST-017,SKU-EL-003,Bluetooth Speaker,Electronics,2,24.99,North
ORD-00914,2026-04-01,ST-019,SKU-ST-001,Notebook A5 Ruled,Stationery,5,1.29,Central
ORD-02775,2026-06-08,ST-013,SKU-AP-004,Wool Socks 3-pack,Apparel,3,3.49,East
ORD-04126,2026-07-24,ST-014,SKU-BE-003,Shampoo 400ml,Beauty,1,3.49,Central
ORD-04674,2026-08-14,ST-019,SKU-TY-003,Plush Bear Medium,Toys,2,6.49,Central
ORD-03936,2026-07-18,ST-003,SKU-HM-004,Non-stick Pan 24cm,Home,4,9.99,South
ORD-03577,2026-07-06,ST-006,SKU-BE-004,Hand Cream 100ml,Beauty,5,1.99,East
ORD-04332,2026-08-01,ST-001,SKU-TY-005,Remote Control Car,Toys,2,16.99,East
ORD-01195,2026-04-11,ST-003,SKU-HM-002,LED Desk Lamp,Home,2,11.99,South
ORD-03549,2026-07-05,ST-023,SKU-ST-002,Gel Pen Pack of 10,Stationery,1,1.49,East
ORD-03562,2026/07/06,ST-004,SKU-GR-003,Extra Virgin Olive Oil 1L,Grocery,2,8.99,North
ORD-01112,2026-04-08,ST-019,SKU-GR-005,Dark Chocolate Bar,Grocery,2,1.79,South
ORD-04691,2026-08-14,ST-015,SKU-GR-002,Green Tea Box 25pk,Grocery,5,2.49,Central
ORD-01483,2026-04-22,ST-012,SKU-EL-004,Power Bank 10000mAh,Electronics,3,12.99,North
ORD-03960,2026-07-19,ST-012,SKU-AP-001,Cotton T-Shirt,Apparel,5,4.99,West
ORD-02519,2026-05-29,ST-013,SKU-EL-003,Bluetooth Speaker,Electronics,2,24.99,Central
ORD-03835,2026-07-15,ST-001,SKU-GR-003,Extra Virgin Olive Oil 1L,Grocery,1,8.99,South
ORD-03405,2026-06-30,ST-016,SKU-HM-002,LED Desk Lamp,Home,1,11.99,West
ORD-02424,2026-05-25,ST-018,SKU-EL-003,Bluetooth Speaker,Electronics,3,24.99,East
ORD-00928,2026-04-01,ST-003,SKU-TY-005,Remote Control Car,Toys,1,16.99,South
ORD-01257,2026-04-13,ST-021,SKU-HM-001,Ceramic Mug Set,Home,2,5.99,North
ORD-00012,2026-03-01,ST-020,SKU-AP-001,Cotton T-Shirt,Apparel,2,4.99,Central
ORD-02242,2026-05-19,ST-021,SKU-ST-004,Sticky Notes Set,Stationery,5,0.99,Central
ORD-02786,2026-06-08,ST-015,SKU-TY-001,Wooden Puzzle Set,Toys,1,7.99,Central
ORD-00747,2026-03-27,ST-022,SKU-AP-005,Rain Jacket,Apparel,1,18.99,West
ORD-02444,2026-05-26,ST-023,SKU-AP-003,Denim Jacket,Apparel,5,23.99,East
ORD-03072,2026-06-18,ST-001,SKU-GR-001,Organic Almonds 500g,Grocery,1,6.49,West
ORD-04745,2026-08-16,ST-002,SKU-GR-002,Green Tea Box 25pk,Grocery,1,2.49,North
ORD-04624,2026-08-11,ST-005,SKU-TY-002,Building Blocks 100pc,Toys,1,12.99,North
ORD-02787,2026-06-08,ST-007,SKU-EL-002,USB-C Charger 30W,Electronics,3,8.99,North
ORD-02074,2026-05-13,ST-004,SKU-HM-005,Storage Basket Set,Home,1,6.99,Central
ORD-04928,2026-08-22,ST-012,SKU-AP-004,Wool Socks 3-pack,Apparel,1,3.49,West
ORD-01176,2026-04-10,ST-005,SKU-GR-002,Green Tea Box 25pk,Grocery,1,2.49,East
ORD-03889,2026-07-17,ST-018,SKU-GR-003,Extra Virgin Olive Oil 1L,Grocery,5,8.99,East
ORD-03701,2026-07-11,ST-007,SKU-GR-001,Organic Almonds 500g,Grocery,4,6.49,East
ORD-00512,2026-03-18,ST-014,SKU-EL-004,Power Bank 10000mAh,Electronics,1,12.99,East
ORD-01117,2026-04-08,ST-013,SKU-HM-003,Cotton Bedsheet Set,Home,1,14.99,South
ORD-04777,2026-08-16,ST-007,SKU-ST-002,Gel Pen Pack of 10,Stationery,1,1.49,Central
ORD-00770,2026-03-27,ST-012,SKU-AP-002,Running Shoes,Apparel,3,29.99,West
ORD-00924,2026-04-01,ST-022,SKU-AP-005,Rain Jacket,Apparel,1,18.99,East
ORD-04402,2026-08-04,ST-003,SKU-AP-001,Cotton T-Shirt,Apparel,1,4.99,Central
ORD-01530,2026-04-23,ST-006,SKU-BE-001,Aloe Vera Gel 200ml,Beauty,5,2.49,East
ORD-01534,2026-04-24,ST-007,SKU-BE-003,Shampoo 400ml,Beauty,3,3.49,East
ORD-04645,2026-08-13,ST-018,SKU-EL-004,Power Bank 10000mAh,Electronics,2,12.99,North
ORD-04197,2026-07-27,ST-010,SKU-BE-001,Aloe Vera Gel 200ml,Beauty,5,2.49,Central
ORD-00669,2026-03-24,ST-018,SKU-TY-004,Board Game Family Pack,Toys,2,14.99,West
ORD-02124,2026-05-15,ST-012,SKU-HM-005,Storage Basket Set,Home,2,6.99,West
ORD-00831,2026-03-29,ST-021,SKU-BE-005,Lip Balm Pack of 3,Beauty,3,1.49,West
ORD-03996,2026-07-20,ST-024,SKU-HM-001,Ceramic Mug Set,Home,1,5.99,South
ORD-03413,2026-07-01,ST-024,SKU-EL-002,USB-C Charger 30W,Electronics,1,8.99,East
ORD-03643,2026-07-08,ST-019,SKU-GR-004,Whole Wheat Pasta 1kg,Grocery,3,1.99,South
ORD-01269,2026-04-14,ST-011,SKU-ST-002,Gel Pen Pack of 10,Stationery,1,1.49,West
ORD-04012,2026-07-20,ST-021,SKU-BE-005,Lip Balm Pack of 3,Beauty,1,1.49,North
ORD-01330,2026-04-16,ST-007,SKU-AP-001,Cotton T-Shirt,Apparel,2,4.99,Central
ORD-04597,2026-08-11,ST-007,SKU-HM-002,LED Desk Lamp,Home,1,11.99,West
ORD-01629,2026-04-27,ST-009,SKU-GR-004,Whole Wheat Pasta 1kg,Grocery,1,1.99,East
ORD-02733,2026-06-06,ST-013,SKU-EL-005,Smartwatch Band,Electronics,2,7.99,South
ORD-01500,2026-04-22,ST-003,SKU-AP-002,Running Shoes,Apparel,4,29.99,South
ORD-02010,2026-05-10,ST-014,SKU-GR-005,Dark Chocolate Bar,Grocery,1,1.79,West
ORD-01907,2026-05-07,ST-010,SKU-GR-005,Dark Chocolate Bar,Grocery,3,1.79,East
ORD-01736,2026-05-01,ST-009,SKU-GR-005,Dark Chocolate Bar,Grocery,3,1.79,East
ORD-02002,2026-05-10,ST-008,SKU-ST-004,Sticky Notes Set,Stationery,4,0.99,Central
ORD-05063,2026-08-26,ST-011,SKU-HM-003,Cotton Bedsheet Set,Home,1,14.99,West
ORD-01642,2026-04-27,ST-016,SKU-ST-004,Sticky Notes Set,Stationery,2,0.99,East
ORD-03214,2026-06-23,ST-019,SKU-EL-005,Smartwatch Band,Electronics,3,7.99,South
ORD-03422,2026-07-01,ST-016,SKU-EL-003,Bluetooth Speaker,Electronics,3,24.99,North
ORD-00612,2026-03-21,ST-012,SKU-AP-002,Running Shoes,Apparel,1,29.99,Central
ORD-01513,2026-04-23,ST-008,SKU-BE-001,Aloe Vera Gel 200ml,Beauty,1,2.49,Central
ORD-05074,2026-08-27,ST-016,SKU-GR-001,Organic Almonds 500g,Grocery,2,6.49,South
ORD-00913,2026-04-01,ST-004,SKU-ST-002,Gel Pen Pack of 10,Stationery,2,1.49,East
ORD-00252,2026-03-09,ST-001,SKU-BE-004,Hand Cream 100ml,Beauty,2,1.99,East
ORD-01084,2026-04-07,ST-016,SKU-HM-002,LED Desk Lamp,Home,4,11.99,Central
ORD-03586,2026-07-06,ST-002,SKU-AP-003,Denim Jacket,Apparel,1,23.99,West
ORD-01279,2026-04-14,ST-009,SKU-ST-003,Desk Organizer,Stationery,4,5.99,South
ORD-03713,2026-07-11,ST-024,SKU-HM-002,LED Desk Lamp,Home,5,11.99,West
ORD-03500,2026-07-04,ST-012,SKU-BE-001,Aloe Vera Gel 200ml,Beauty,2,2.49,South
ORD-00934,2026-04-01,ST-023,SKU-GR-002,Green Tea Box 25pk,Grocery,3,2.49,Central
ORD-03988,2026-07-20,ST-015,SKU-EL-001,Wireless Earbuds,Electronics,5,18.49,East
ORD-00843,2026-03-29,ST-005,SKU-AP-003,Denim Jacket,Apparel,4,23.99,North
ORD-00256,2026-03-09,ST-007,SKU-HM-003,Cotton Bedsheet Set,Home,2,14.99,West
ORD-02771,2026/06/08,ST-002,SKU-EL-003,Bluetooth Speaker,Electronics,3,24.99,South
ORD-02901,2026-06-12,ST-017,SKU-BE-001,Aloe Vera Gel 200ml,Beauty,3,2.49,West
ORD-03617,2026-07-08,ST-006,SKU-ST-001,Notebook A5 Ruled,Stationery,1,1.29,Central
ORD-04499,2026-08-07,ST-009,SKU-GR-003,Extra Virgin Olive Oil 1L,Grocery,1,8.99,West
ORD-00006,2026-03-01,ST-011,SKU-HM-005,Storage Basket Set,Home,1,6.99,North
ORD-01480,2026-04-22,ST-008,SKU-AP-003,Denim Jacket,Apparel,3,23.99,South
ORD-04895,2026-08-21,ST-020,SKU-EL-003,Bluetooth Speaker,Electronics,1,24.99,West
ORD-02864,2026-06-11,ST-023,SKU-AP-001,Cotton T-Shirt,Apparel,2,4.99,East
ORD-02043,2026-05-11,ST-015,SKU-EL-001,Wireless Earbuds,Electronics,3,18.49,West
ORD-01651,2026-04-28,ST-010,SKU-ST-003,Desk Organizer,Stationery,1,5.99,North
ORD-03644,2026-07-08,ST-015,SKU-TY-005,Remote Control Car,Toys,1,16.99,West
ORD-03679,2026-07-10,ST-010,SKU-TY-001,Wooden Puzzle Set,Toys,2,7.99,North
ORD-02333,2026-05-22,ST-014,SKU-BE-001,Aloe Vera Gel 200ml,Beauty,1,2.49,Central
ORD-00097,2026-03-04,ST-001,SKU-HM-002,LED Desk Lamp,Home,2,11.99,East
ORD-05026,2026-08-25,ST-014,SKU-ST-004,Sticky Notes Set,Stationery,1,0.99,Central
ORD-01021,2026-04-05,ST-011,SKU-GR-002,Green Tea Box 25pk,Grocery,2,2.49,North
ORD-03554,2026-07-05,ST-005,SKU-TY-003,Plush Bear Medium,Toys,,6.49,Central
ORD-00819,2026-03-29,ST-017,SKU-ST-004,Sticky Notes Set,Stationery,4,0.99,South
ORD-04561,2026-08-09,ST-019,SKU-GR-005,Dark Chocolate Bar,Grocery,2,1.79,East
ORD-03200,2026-06-23,ST-019,SKU-GR-002,Green Tea Box 25pk,Grocery,3,2.49,North
ORD-03803,2026-07-14,ST-009,SKU-BE-001,Aloe Vera Gel 200ml,Beauty,1,2.49,North
ORD-04287,2026-07-30,ST-004,SKU-ST-004,Sticky Notes Set,Stationery,5,0.99,West
ORD-03500,2026-07-04,ST-012,SKU-BE-001,Aloe Vera Gel 200ml,Beauty,3,2.49,South
ORD-04070,2026-07-22,ST-011,SKU-GR-004,Whole Wheat Pasta 1kg,Grocery,2,1.99,South
ORD-02083,2026-05-13,ST-008,SKU-GR-004,Whole Wheat Pasta 1kg,Grocery,5,1.99,North
ORD-04610,2026-08-11,ST-015,SKU-AP-003,Denim Jacket,Apparel,1,23.99,Central
ORD-00799,2026-03-28,ST-001,SKU-HM-005,Storage Basket Set,Home,4,6.99,South
ORD-03105,2026-06-19,ST-009,SKU-ST-001,Notebook A5 Ruled,Stationery,2,1.29,South
ORD-00007,2026-03-01,ST-023,SKU-AP-001,Cotton T-Shirt,Apparel,2,4.99,Central
ORD-01953,2026-05-08,ST-011,SKU-BE-005,Lip Balm Pack of 3,Beauty,2,1.49,South
ORD-00535,2026-03-19,ST-006,SKU-AP-002,Running Shoes,Apparel,2,29.99,North
ORD-02477,2026-05-27,ST-019,SKU-ST-004,Sticky Notes Set,Stationery,1,0.99,South
ORD-04778,2026-08-17,ST-021,SKU-GR-002,Green Tea Box 25pk,Grocery,1,2.49,East
ORD-02599,2026-06-02,ST-017,SKU-ST-001,Notebook A5 Ruled,Stationery,3,1.29,East
ORD-04532,2026-08-08,ST-005,SKU-HM-001,Ceramic Mug Set,Home,2,5.99,North
ORD-04812,2026-08-18,ST-018,SKU-HM-005,Storage Basket Set,Home,5,6.99,Central
ORD-04204,2026-07-27,ST-015,SKU-AP-002,Running Shoes,Apparel,1,29.99,North
ORD-04216,2026-07-27,ST-002,SKU-ST-002,Gel Pen Pack of 10,Stationery,1,1.49,South
ORD-01519,2026-04-23,ST-009,SKU-BE-003,Shampoo 400ml,Beauty,3,3.49,East
ORD-03558,2026-07-06,ST-006,SKU-HM-004,Non-stick Pan 24cm,Home,1,9.99,West
ORD-01248,2026-04-13,ST-008,SKU-AP-001,Cotton T-Shirt,Apparel,5,4.99,West
ORD-02521,2026-05-29,ST-003,SKU-TY-005,Remote Control Car,Toys,3,16.99,North
ORD-00448,2026-03-16,ST-016,SKU-EL-001,Wireless Earbuds,Electronics,1,18.49,East
ORD-03411,2026-07-01,ST-017,SKU-BE-004,Hand Cream 100ml,Beauty,1,1.99,East
ORD-00961,2026-04-02,ST-023,SKU-EL-003,Bluetooth Speaker,Electronics,2,24.99,East
ORD-03829,2026-07-15,ST-014,SKU-BE-003,Shampoo 400ml,Beauty,2,3.49,North
ORD-02079,2026-05-13,ST-018,SKU-HM-004,Non-stick Pan 24cm,Home,5,9.99,South
ORD-02096,2026-05-13,ST-009,SKU-AP-003,Denim Jacket,Apparel,3,23.99,East
ORD-03888,2026-07-16,ST-020,SKU-TY-004,Board Game Family Pack,Toys,4,14.99,West
ORD-02180,2026-05-17,ST-017,SKU-HM-004,Non-stick Pan 24cm,Home,1,9.99,Central
ORD-03534,2026-07-05,ST-014,SKU-BE-004,Hand Cream 100ml,Beauty,1,1.99,West
ORD-00308,2026-03-11,ST-018,SKU-TY-001,Wooden Puzzle Set,Toys,3,7.99,West
ORD-02223,2026-05-19,ST-012,SKU-EL-003,Bluetooth Speaker,Electronics,4,24.99,East
ORD-00425,2026-03-15,ST-011,SKU-HM-005,Storage Basket Set,Home,1,6.99,Central
ORD-00001,2026-03-01,ST-020,SKU-HM-004,Non-stick Pan 24cm,Home,1,9.99,West
ORD-04664,2026-08-13,ST-015,SKU-GR-003,Extra Virgin Olive Oil 1L,Grocery,1,8.99,Central
ORD-02887,2026-06-12,ST-014,SKU-BE-004,Hand Cream 100ml,Beauty,5,1.99,South
ORD-02618,2026-06-02,ST-009,SKU-EL-001,Wireless Earbuds,Electronics,2,18.49,North
ORD-02928,2026-06-13,ST-017,SKU-AP-004,Wool Socks 3-pack,Apparel,2,3.49,West
ORD-00182,2026-03-07,ST-009,SKU-HM-004,Non-stick Pan 24cm,Home,3,9.99,South
ORD-01429,2026-04-20,ST-024,SKU-ST-002,Gel Pen Pack of 10,Stationery,2,1.49,North
ORD-03579,2026-07-06,ST-004,SKU-TY-005,Remote Control Car,Toys,4,16.99,East
ORD-05023,2026-08-25,ST-023,SKU-BE-004,Hand Cream 100ml,Beauty,1,1.99,South
ORD-00138,2026-03-05,ST-016,SKU-GR-005,Dark Chocolate Bar,Grocery,4,1.79,North
ORD-03598,2026-07-07,ST-001,SKU-HM-005,Storage Basket Set,Home,5,6.99,Central
ORD-02992,2026-06-15,ST-001,SKU-EL-004,Power Bank 10000mAh,Electronics,2,12.99,North
ORD-00140,2026-03-05,ST-001,SKU-EL-004,Power Bank 10000mAh,Electronics,1,12.99,South
ORD-04766,2026-08-16,ST-023,SKU-TY-002,Building Blocks 100pc,Toys,1,12.99,East
ORD-04086,2026-07-23,ST-018,SKU-ST-002,Gel Pen Pack of 10,Stationery,1,1.49,North
ORD-02182,2026-05-17,ST-021,SKU-HM-005,Storage Basket Set,Home,2,6.99,East
ORD-03693,2026-07-11,ST-005,SKU-GR-005,Dark Chocolate Bar,Grocery,5,1.79,Central
ORD-00592,2026-03-21,ST-003,SKU-HM-005,Storage Basket Set,Home,3,6.99,South
ORD-02253,2026-05-20,ST-024,SKU-EL-002,USB-C Charger 30W,Electronics,3,8.99,South
ORD-04017,2026-07-20,ST-023,SKU-EL-003,Bluetooth Speaker,Electronics,4,24.99,North
ORD-00974,2026-04-03,ST-010,SKU-AP-001,Cotton T-Shirt,Apparel,4,4.99,West
ORD-02554,2026-05-31,ST-007,SKU-EL-003,Bluetooth Speaker,Electronics,4,24.99,North
ORD-00501,2026-03-18,ST-007,SKU-AP-002,Running Shoes,Apparel,2,29.99,South
ORD-01014,2026-04-04,ST-009,SKU-EL-005,Smartwatch Band,Electronics,3,7.99,North
ORD-03834,2026-07-15,ST-013,SKU-EL-002,USB-C Charger 30W,Electronics,4,8.99,East
ORD-04158,2026-07-25,ST-024,SKU-TY-002,Building Blocks 100pc,Toys,2,12.99,North
ORD-04234,2026-07-28,ST-002,SKU-TY-004,Board Game Family Pack,Toys,2,14.99,South
ORD-03048,2026-06-17,ST-010,SKU-BE-005,Lip Balm Pack of 3,Beauty,2,1.49,Central
ORD-03024,2026-06-17,ST-014,SKU-ST-004,Sticky Notes Set,Stationery,5,0.99,West
ORD-04603,2026-08-11,ST-014,SKU-AP-004,Wool Socks 3-pack,Apparel,1,3.49,West
ORD-01299,2026-04-15,ST-023,SKU-HM-001,Ceramic Mug Set,Home,3,5.99,North
ORD-03625,2026-07-08,ST-011,SKU-EL-004,Power Bank 10000mAh,Electronics,2,12.99,East
ORD-04702,2026-08-14,ST-001,SKU-HM-001,Ceramic Mug Set,Home,1,5.99,East
ORD-02314,2026-05-22,ST-009,SKU-BE-005,Lip Balm Pack of 3,Beauty,1,1.49,Central
ORD-03066,2026-06-18,ST-008,SKU-AP-001,Cotton T-Shirt,Apparel,5,,North
ORD-04267,2026-07-29,ST-017,SKU-AP-005,Rain Jacket,Apparel,1,18.99,West
ORD-02350,2026-05-23,ST-017,SKU-TY-001,Wooden Puzzle Set,Toys,1,7.99,East
ORD-04590,2026-08-10,ST-011,SKU-ST-001,Notebook A5 Ruled,Stationery,4,1.29,North
ORD-00250,2026-03-09,ST-024,SKU-BE-004,Hand Cream 100ml,Beauty,4,1.99,North
ORD-02317,2026-05-22,ST-021,SKU-TY-005,Remote Control Car,Toys,2,16.99,South
ORD-02140,2026-05-15,ST-024,SKU-GR-003,Extra Virgin Olive Oil 1L,Grocery,1,8.99,West
ORD-02343,2026-05-23,ST-005,SKU-BE-003,Shampoo 400ml,Beauty,1,3.49,North
ORD-00595,2026-03-21,ST-021,SKU-HM-001,Ceramic Mug Set,Home,1,5.99,South
ORD-01554,2026-04-24,ST-010,SKU-BE-003,Shampoo 400ml,Beauty,2,3.49,West
ORD-03299,2026-06-26,ST-008,SKU-ST-001,Notebook A5 Ruled,Stationery,2,1.29,Central
ORD-00463,2026-03-16,ST-021,SKU-EL-001,Wireless Earbuds,Electronics,1,18.49,East
ORD-04016,2026-07-20,ST-022,SKU-EL-001,Wireless Earbuds,Electronics,2,18.49,West
ORD-04160,2026-07-25,ST-008,SKU-BE-001,Aloe Vera Gel 200ml,Beauty,4,2.49,West
ORD-04150,2026-07-25,ST-017,SKU-BE-002,Sunscreen SPF 50,Beauty,4,5.49,South
ORD-00963,2026-04-03,ST-005,SKU-EL-004,Power Bank 10000mAh,Electronics,4,12.99,West
ORD-00326,2026-03-12,ST-017,SKU-EL-004,Power Bank 10000mAh,Electronics,3,12.99,East
ORD-03311,2026-06-27,ST-024,SKU-BE-005,Lip Balm Pack of 3,Beauty,4,1.49,East
ORD-03468,2026-07-03,ST-006,SKU-EL-002,USB-C Charger 30W,Electronics,2,8.99,Central
ORD-02669,2026-06-04,ST-003,SKU-GR-004,Whole Wheat Pasta 1kg,Grocery,5,1.99,North
ORD-02214,2026-05-18,ST-023,SKU-EL-004,Power Bank 10000mAh,Electronics,2,12.99,South
ORD-00434,2026-03-15,ST-011,SKU-EL-002,USB-C Charger 30W,Electronics,1,8.99,South
ORD-03298,2026-06-26,ST-008,SKU-BE-005,Lip Balm Pack of 3,Beauty,2,1.49,West
ORD-02794,2026-06-08,ST-015,SKU-TY-004,Board Game Family Pack,Toys,3,14.99,West
ORD-01349,2026-04-17,ST-013,SKU-EL-005,Smartwatch Band,Electronics,1,7.99,West
ORD-01115,2026-04-08,ST-019,SKU-TY-001,Wooden Puzzle Set,Toys,4,7.99,Central
ORD-00290,2026-03-10,ST-004,SKU-ST-003,Desk Organizer,Stationery,2,5.99,East
ORD-00920,2026-04-01,ST-015,SKU-BE-004,Hand Cream 100ml,Beauty,2,1.99,West
ORD-03783,2026-07-13,ST-010,SKU-AP-002,Running Shoes,Apparel,1,29.99,South
ORD-00665,2026-03-23,ST-017,SKU-BE-005,Lip Balm Pack of 3,Beauty,3,1.49,South
ORD-00380,2026-03-13,ST-022,SKU-TY-003,Plush Bear Medium,Toys,1,6.49,East
ORD-01868,2026-05-05,ST-001,SKU-GR-003,Extra Virgin Olive Oil 1L,Grocery,4,8.99,South
ORD-03663,2026-07-09,ST-012,SKU-EL-003,Bluetooth Speaker,Electronics,4,24.99,North
ORD-02895,2026-06-12,ST-010,SKU-AP-003,Denim Jacket,Apparel,4,23.99,West
ORD-03277,2026-06-25,ST-012,SKU-TY-004,Board Game Family Pack,Toys,2,14.99,North
ORD-00189,2026-03-07,ST-005,SKU-TY-002,Building Blocks 100pc,Toys,5,12.99,South
ORD-01830,2026-05-04,ST-006,SKU-HM-001,Ceramic Mug Set,Home,1,5.99,South
ORD-03916,2026-07-17,ST-004,SKU-ST-002,Gel Pen Pack of 10,Stationery,1,1.49,Central
ORD-04558,2026-08-09,ST-021,SKU-BE-002,Sunscreen SPF 50,Beauty,3,5.49,East
ORD-03929,2026-07-18,ST-002,SKU-BE-001,Aloe Vera Gel 200ml,Beauty,4,2.49,North
ORD-04024,2026-07-21,ST-024,SKU-EL-004,Power Bank 10000mAh,Electronics,4,12.99,East
ORD-03998,2026-07-20,ST-002,SKU-TY-002,Building Blocks 100pc,Toys,1,12.99,North
ORD-02434,2026-05-26,ST-001,SKU-AP-005,Rain Jacket,Apparel,1,18.99,North
ORD-00440,2026-03-15,ST-009,SKU-HM-001,Ceramic Mug Set,Home,5,5.99,West
ORD-00513,2026-03-18,ST-002,SKU-HM-001,Ceramic Mug Set,Home,2,5.99,West
ORD-04913,2026-08-21,ST-011,SKU-GR-002,Green Tea Box 25pk,Grocery,2,2.49,North
ORD-04465,2026-08-06,ST-007,SKU-AP-002,Running Shoes,Apparel,1,29.99,South
ORD-04309,2026-07-31,ST-021,SKU-HM-003,Cotton Bedsheet Set,Home,1,14.99,South
ORD-04413,2026-08-04,ST-016,SKU-BE-001,Aloe Vera Gel 200ml,Beauty,1,2.49,Central
ORD-04168,2026-07-25,ST-018,SKU-TY-002,Building Blocks 100pc,Toys,3,12.99,Central
ORD-03305,2026-06-26,ST-015,SKU-EL-004,Power Bank 10000mAh,Electronics,4,12.99,Central
ORD-00976,2026-04-03,ST-002,SKU-AP-001,Cotton T-Shirt,Apparel,2,4.99,East
ORD-03560,2026-07-06,ST-005,SKU-EL-004,Power Bank 10000mAh,Electronics,-3,12.99,West
ORD-03889,2026-07-17,ST-018,SKU-GR-003,Extra Virgin Olive Oil 1L,Grocery,2,8.99,East
ORD-01689,2026-04-29,ST-006,SKU-BE-003,Shampoo 400ml,Beauty,5,3.49,North
ORD-00528,2026-03-19,ST-006,SKU-AP-003,Denim Jacket,Apparel,3,23.99,North
ORD-02905,2026-06-12,ST-016,SKU-ST-001,Notebook A5 Ruled,Stationery,2,1.29,East
ORD-03848,2026-07-15,ST-015,SKU-BE-002,Sunscreen SPF 50,Beauty,1,5.49,Central
ORD-01614,2026-04-27,ST-008,SKU-AP-005,Rain Jacket,Apparel,2,18.99,East
ORD-03877,2026-07-16,ST-003,SKU-TY-003,Plush Bear Medium,Toys,4,6.49,South
ORD-01957,2026-05-08,ST-007,SKU-BE-002,Sunscreen SPF 50,Beauty,2,5.49,West
ORD-03304,2026-06-26,ST-019,SKU-AP-003,,Apparel,5,23.99,East
ORD-04046,2026-07-21,ST-003,SKU-AP-004,Wool Socks 3-pack,Apparel,1,3.49,South
ORD-02670,2026-06-04,ST-005,SKU-TY-004,Board Game Family Pack,Toys,1,14.99,North
ORD-04313,2026-07-31,ST-020,SKU-GR-001,Organic Almonds 500g,Grocery,4,6.49,Central
ORD-04534,2026-08-09,ST-016,SKU-EL-001,Wireless Earbuds,Electronics,4,18.49,North
ORD-03145,2026-06-21,ST-018,SKU-HM-003,Cotton Bedsheet Set,Home,-4,14.99,Central
ORD-03952,2026-07-19,ST-022,SKU-HM-003,Cotton Bedsheet Set,Home,5,14.99,Central
ORD-03093,2026-06-19,ST-022,SKU-EL-002,USB-C Charger 30W,Electronics,1,8.99,East
ORD-01738,2026-05-01,ST-012,SKU-EL-004,Power Bank 10000mAh,Electronics,2,12.99,North
ORD-02645,2026-06-03,ST-003,SKU-AP-005,Rain Jacket,Apparel,5,18.99,South
ORD-02789,2026-06-08,ST-010,SKU-GR-002,Green Tea Box 25pk,Grocery,1,2.49,East
ORD-01043,2026-04-05,ST-011,SKU-AP-003,Denim Jacket,Apparel,2,23.99,North
ORD-00887,2026-03-31,ST-010,SKU-HM-004,Non-stick Pan 24cm,Home,1,9.99,East
ORD-04723,2026-08-15,ST-023,SKU-AP-005,Rain Jacket,Apparel,1,18.99,Central
ORD-02953,2026-06-14,ST-018,SKU-AP-001,Cotton T-Shirt,Apparel,1,4.99,West
ORD-04959,2026-08-23,ST-023,SKU-TY-005,Remote Control Car,Toys,2,16.99,Central
ORD-03542,2026-07-05,ST-021,SKU-HM-004,Non-stick Pan 24cm,Home,4,9.99,Central
ORD-04903,2026-08-21,ST-008,SKU-TY-004,Board Game Family Pack,Toys,1,14.99,East
ORD-04254,2026-07-29,ST-012,SKU-EL-001,Wireless Earbuds,Electronics,2,18.49,South
ORD-04567,2026-08-10,ST-016,SKU-HM-003,Cotton Bedsheet Set,Home,1,14.99,North
ORD-02176,2026-05-17,ST-007,SKU-HM-002,LED Desk Lamp,Home,5,11.99,North
ORD-00785,2026-03-28,ST-016,SKU-TY-001,Wooden Puzzle Set,Toys,1,7.99,East
ORD-02279,2026-05-21,ST-018,SKU-HM-003,Cotton Bedsheet Set,Home,5,14.99,West
ORD-04953,2026-08-23,ST-021,SKU-GR-004,Whole Wheat Pasta 1kg,Grocery,1,1.99,Central
ORD-04943,2026-08-22,ST-002,SKU-AP-004,Wool Socks 3-pack,Apparel,2,3.49,North
ORD-03735,2026-07-12,ST-003,SKU-AP-001,Cotton T-Shirt,Apparel,2,4.99,East
ORD-04577,2026-08-10,ST-019,SKU-ST-001,Notebook A5 Ruled,Stationery,1,1.29,South
ORD-02061,2026-05-12,ST-017,SKU-HM-001,Ceramic Mug Set,Home,2,5.99,East
ORD-02676,2026-06-04,ST-018,SKU-BE-001,Aloe Vera Gel 200ml,Beauty,2,2.49,East
ORD-03788,2026-07-13,ST-008,SKU-GR-001,Organic Almonds 500g,Grocery,5,6.49,Central
ORD-00901,2026-03-31,ST-016,SKU-GR-001,Organic Almonds 500g,Grocery,4,6.49,East
ORD-01560,2026-04-25,ST-015,SKU-ST-003,Desk Organizer,Stationery,2,5.99,South
ORD-02816,2026-06-09,ST-008,SKU-EL-002,USB-C Charger 30W,Electronics,2,8.99,North
ORD-03545,2026-07-05,ST-004,SKU-GR-005,Dark Chocolate Bar,Grocery,1,1.79,East
ORD-03276,2026-06-25,ST-023,SKU-EL-004,Power Bank 10000mAh,Electronics,2,12.99,East
ORD-02748,2026-06-07,ST-002,SKU-ST-003,Desk Organizer,Stationery,2,5.99,West
ORD-00865,2026-03-30,ST-022,SKU-BE-002,Sunscreen SPF 50,Beauty,1,5.49,South
ORD-03191,2026-06-23,ST-016,SKU-ST-004,Sticky Notes Set,Stationery,1,0.99,South
ORD-02834,2026-06-10,ST-020,SKU-BE-003,Shampoo 400ml,Beauty,1,3.49,Central
ORD-04475,2026-08-07,ST-024,SKU-ST-003,Desk Organizer,Stationery,3,5.99,Central
ORD-04010,2026-07-20,ST-019,SKU-GR-005,Dark Chocolate Bar,Grocery,2,1.79,East
ORD-00076,2026-03-03,ST-009,SKU-AP-005,Rain Jacket,Apparel,5,18.99,West
ORD-00129,2026-03-05,ST-017,SKU-ST-002,Gel Pen Pack of 10,Stationery,5,1.49,East
ORD-01891,2026-05-06,ST-012,SKU-EL-005,Smartwatch Band,Electronics,4,7.99,North
ORD-04077,2026-07-23,ST-004,SKU-BE-001,Aloe Vera Gel 200ml,Beauty,5,2.49,North
ORD-01469,2026-04-21,ST-020,SKU-AP-004,Wool Socks 3-pack,Apparel,1,3.49,Central
ORD-01390,2026-04-18,ST-019,SKU-GR-004,,Grocery,2,1.99,South
ORD-00826,2026-03-29,ST-018,SKU-TY-001,Wooden Puzzle Set,Toys,1,7.99,South
ORD-01322,2026-04-16,ST-016,SKU-EL-004,Power Bank 10000mAh,Electronics,1,12.99,North
ORD-00736,2026-03-26,ST-003,SKU-AP-001,Cotton T-Shirt,Apparel,3,4.99,Central
ORD-00495,2026-03-18,ST-022,SKU-AP-003,Denim Jacket,Apparel,1,23.99,East
ORD-01809,2026-05-03,ST-004,SKU-EL-002,USB-C Charger 30W,Electronics,1,8.99,North
ORD-03254,2026-06-25,ST-012,SKU-GR-003,Extra Virgin Olive Oil 1L,Grocery,1,8.99,North
ORD-01051,2026-04-05,ST-006,SKU-ST-001,Notebook A5 Ruled,Stationery,5,1.29,South
